PLACE_NAME,PROJECT_NAME,Location_Type,Housing_Type,RB Division,Status,Owned,Managed,Developed,YARDI Property Code_2 ,YARDI Job Code_2,ADDRESS,Borough,Boro_code_2,BLOCK,BLOCK_mapping,LOT,BBL,BBL_mapping,BIN,TOTALUNITS,Total Unit PROJECT_2,OWNER_ENTITY,Ownership %_2,Housing_Services, Tax Credit_2 , Tax Credit Y/N , Section 8 Type , Section 8 Y/N , 610 Y/N , Our Role_2 ,Housing Type_2,Agency_2,Program Contact_2,Development Type aka Category_2,Systems Replaced_2,Construction Start Date_text,Construction Start Date_2,Construction Completion Date_text,Construction Completion Date_2,Permanent Loan Conversion Date_text,Permanent Loan Conversion Date_2,Dates of Management From_text,Dates of Management From _2,Dates of Management To_text,Dates of Management To _2,AMI/Populations served _2,Occupied or Vacant during construction _2, Total Construction Cost_Text , Total Construction Cost_PROJECT_2 , Total Development Cost_text , Total Development Cost_PROJECT_2 ,Acquisition date_text,Acquisition date _2,Construction Lender_2,Public or Private Perm Lender_2,Maturity Date,Partners_2,HUD FHA#_2,NYS Tax Credit BIN #_2,LIHTC Syndicator_2,BIN_properties,HPD/HDC Loan #,SHARS_properties,DEVEL DEAL TYPE_properties,GOVT PROGRAM_properties,Agency Contact_properties,TDC_properties,TAXCREDIT_properties,TC UNITS_properties,Lead Agency_properties,COMMENT_properties,YEARBUILT_properties,DATE ACQUIRED_properties,DATEMANAGED_properties,CONST COMPLETED DATE_properties,PERM CONVERSION DATE_properties,FAR_properties,MAXFAR_properties,BUILTFAR_properties,AVAILFAR_properties,BLDGSOWNED,BLDGSMNGED,BLDGS DEVD,BLDGSQFT_properties,ZONISQFT_properties,LOTSQFT_properties,,OTHRSQFT_properties,PARKING_properties,STORIES_properties,SUPUNITS_properties,TOTALUNITS_properties,UNITSOWNED_properties,UNITSMNGED_properties,UNITSSERVICED_properties,MNGEDONLY_properties,LIHTCUNITS_properties,PBVUNITS_properties,COMMSPACES_properties,4BR_properties,3BR_properties,2BR_properties,1BR_properties,0BR_properties,RBDEPTNUM_properties,REGISTRATION_properties,Commercial Unit,Address_commercial,Owner/Entity_commercial,Tenant's Name or Leasee_commercial,Lessee Type_commercial,% RB Ownership_commercial,Permitted Use_commercial,Actual Use_commercial,Comm SqFt Leased_commercial,Current Yardi    T-Code_commercial,Address_program,Division_program,Senior Center name_program,Senior Center director_program,Programs_program,AKA_program
1515-1530 Broadway,1515 Broadway,Pre-Dev Site,Supportive,Housing,Predevelopment,Not owned,Not managed,,1515broa,,"1515-1531 Broadway Brooklyn, NY 11221 ",Brooklyn,3,TBD,3387,TBD,TBD,3033870001,TBD,215,215,HPD,100%,Supportive - 15/15, TBD ,,,,, D/JV , RH , HPD , TBD , TBD , TBD ,TBD,,TBD,1/1/2030,TBD,,TBD,, TBD ,,TBD,TBD, TBD , TBD ,TBD, TBD ,TBD,,TBD,TBD,,TBD,,,TBD,,,,New Construction,,,,TBD,,,,,,,,,,,,,0,0,,,,18040,,,,,,215,0,0,,,,,,0,0,0,0,0,,,,1515-1530 Broadway,1515 Broadway,TBD,TBD,TBD,community,TBD,,,,,,,,
1601 Dekalb,1601 DeKalb,Residential,Supportive,Housing,Operational,Owned,Managed,Developed,1601dek,,"1601 Dekalb Avenue Brooklyn, NY 11237",Brooklyn,3,3237,3237,23,3032370023,3032370023,TBD,127,127,1601 Dekalb Avenue HDFC,14%,Supportive - 15/15, 4% LIHTC ,,,,, D/JV , RH , HPD , TBD , NC  , TBD ,12/21/2023,12/21/2023,5/12/2026,5/12/2026,,,12/21/2023,12/21/2023, present ,12/21/2023,"Multi-Family, Low to Moderate Income, NYC 15/15",Vacant," $ 55,424,894.00 "," $ 55,424,894.00 "," $ 74,990,825.00 "," $ 74,990,825.00 ",TBD,,TBD,TBD,,Camber,,,N/A,,,,New Construction,,,,HDC 4% LIHTC,,,,,,,,,,,,,1,1,1,,,,0,,,,1,127,127,127,,0,,,,0,18,24,52,33,,,,1601 DeKalb,1601 DeKalb,TBD,TBD,TBD,community,TBD,,,,,,,,
1919 Pacific,1919 Pacific,Residential,Multi-Family,Housing,Operational,Owned,Managed,Developed,1919,,1919 Pacific Street Brooklyn NY 11233,Brooklyn,3,1338,1338,53,3013380053,3013380053,3035590,2,2,Brooklyn-Queens Family Respite Inc.,100%,, None ,,,,, D , RH , N/A ,, MR , None ,7/17/2012,7/17/2012,7/17/2012,7/17/2012,,,7/17/2012,7/17/2012, present ,7/16/2026,Multi-Family: Extremely-Low to Low Income,,N/A,,N/A,,,,N/A,,,RB Only,,,N/A,3035590,,,Preservation Rehab,,,,None,,,,2009,7/1/2012,7/1/2012,,,,,,,1,1,1,1318,,,0,,0,2,0,2,2,2,,,,,0,0,0,2,0,0,,,,,,,,,,,,,,,,,,
326 Rockaway,326 Rockaway,Residential,Supportive,Housing,Operational,Owned,Managed,Developed,326rock,,"326 Rockaway Ave, Brooklyn, NY 11212",Brooklyn,3,3499,3499,25,3034990025,3034990025,TBD,216,216,326 Rockaway HDFC,51%,, 4% LIHTC  ,,,,, D/JV ," RH, CF ", HPD/HDC , TBD , NC , N/A ,2/2/2023,2/2/2023,8/2/2025,8/2/2025,7/2/2026,7/2/2026,2/2/2023,2/2/2023, TBD ,2/2/2023,"Extremely Low, ESSHI",Vacant," $ 84,118,926.00 "," $ 84,118,926.00 "," $ 145,915,910.00 "," $ 145,915,910.00 ",6/2/2021,6/2/2021,Goldman Sachs,Public,,Slate,,,Goldman Sachs,,,,New Construction,"HDC, HPD SHLP",,,HPD 4% LIHTC,,,,2025,,,,,,,,,1,1,1,,,,0,,,,1,216,216,216,0,0,,,,0,11,41,74,90,,,,326 Rockaway,326 Rockaway,TBD,TBD,TBD,community,TBD,10000,,"326 Rockaway, Brownsville Brooklyn",Supportive Services,,,326 Rockaway Supportive Housing Program,
326 Rockaway - Retail TBD,326 Rockaway,Commercial,non-housing,Housing,Non-Operational,Owned,Managed,,326rock,,"326 Rockaway Ave, Brooklyn, NY 11212",,,,3499,25,3034990025,3034990025,,0,,326 Rockaway HDFC,,,,,,,,,,,,,,,,,,,,,,,,,,,,,,,,,,,,,,,,,,,,,,,,,,,,,,,,,,,0,0,,,,,,,,,,,,,,,,,,0,0,0,0,0,,,1,326 Rockaway,326 Rockaway,Birthing Center,3rd Party,TBD,retail,Birthing Center,1600,,,,,,,
420 Stockholm,420 Stockholm,Residential,Multi-Family,Housing,Operational,Owned,Managed,Developed,420stock,,420 Stockholm Street Brooklyn 11237,Brooklyn,3,3261,3261,20,3032610020,3032610020,3074288,35,35,420 Stockholm Street Associates L.P.,100%,, Expired ,,,,, D , RH , HFA ,," MR, passive rehab ", All ,12/17/1998,12/17/1998,7/1/2000,7/1/2000,7/1/2000,7/1/2000,12/17/1998,12/17/1998, present ,7/16/2026,Multi-Family: Extremely-Low to Low Income,Vacant," $ 3,500,000.00 "," $ 3,500,000.00 "," $ 5,000,000.00 "," $ 5,000,000.00 ",12/17/1998,12/17/1998,N/A,HFA,,RB Only,,,SunAmerica,3074288,,1404,Preservation Rehab,HCR,,,Expired,,,Passive Rehab,1999,7/1/2000,7/1/2000,,,,,,,1,1,1,32765,,,0,,0,4,,35,35,35,,,,,0,0,0,18,17,0,145,305964,,,,,,,,,,,,,,,,
Fine Fare Supermarkets,50 Penn,Commercial,non-housing,Housing,Operational,Owned,Not managed,,,,"50 Pennsylvania Ave, Brooklyn NY 11207",Brooklyn,3,,3669,22,3036690022,3036690022,,0,,50 Penn Retail Owner LLC,,,,,,,,,,,,,,,,,,,,,,,,,,,,,,,,,,,,,,,,,,,,,,,,,,,,,,,,,,,0,0,,,,,,,,,,,,,,,,,,0,0,0,0,0,,,1,,50 Penn Retail Owner LLC,Fine Fare Supermarkets,3rd Party,15%,retail,Store - supermaket,,,"50 Pennsylvania Avenue, Brooklyn ",Supportive Services,,,,
50 Penn ,50 Penn,Residential,Multi-Family,Housing,Operational,Owned,Not managed,Developed,cypressh,,"50 Pennsylvania Ave, Brooklyn NY 11207",Brooklyn,3,3669,3669,22,3036690022,3036690022,3428706,218,218,50 Penn LLC ,15%,ESSHI, 4% LIHTC  ,,,,, D/JV , RH ," HPD,HDC   ",, NC , N/A ,4/1/2019,4/1/2019,4/1/2022,4/1/2022,1/1/2023,1/1/2023,4/1/2019,4/1/2019,2024,1/1/2024,,," $ 71,206,800.00 "," $ 71,206,800.00 "," $ 105,407,422.00 "," $ 105,407,422.00 ",4/1/2019,4/1/2019,Webster/Sterling,HPD/HDC,,Pennrose,,,Redstone,3428706,,,New Construction,"HDC, HPD ELLA",,,HDC 4% LIHTC,,,Supportive,2021,2/4/2019,2/4/2019,,,,,,,1,0,1,,,,0,,,,1,218,218,0,,,,,1,0,18,48,96,56,,,,50 Pennsylvania Avenue,,,,,,,,,,,,,Empire State Supportive Housing Initiative (ESSHI),
Pesach Tikvah 640 Family Center,640 Broadway,3rd Party Service Site,non-housing,Housing,Operational,Owned,Not managed,,,,"640 Broadway, Brooklyn, NY, 11206",,,,2270,10,3022700010,3022700010,,0,,640 Broadway HDFC,,,,,,,,,,,,,,,,,,,,,,,,,,,,,,,,,,,,,,,,,,,,,,,,,,,,,,,,,,,0,0,,,,,,,,,,,,,,,,,,0,0,0,0,0,,,1,,,Pesack Tikvah aka Hope Development Inc.,3rd Party,100%,community,Medical - Mental Health counseling,,,,,,,,
640 Broadway,640 Broadway,Residential,Multi-Family,Housing,Operational,Owned,Managed,Developed,640broad,,"640 Broadway, Brooklyn, NY, 11206",Brooklyn,3,2270,2270,10,3022700010,3022700010,3425062,7,7,640 Broadway HDFC,100%,, None ,,,,, JV , RH , HPD ,, NC ,  -   ,,,5/1/2017,5/1/2017,,,5/1/2017,5/1/2017,  -   ,,,,,,,,,,,,,UJO,,,N/A,3425062,,20086076,Not Developed By Us,"HCR, HTF",,,None,,,Acquisition,2015,1/4/2019,1/4/2019,,,,,,,1,1,1,,,,0,,0,,0,7,7,7,,,,,1,1,4,2,0,0,,,,640 Broadway ,640 Broadway HDFC,,,,,,,,,,,,,
857 Hart Street,857 Hart Street,Residential,Multi-Family,Housing,Operational,Owned,Managed,Developed,857hart,,857 Hart Street Brooklyn NY 11237,Brooklyn,3,3220,3220,44,3032200044,3032200044,3073238,6,6,857 Hart HDFC,100%,, None ,,,,, D , RH , HPD ,, SR , All ,8/19/2005,8/19/2005,3/26/2008,3/26/2008,N/A,,8/19/2005,8/19/2005, present ,7/16/2026,"Multi-Family: Temp Residents, Shelter Population",Vacant," $ 984,000.00 "," $ 984,000.00 "," $ 1,383,801.00 "," $ 1,383,801.00 ",8/19/2005,8/19/2005,HPD,HPD  ,,RB Only,,,N/A,3073238,,,Preservation Rehab,,,,None,,,Safe House,2006,3/26/2008,3/26/2008,,,,,,,1,1,1,5250,,2500,0,,,3,0,6,6,6,,,,,1,0,0,6,0,0,,,,,,,,,,,,,,,,,,
RiseBoro - Safe House,857 Hart Street,RB Service Site,non-housing,Housing,Operational,Owned,Managed,,857hart,,857 Hart Street Brooklyn NY 11237,,,,3220,44,3032200044,3032200044,,0,,857 Hart HDFC,,,,,,,,,,,,,,,,,,,,,,,,,,,,,,,,,,,,,,,,,,,,,,,,,,,,,,,,,,,0,0,,,,,,,,,,,,,,,,,,0,0,0,0,0,,,1,,,Safe House,,,,,,,,,,,,
924 Hart Street ,924 Hart Street,Residential,Multi-Family,Housing,Operational,Not owned,Managed,Developed,924hart,,924 Hart Street Brooklyn NY 11237,Brooklyn,3,3237,3237,18,3032370018,3032370018,3073643,6,6,924 Hart Street HDFC,0%,, None ,,,,, D , RH , N/A ,,,,,,5/4/1993,5/4/1993,,,5/4/1993,5/4/1993, present ,7/16/2026,,,,,,,,,,,,RB Only,,,N/A,3073643,,,Preservation Rehab,,,,None,,,,1998,6/1/1993,6/1/1993,,,,,,,0,1,1,5100,,,0,,,3,0,6,0,6,,6,,,0,0,0,6,0,0,,,,,,,,,,,,,,,,,,
Alafia A1-A2,Alafia A1-A2,Residential,Supportive,Housing,Construction,Owned,Not managed,,,,"935 Erskine Avenue, Brooklyn, NY, 11239",Brooklyn,3,4586,4586,300,TBD,3045860300,TBD,424,424,Alafia 2 Owner LLC,26%,15/15, 4% LIHTC ,,,,, D/JV , RH , HFA/HCR ,, NC  , N/A ,1/1/2025,1/1/2025,8/1/2027,8/1/2027,TBD,TBD,N/A,N/A, N/A ,N/A,"Homeless, Formerly Incarcerated, ESSHI, NYC 15/15",Vacant," $ 255,002,109.00 "," $ 255,002,109.00 "," $ 423,199,353.00 "," $ 423,199,353.00 ",12/20/2024,12/20/2024,"BofA, Merchants",Freddie TEL,,"SUS, Apex, L&M",,,Merchants,,,,New Construction,,,,TBD,,,,,,,,,,,,,2,0,,,,,,,,,,424,0,0,0,0,,,0,0,0,0,0,0,,,,Alafia Phase II (Buildings A1-A2 and B1),TBD,TBD,TBD,community,TBD,,,,,,,,,
Alafia B1,Alafia B1,Residential,Supportive,Housing,Construction,Owned,Not managed,,,,"882 Fountain Avenue, Brooklyn, NY, 11239",Brooklyn,3,4586,4586,300,TBD,3045860300,TBD,209,209,Alafia 2 Owner LLC,26%,15/15, 4% LIHTC ,,,,, D/JV , RH , HFA/HCR ,, NC  , N/A ,1/1/2025,1/1/2025,8/1/2027,8/1/2027,TBD,TBD,N/A,N/A, N/A ,N/A,"Multi-Family, Low to Moderate Income",Vacant," $ 255,002,109.00 "," $ 255,002,109.00 "," $ 423,199,353.00 "," $ 423,199,353.00 ",12/20/2024,12/20/2024," BofA, Merchants ",Freddie TEL,,"SUS, Apex, L&M",,,Merchants,,,,New Construction,,,,TBD,,,,,,,,,,,,,1,0,,,,,,,,,,209,0,0,0,0,,,0,0,0,0,0,0,,,,,,,,,,,,,,,,,,
Alafia C1-C2,Alafia C1-C2,Residential,Supportive,Housing,Operational,Owned,Not managed,Developed,,,"975 Erskine Avenue, Brooklyn, NY, 11239",Brooklyn,3,4586,4586,1601-1604,TBD,3045860495,TBD,452,452,VBK C1 Owner LLC,16%,15/15, TBD ,,,,, D/JV , RH , HFA/HCR ,, NC ,,6/1/2022,6/1/2022,1/1/2025,1/1/2025,TBD,TBD,N/A,, N/A ,,,Vacant," $ 161,524,000.00 "," $ 161,524,000.00 "," $ 274,557,372.00 "," $ 274,557,372.00 ",TBD,,TBD,TBD,,"SUS, Apex, L&M",,,Wells Fargo,,,,New Construction,,,,TBD,,,,,,,,,,,,,2,0,2,,,,0,,,,,452,452,0,0,0,,,0,0,0,0,0,0,,,,Alafia Phase I (Buildings C1-C2),TBD,TBD,TBD,community,TBD,,,,,,,,,
Alafia C3,Alafia C3,Residential,Supportive,Housing,Operational,Owned,Not managed,Developed,,,"20 Vital Avenue, Brooklyn, NY 11239",Brooklyn,3,4586,4586,"470, 520, 525",TBD,3045860470,TBD,124,124,C3 Owner LLC,16%,15/15, TBD ,,,,, D/JV , RH , HFA/HCR ,, NC , TBD ,8/1/2022,8/1/2022,2/1/2025,2/1/2025,TBD,TBD,N/A,, TBD ,,TBD,Vacant," $ 65,632,560.00 "," $ 65,632,560.00 "," $ 99,182,767.00 "," $ 99,182,767.00 ",TBD,,TBD,TBD,,"SUS, Apex, L&M",,,Wells Fargo,,,,New Construction,,,,TBD,,,,,,,,,,,,,1,0,1,,,,0,,,,,124,124,0,0,0,,,0,0,0,0,0,0,,,,Alafia Phase I (Buildings C3),TBD,TBD,TBD,community,TBD,,,,,,,,,
Alafia Future Sites,Alafia Future Sites,Residential,Supportive,Housing,Predevelopment,Owned,Not managed,,,,"TBD, Brooklyn, NY, 11239",Brooklyn,3,4586,4586,300,TBD,3045860300,TBD,606,606,C1 C2 Vital BK HDFC,16%,15/15, TBD ,,,,, D/JV , RH , HFA/HCR ,, NC  ,,,,TBD,1/1/2030,,,,,  -   ,,,,,,TBD, TBD ,,,,,,"SUS, Apex, L&M",,,,,,,New Construction,ESDC,,,TBD,,,,,,,,,,,,,0,0,,,,,,,,,,1439,0,0,0,0,,,0,0,0,0,0,0,,,,,,,,,,,,,,,,,,
Alafia P8,Alafia P8,Parking Lot,non-housing,Housing,Predevelopment,Owned,Not managed,,,,"TBD, Brooklyn, NY, 11239",,,,,,TBD,3045860510,,0,,VBK C1 Owner LLC,,,,,,,,,,,,,,,,,,,,,,,,,,,,,,,,,,,,,,,,,,,,,,TBD,,,,,,,,,,,,,0,0,,,,,,,,,,0,0,0,0,0,,,,0,0,0,0,0,,,,,,,,,,,,,,,,,,
Baisley Pond Park Residences,Baisley Pond (fka JFK Hilton),Residential,Supportive,Housing,Operational,Owned,Managed,Developed,Baisley,Baisley,"143-06 135th Ave, Jamaica, NY, 11436",Queens,4,12099,12099,30,4031209930,4031209930,TBD,318,318,RB 135th Ave HDFC,50%,Supportive - AHS, TBD ,,,,, D/JV ," RH, CF ", HPD/HDC , TBD , TBD , TBD ,12/14/2023,12/14/2023,7/22/2025,7/22/2025,TBD,TBD,7/22/2025,7/22/2025, TBD ,7/16/2026,Multi-Family: Extremely-Low to Low Income,TBD," $ 47,921,012.00 "," $ 47,921,012.00 "," $ 166,887,884.00 "," $ 166,887,884.00 ",TBD,,TBD,TBD,,Slate,,,TBD,,,,New Construction,Master Lease,,,None,,,Master Lease,2025,,,,,,,,,1,1,1,,,,0,,,,1,318,318,318,191,0,,,1,0,1,10,33,274,,,,"143-06 135th Ave, Queens, NY, 11436",RB 135th Avenue HDFC,TBD,RB Affiliate,TBD,community,Commercial Kitchen?,,,"143-06 135th Avenue, South Ozone Park",Supportive Services,,,Baisley Pond Park Residences,
Bethany Senior Terraces ,Bethany Senior Terraces,Residential,Senior,Housing,Operational,Owned,Managed,Developed,bethany,Bethany,610 East 40th Street Brooklyn NY 11203,Brooklyn,3,4973,4973,16,3049730016,3049730016,3112625,58,58,Bethany MH HDFC,100%,ESSHI, 9% LIHTC ,,,,, D , RH , HPD/HCR , TBD , NC  , N/A ,9/15/2022,9/15/2022,10/1/2024,10/1/2024,1/15/2025,1/15/2025,9/15/2022,9/15/2022, present ,7/16/2026,TBD,Vacant," $ 29,950,823.00 "," $ 29,950,823.00 "," $ 48,041,648.00 "," $ 48,041,648.00 ",Sep-19,9/1/2019,Webster,"HCR, HPD",,RB Only,,,NEF,3112625,,20210021,New Construction,HPD SARA,,,HCR 9% LIHTC,,,,2024,9/12/2018,9/12/2018,,,,1.28,,,1,1,1,39900,,,0,,,4,1,58,58,58,0,0,,,0,0,1,0,11,46,,,,"604 East 40th Street, Brooklyn",Bethany MH LLC,,,,,,,,,,,,,
Bethany Community Space,Bethany Senior Terraces,RB Service Site,non-housing,Housing,Operational,Owned,Managed,,,,610 East 40th Street Brooklyn NY 11203,,,,4973,16,3049730016,3049730016,,0,,Bethany MH HDFC,,,,,,,,,,,,,,,,,,,,,,,,,,,,,,,,,,,,,,,,,,,,,,,,,,,,,,,,,,,0,0,,,,,,,,,,,,,,,,,,0,0,0,0,0,,,1,,,Flex Community Space,no lease,100%,community,flex community space,,,,,,,,
Oko Farms (Bethany Aquaponics Greenhouse),Bethany Senior Terraces,Urban Farm,non-housing,Housing,Operational,Owned,Managed,,,,616 East 40th Street Brooklyn NY 11203,Brooklyn,3,4973,4973,16,3049730016,3049730016,,0,,Bethany MH HDFC,,,,,,,,,,,,,,,,,,,,,,,,,,,,,,,,,,,,,,,,,,,,,,,,,,,,,,,,,,,0,0,,,,,,,,,,,,,,,,,,0,0,0,0,0,,,1,,,,,,,,,,,,,,,
Bartlett Crossing,Broadway Triangle Site A1 - Bartlett Crossing,Residential,Multi-Family,Housing,Construction,Owned,Not managed,,BartCros,,"667 Flushing Ave, Brooklyn, NY 11206",Brooklyn,3,2272,2272,"49,51,52,53,108",TBD,3022720049,TBD,51,72,Bartlett Crossing HDFC,15%,, TBD ,,,,, D/JV , RH , HPD , TBD , NC  , N/A ,TBD,,TBD,1/1/2028,TBD,,TBD,, TBD ,,TBD,TBD, TBD , TBD ,TBD, TBD ,TBD,,TBD,TBD,,"St Nicks, Los Sures, UJO",,,TBD,,,,New Construction,,,,TBD,,,,,,,,,,,,,0,0,,,,,,,,,,51,0,0,0,0,,,,0,0,0,0,0,,,,667 Flushing,Bartlett Crossing Community LLC,TBD,3rd Party,15%,retail,TBD,,,,,,,,
Bartlett Crossing,Broadway Triangle Site A2 - Bartlett Crossing,Residential,Multi-Family,Housing,Construction,Owned,Not managed,,BartCros,,"31 Bartlett Street, Brooklyn, NY 11206",Brooklyn,3,2269,2269,52,TBD,3022690052,TBD,21,72,Bartlett Crossing HDFC,15%,, TBD ,,,,, D/JV , RH , HPD , TBD , NC  , N/A ,TBD,,TBD,1/1/2028,TBD,,TBD,, TBD ,,TBD,TBD, TBD , TBD ,TBD, TBD ,TBD,,TBD,TBD,,"St Nicks, Los Sures, UJO",,,TBD,,,,New Construction,,,,TBD,,,,,,,,,,,,,0,0,,,,,,,,,,28,0,0,0,0,,,,0,0,0,0,0,,,,,,,,,,,,,,,,,,
Broadway Commons,Broadway Triangle Site B - Broadway Commons,Pre-Dev Site,Multi-Family,Housing,Predevelopment,Not owned,Not managed,,BroadCom,,"35 Bartlett Street, Brooklyn, NY, 11206",Brooklyn,3,2269,2269,"14,16,17,18, 45, 47, 48, 49, 50",TBD,3022690050,TBD,89,89,Broadway Commons HDFC,15%,, TBD ,,,,, D/JV , RH , HPD , TBD , NC  , N/A ,TBD,,TBD,6/1/2029,TBD,,TBD,, TBD ,,TBD,TBD, TBD , TBD ,TBD, TBD ,TBD,,TBD,TBD,,"St Nicks, Los Sures, UJO",,,TBD,,,,New Construction,,,,TBD,,,,,,,,,,,,,0,0,,,,,,,,,,82,0,0,0,0,,,,0,0,0,0,0,,,,TBD,Broadway Δ Site B,TBD,no lease,15%,community,flex community space,,,,,,,,
Broadway Commons,Broadway Triangle Site B - Broadway Commons,Pre-Dev Site,Multi-Family,Housing,Predevelopment,Not owned,Not managed,,,,"74 Gerry Street, Brooklyn, NY, 11206",Brooklyn,3,2269,2269,"14,16,17,18, 45, 47, 48, 49, 50",TBD,3022690016,TBD,82,82,Broadway Commons HDFC,15%,, TBD ,,,,,, RH ,,, NC  ,,,,TBD,6/1/2029,,,,,  -   ,,,,,,TBD, TBD ,,,,,,"St Nicks, Los Sures, UJO",,,,,,,New Construction,,,,TBD,,,,,,,,,,,,,0,0,,,,,,,,,,89,0,0,0,0,,,,0,0,0,0,0,,,,,,,,,,,,,,,,,,
St. Nicks Alliance Workforce Development Center,Broadway Triangle Site C - Throop Corners,3rd Party Service Site,non-housing,Housing,Operational,Owned,Not managed,,,,92 Throop Avenue Brooklyn NY 11206,,,,,,,,,0,,Throop Corners HDFC,,,,,,,,,,,,,,,,,,,,,,,,,,,,,,,,,,,,,,,,,,,,,,,,,,,,,,,,,,,0,0,,,,,,,,,,,,,,,,,,0,0,0,0,0,,,1,,Throop Corners Community LLC,St. Nicks Workforce Development Center,3rd Party,35%,community,social services,,,,,,,,
Throop Corners,Broadway Triangle Site C - Throop Corners,Residential,Multi-Family,Housing,Operational,Owned,Not managed,Developed,triangle,Triangle,88 Throop Avenue Brooklyn NY 11206,Brooklyn,3,2269,2269,25,3022690025,3022690025,TBD,140,140,Throop Corners HDFC,35%,ESSHI - St Nicks Alliance, 4% LIHTC  ,,,,, D/JV , RH , HPD/HDC , TBD , NC  , N/A ,7/5/2022,7/5/2022,8/1/2024,8/1/2024,1/15/2025,1/15/2025,7/5/2022,7/5/2022, TBD ,,"Multi-Family: Extremely-Low to Moderate Income, Homeless Set-Aside",Vacant," $ 62,050,839.00 "," $ 62,050,839.00 "," $ 89,890,422.00 "," $ 89,890,422.00 ",7/5/2022,7/5/2022,TD Bank,"HDC, HPD",,"St Nicks, Los Sures, UJO",,,Enterprise,,,,New Construction,HPD ELLA,,,HPD 4% LIHTC,,,,,,,,,,,,,1,0,1,,,29999,0,,,,,140,140,0,0,0,,,1,18,19,15,61,27,,,,88 Throop Avenue,,,,,,,,,,,,,,
Bushwick Alliance,Bushwick Alliance,Residential,Multi-Family,Housing,Operational,Owned,Managed,Developed,272jeff,alliance,272 Jefferson Street Brooklyn NY 11237,Brooklyn,3,3175,3175,13,3031750013,3031750013,3326189,4,28,Bushwick Alliance HDFC,50%,, 9% LIHTC ,,,,, D/JV , RH , HPD , HPD NCP , NC  , N/A ,12/19/2023,12/19/2023,7/19/2026,7/19/2026,TBD,,11/21/2003,11/21/2003, present ,7/16/2026,TBD,Vacant," $ 16,152,483.00 "," $ 16,152,483.00 "," $ 25,394,904.00 "," $ 25,394,904.00 ",TBD ,,Webster Bank,HPD,,St. Nicks,,,NEF,3326189,,,Preservation Rehab,HPD NCP,,,HPD 9% LIHTC,,,,2026,1/15/2004,1/15/2004,,,,,,,1,1,1,,,,0,,0,4,,4,0,0,,,,,0,0,0,4,0,0,,,,,,,,,,,,,,,,,,
Bushwick Alliance,Bushwick Alliance,Residential,Multi-Family,Housing,Operational,Owned,Managed,Developed,332eld,alliance,332 Eldert Street Brooklyn NY 11237,Brooklyn,3,3419,3419,24,3034190024,3034190024,3079122,4,28,Bushwick Alliance HDFC,50%,, 9% LIHTC ,,,,, D/JV , RH , HPD , HPD NCP , NC  , N/A ,12/19/2023,12/19/2023,7/19/2026,7/19/2026,TBD,,11/21/2003,11/21/2003, present ,7/16/2026,TBD,Vacant," $ 16,152,483.00 "," $ 16,152,483.00 "," $ 25,394,904.00 "," $ 25,394,904.00 ",TBD ,,Webster Bank,HPD,,St. Nicks,,,NEF,3079122,,,New Construction,HPD NCP,,,HPD 9% LIHTC,,,,2026,7/1/2018,7/1/2018,,,,,,,1,1,1,,,,0,,0,3,,4,0,0,,,,,0,0,0,3,1,0,,,,,,,,,,,,,,,,,,
Bushwick Alliance,Bushwick Alliance,Residential,Multi-Family,Housing,Operational,Owned,Managed,Developed,63stock,alliance,63 Stockholm Street Brooklyn NY 11221,Brooklyn,3,3243,3243,65,3032430065,3032430065,3325516,20,28,Bushwick Alliance HDFC,50%,, 9% LIHTC ,,,,, D/JV , RH , HPD , HPD NCP , NC  , N/A ,12/19/2023,12/19/2023,7/19/2026,7/19/2026,TBD,,11/21/2003,11/21/2003, present ,7/16/2026,TBD,Vacant," $ 16,152,483.00 "," $ 16,152,483.00 "," $ 25,394,904.00 "," $ 25,394,904.00 ",TBD ,,Webster Bank,HPD,,St. Nicks,,,NEF,3325516,,,New Construction,HPD NCP,,,HPD 9% LIHTC,,,,2026,,,,,,,,,1,1,1,,,,0,,0,4,1,20,0,0,,,,,0,0,0,7,8,5,,,,,,,,,,,,,,,,,,
Bushwick Gardens,Bushwick Gardens CoOp,Residential,Co-Op,None,Operational,Not owned,Not managed,Developed,,,86 Beaver Street Brooklyn NY 11206,Brooklyn,3,3137,3137,1006,3031371006,3031371006,3000000,0,0,Bushwick Garden Apt Corp,0%,,,,,,,,,,,,,,,3/1/2006,3/1/2006,,,,,,,Co-Operative Homeownership,,,,,,,,,,,,,,,3393923,,,New Construction,,,,None,,,,2008,10/1/2008,10/1/2008,,,,,,,0,0,1,171000,,,0,,,8,0,0,0,0,,88,,,0,0,0,0,0,0,111,381679,,,88 units of co-op,,,,,,,,,,,,,
Bushwick Gardens - Not sure,Bushwick Gardens Retail,RB Service Site,non-housing,Housing,Operational,Owned,Not managed,,,,504 Bushwick Avenue Brooklyn NY 11206,Brooklyn,3,3137,3137,1005,3031371005,3031371005,3393923,0,0,Bushwick Gardens Retail LLC,100%,,,,,,,,,,,,,,,,,,,,,,,,,,,,,,,,,,,,,,,,,,,,,,,,,,,,,,,,,,0,0,,,,,,,,,,,,,,,,,,0,0,0,0,0,,,1,,,,,,,,,,,,,,,
RiseBoro - Wellness Rising & Food Pantry,Bushwick Gardens Retail,RB Service Site,non-housing,Health,Operational,Owned,Not managed,,bwgrdcom,,518 Bushwick Avenue Brooklyn NY 11206,Brooklyn,3,3137,3137,1002,3031371002,3031371002,3393923,0,0,Bushwick Gardens Retail LLC,100%,Wellness Rising, None ,,,,, D , Commercial , HDC ,, NC , All ,9/30/2005,9/30/2005,10/1/2008,10/1/2008,10/1/2008,10/1/2008,9/30/2005,9/30/2005, present ,7/16/2026,Commercial/CSF,Vacant," $ 17,182,586.00 "," $ 17,182,586.00 "," $ 25,324,277.00 "," $ 25,324,277.00 ",9/30/2005,9/30/2005,BofA,BofA,,RB Only,,,N/A,3393923,,,New Construction,,,,None,,,,,10/1/2008,10/1/2008,,,,,,,0,0,,,,,,,,,,0,0,0,,,,,1,0,0,0,0,0,,,1,518 Bushwick,Bushwick Gardens Retail LLC,RiseBoro - Wellness Rising,RB Affiliate,100%,community,social services,"5,000",,518 Bushwick,Empowerment,,,Food Pantry,
AHRC,Bushwick Gardens Retail,3rd Party Service Site,non-housing,Housing,Operational,Owned,Not managed,,bwgrdcom,,522 Bushwick Avenue Brookyn NY 11206,Brooklyn,3,3137,3137,1004,3031371004,3031371004,3393923,0,0,Bushwick Gardens Retail LLC,100%,, None ,,,,, D , Commercial , HDC ,, NC , All ,9/30/2005,9/30/2005,10/1/2008,10/1/2008,10/1/2008,10/1/2008,9/30/2005,9/30/2005, present ,7/16/2026,Commercial/CSF,Vacant," $ 17,182,586.00 "," $ 17,182,586.00 "," $ 25,324,277.00 "," $ 25,324,277.00 ",9/30/2005,9/30/2005,BofA,BofA,,RB Only,,,N/A,3393923,,,New Construction,,,,None,,,,,10/1/2008,10/1/2008,,,,,,,0,0,,,,,,,,,,0,0,0,,,,,1,0,0,0,0,0,,,1,522 Bushwick,Bushwick Gardens Retail LLC,AHRC (Special Ed School),3rd Party,100%,community,social services,"9,000",T0004091,,,,,,
Bushwick Gardens Parking Lot,Bushwick Gardens Retail,Parking Lot,non-housing,Housing,Operational,Owned,Not managed,,bwgrdcom,,68 Garden Street Brooklyn NY 11206,Brooklyn,3,3137,3137,1001,3031371001,3031371001,3393923,0,0,Bushwick Gardens Retail LLC,100%,, None ,,,,, D , Commercial , HDC ,, NC , All ,9/30/2005,9/30/2005,10/1/2008,10/1/2008,10/1/2008,10/1/2008,9/30/2005,9/30/2005, present ,7/16/2026,Commercial/CSF,Vacant," $ 17,182,586.00 "," $ 17,182,586.00 "," $ 25,324,277.00 "," $ 25,324,277.00 ",9/30/2005,9/30/2005,BofA,BofA,,RB Only,,,N/A,3393923,,,New Construction,,,,None,,,,2008,10/1/2008,10/1/2008,,,,,,,0,0,,,,,,,1,,,0,0,0,,,,,1,0,0,0,0,0,,,1,,,,,,,,,,,,,,,
RiseBoro - Empowerment Center,Bushwick Gardens Retail,RB Service Site,non-housing,Empowerment,Operational,Owned,Not managed,,bwgrdcom,,90 Beaver Street Brooklyn NY 11206,Brooklyn,3,3137,3137,1003,3031371003,3031371003,3000000,0,0,Bushwick Gardens Retail LLC,100%,, None ,,,,, D , Commercial , HDC ,, NC , All ,9/30/2005,9/30/2005,10/1/2008,10/1/2008,10/1/2008,10/1/2008,9/30/2005,9/30/2005, present ,7/16/2026,Commercial/CSF,Vacant," $ 17,182,586.00 "," $ 17,182,586.00 "," $ 25,324,277.00 "," $ 25,324,277.00 ",9/30/2005,9/30/2005,BofA,BofA,,RB Only,,,N/A,3000000,,,New Construction,,,,None,,,,2008,10/1/2008,10/1/2008,,,,,,,0,0,,,,,,,,,,0,0,0,,0,,,1,0,0,0,0,0,,,1,90 Beaver,Bushwick Gardens Retail LLC,RiseBoro - HomeBase ,RB Affiliate,100%,community,social services,"6,181",,"90 Beaver St, Brooklyn, NY 11206",Empowerment,,,"Bushwick Homebase; Home 4 Good; Steps From Home-Coney Island; Community Outreach; Economic Empowerment Programs; Financial Coaching; Level Up! Workforce Development; Works Plus; Our Food; Central Brooklyn Food Democracy Project; Advance Health Equity for Diabetes
 (ACED); Assistance Programs for Chronic Disease Prevention and Control 
(ACTion)",
Casa Pasiva,Casa Pasiva,Residential,Multi-Family,Housing,Operational,Owned,Managed,Developed,104casa,,104 Grove Street Brooklyn NY 11221      ,Brooklyn,3,3323,3323,11,3033230011,3033230011,3076081,23,146,Casa Pasiva HDFC,100%,NYSSHP, LIHTC ,,,,, D , RH ," HPD, HFA ",," MR, passive rehab ",  6 ,8/1/2019,8/1/2019,10/1/2022,10/1/2022,1/1/2024,1/1/2024,1/1/1989,1/1/1989, present ,7/16/2026,"Multi-Family: Extremely-Low to Low Income, Homeless Set-Aside",Occupied," $ 31,532,997.00 "," $ 31,532,997.00 "," $ 64,981,734.00 "," $ 64,981,734.00 ",,,Chase ,"HPD, HDC",,RB Only,,,Richman,3076081,,,Preservation Rehab,"HDC, HPD Yr-15",,,HDC 4% LIHTC,,,Passive Rehab,1988,3/20/1996,3/20/1996,,,,,,,1,1,1,19548,,,0,,,4,1,23,23,23,,,,,0,0,6,17,0,0,30,317085,,,,,,,,,,,,,,,,
Casa Pasiva,Casa Pasiva,Residential,Multi-Family,Housing,Operational,Owned,Managed,Developed,110casa,,110 Grove Street Brooklyn NY 11221,Brooklyn,3,3323,3323,14,3033230014,3033230014,3076082,23,146,Casa Pasiva HDFC,100%,NYSSHP, LIHTC ,,,,, D , RH ," HPD, HFA ",," MR, passive rehab ",  6 ,8/1/2019,8/1/2019,10/1/2022,10/1/2022,1/1/2024,1/1/2024,,, present ,7/16/2026,"Multi-Family: Extremely-Low to Low Income, Homeless Set-Aside",Occupied," $ 31,532,997.00 "," $ 31,532,997.00 "," $ 64,981,734.00 "," $ 64,981,734.00 ",,,Chase ,"HPD, HDC",,RB Only,,,Richman,3076082,,,Preservation Rehab,"HDC, HPD Yr-15",,,HDC 4% LIHTC,,,Passive Rehab,1988,3/20/1996,3/20/1996,,,,,,,1,1,1,19548,,,0,,,4,0,23,23,23,,,,,0,0,6,17,0,0,30,317086,,,,,,,,,,,,,,,,
Casa Pasiva,Casa Pasiva,Residential,Multi-Family,Housing,Operational,Owned,Managed,Developed,116casa,,116 Grove Street Brooklyn NY 11221,Brooklyn,3,3323,3323,17,3033230017,3033230017,3076083,16,146,Casa Pasiva HDFC,100%,, LIHTC ,,,,, D , RH ," HPD, HFA ",," MR, passive rehab ",  6 ,8/1/2019,8/1/2019,10/1/2022,10/1/2022,1/1/2024,1/1/2024,7/29/1993,7/29/1993, present ,7/16/2026,"Multi-Family: Extremely-Low to Low Income, Homeless Set-Aside",Occupied," $ 31,532,997.00 "," $ 31,532,997.00 "," $ 64,981,734.00 "," $ 64,981,734.00 ",,,Chase ,"HPD, HDC",,RB Only,,,Richman,3076083,,,Preservation Rehab,"HDC, HPD Yr-15",,,HDC 4% LIHTC,,,Passive Rehab,1993,3/20/1996,3/20/1996,,,,,,,1,1,1,14000,,,0,,,4,1,16,16,16,,,,,0,0,0,14,2,0,245,339367,,,,,,,,,,,,,,,,
Casa Pasiva,Casa Pasiva,Residential,Multi-Family,Housing,Operational,Owned,Managed,Developed,120casa,,120 Grove Street Brooklyn NY 11221,Brooklyn,3,3323,3323,17,3033230017,3033230017,3342269,16,146,Casa Pasiva HDFC,100%,, LIHTC ,,,,, D , RH ," HPD, HFA ",," MR, passive rehab ",  6 ,8/1/2019,8/1/2019,10/1/2022,10/1/2022,1/1/2024,1/1/2024,7/29/1993,7/29/1993, present ,7/16/2026,"Multi-Family: Extremely-Low to Low Income, Homeless Set-Aside",Occupied," $ 31,532,997.00 "," $ 31,532,997.00 "," $ 64,981,734.00 "," $ 64,981,734.00 ",,,Chase ,"HPD, HDC",,RB Only,,,Richman,3342269,,,Preservation Rehab,"HDC, HPD Yr-15",,,HDC 4% LIHTC,,,Passive Rehab,1993,3/20/1996,3/20/1996,,,,,,,1,1,1,14000,,,0,,,4,0,16,16,16,,,,,0,0,0,14,2,0,245,339368,,,,,,,,,,,,,,,,
Casa Pasiva,Casa Pasiva,Residential,Multi-Family,Housing,Operational,Owned,Managed,Developed,harmanca,,160 Harman Street Brooklyn NY 11221,Brooklyn,3,3286,3286,16,3032860017,3032860017,3342637,14,146,Casa Pasiva HDFC,100%,, LIHTC ,,,,, D , RH ," HPD, HFA ",," MR, passive rehab ",  6 ,8/1/2019,8/1/2019,10/1/2022,10/1/2022,1/1/2024,1/1/2024,4/18/1995,4/18/1995, present ,7/16/2026,"Multi-Family: Extremely-Low to Low Income, Homeless Set-Aside",Occupied," $ 31,532,997.00 "," $ 31,532,997.00 "," $ 64,981,734.00 "," $ 64,981,734.00 ",,,Chase ,"HPD, HDC",,RB Only,,,Richman,3342637,,,Preservation Rehab,"HDC, HPD Yr-15",,,HDC 4% LIHTC,,,Passive Rehab,1995,6/1/1995,6/1/1995,,,,,,,1,1,1,10000,,,0,,,4,1,14,14,14,,,,,0,0,0,14,0,0,33,377169,,,,,,,,,,,,,,,,
Casa Pasiva,Casa Pasiva,Residential,Multi-Family,Housing,Operational,Owned,Managed,Developed,harmanca,,173 Harman Street Brooklyn NY 11221,Brooklyn,3,3276,3276,41,3032760041,3032760041,3342259,14,146,Casa Pasiva HDFC,100%,, LIHTC ,,,,, D , RH ," HPD, HFA ",," MR, passive rehab ",  6 ,8/1/2019,8/1/2019,10/1/2022,10/1/2022,1/1/2024,1/1/2024,,, present ,7/16/2026,"Multi-Family: Extremely-Low to Low Income, Homeless Set-Aside",Occupied," $ 31,532,997.00 "," $ 31,532,997.00 "," $ 64,981,734.00 "," $ 64,981,734.00 ",,,Chase ,"HPD, HDC",,RB Only,,,Richman,3342259,,,Preservation Rehab,"HDC, HPD Yr-15",,,HDC 4% LIHTC,,,Passive Rehab,1995,6/1/1995,6/1/1995,,,,,,,1,1,1,10000,,,0,,,4,1,14,14,14,,,,,0,0,0,13,0,1,33,377170,,,,,,,,,,,,,,,,
Casa Pasiva,Casa Pasiva,Residential,Multi-Family,Housing,Operational,Owned,Managed,Developed,harmanca,,181 Harman Street Brooklyn NY 11221,Brooklyn,3,3276,3276,39,3032760039,3032760039,3342258,14,146,Casa Pasiva HDFC,100%,, LIHTC ,,,,, D , RH ," HPD, HFA ",," MR, passive rehab ",  6 ,8/1/2019,8/1/2019,10/1/2022,10/1/2022,1/1/2024,1/1/2024,,, present ,7/16/2026,"Multi-Family: Extremely-Low to Low Income, Homeless Set-Aside",Occupied," $ 31,532,997.00 "," $ 31,532,997.00 "," $ 64,981,734.00 "," $ 64,981,734.00 ",,,Chase ,"HPD, HDC",,RB Only,,,Richman,3342258,,,Preservation Rehab,"HDC, HPD Yr-15",,,HDC 4% LIHTC,,,Passive Rehab,1995,6/1/1995,6/1/1995,,,,,,,1,1,1,10000,,,0,,,4,1,14,14,14,,,,,0,0,0,13,0,1,33,377171,,,,,,,,,,,,,,,,
Casa Pasiva,Casa Pasiva,Residential,Multi-Family,Housing,Operational,Owned,Managed,Developed,75casa,,75 Linden Street Brooklyn NY 11221,Brooklyn,3,3322,3322,4137,3033220026,3033220026,3076072,12,146,Casa Pasiva HDFC,100%,, LIHTC ,,,,, D , RH ," HPD, HFA ",," MR, passive rehab ",  6 ,8/1/2019,8/1/2019,10/1/2022,10/1/2022,1/1/2024,1/1/2024,5/16/1995,5/16/1995, present ,7/16/2026,"Multi-Family: Extremely-Low to Low Income, Homeless Set-Aside",Occupied," $ 31,532,997.00 "," $ 31,532,997.00 "," $ 64,981,734.00 "," $ 64,981,734.00 ",,,Chase ,"HPD, HDC",,RB Only,,,Richman,3076072,,,Preservation Rehab,"HDC, HPD Yr-15",,,HDC 4% LIHTC,,,Passive Rehab,1993,2/1/1993,2/1/1993,,,,,,,1,1,1,14000,,,0,,,4,,12,12,12,,,,,0,0,3,5,4,0,,333757,,,,,,,,,,,,,,,,
Casa Pasiva,Casa Pasiva,Residential,Multi-Family,Housing,Operational,Owned,Managed,Developed,93casa,,93-95 Stockholm Street Brooklyn NY 11221,Brooklyn,3,3243,3243,48,3032430048,3032430048,3073774,14,146,Casa Pasiva HDFC,100%,, LIHTC ,,,,, D , RH ," HPD, HFA ",," MR, passive rehab ",  6 ,8/1/2019,8/1/2019,10/1/2022,10/1/2022,1/1/2024,1/1/2024,6/28/1996,6/28/1996, present ,7/16/2026,"Multi-Family: Extremely-Low to Low Income, Homeless Set-Aside",Occupied," $ 31,532,997.00 "," $ 31,532,997.00 "," $ 64,981,734.00 "," $ 64,981,734.00 ",,,Chase ,"HPD, HDC",,RB Only,,,Richman,3073774,,,Preservation Rehab,"HDC, HPD Yr-15",,,HDC 4% LIHTC,,,Passive Rehab,1995,6/20/1996,6/20/1996,,,,,,,1,1,1,14000,,,0,,,4,,14,14,14,,,,,0,0,0,8,6,0,66,336797,,,,,,,,,,,,,,,,
Coretta Scott King Apartments,Coretta Scott King,Residential,Senior,Housing,Operational,Owned,Managed,Developed,csk,,660 Jerome Street Brooklyn NY 11207,Brooklyn,3,4309,4309,1,3043090001,3043090001,3397178,51,51,Coretta Scott King HDFC,100%,HUD 202,  202 ,,,,, D , RH , HUD   ,, NC ,,12/13/2015,12/13/2015,9/15/2015,9/15/2015,3/1/2017,3/1/2017,12/13/2015,12/13/2015, present ,7/16/2026,HUD 202 Seniors,Vacant," $ 6,065,000.00 "," $ 6,065,000.00 "," $ 12,669,400.00 "," $ 12,669,400.00 ",12/13/2015,12/13/2015,HUD,HUD,,RB Only,012-EE356,,N/A,3397178,,,New Construction,HUD 202,,,HUD 202,,,,2015,7/14/2015,7/14/2015,,,,,,,1,1,1,,,,0,,,4,1,51,51,51,,,,,0,0,0,1,46,4,348,386267,,,,,,,,,,,,,,,,
BEACON,Education,RB Service Site,non-housing,Education,Operational,Not owned,Not managed,,,,"125 Covert Street, Brooklyn NY 11207",,,,,,,3034160001,3079027,0,,,,,,,,,,,,,,,,,,,,,,,,,,,,,,,,,,,,,,,,,,,,,,,,,,,,,,,,,,,,,0,0,,,,,,,,,,,,,,,,,,0,0,0,0,0,,,,,,,,,,,,,"125 Covert Street, Brooklyn NY 11207",Education,,,BEACON,
COMPASS at P.S. 86,Education,RB Service Site,non-housing,Education,Operational,Not owned,Not managed,,,,"220 Irving Avenue, Brooklyn NY 11237",,,,,,,3032890027,3075109,0,,,,,,,,,,,,,,,,,,,,,,,,,,,,,,,,,,,,,,,,,,,,,,,,,,,,,,,,,,,,,0,0,,,,,,,,,,,,,,,,,,0,0,0,0,0,,,,,,,,,,,,,"220 Irving Avenue, Brooklyn NY 11237",Education,,,COMPASS at P.S. 86,
35 Starr Street,Education,RB Service Site,non-housing,Education,Operational,Not owned,Not managed,,,,"35 Starr Street, Brooklyn NY 11221",,,,,,,3031850001,3072497,0,,,,,,,,,,,,,,,,,,,,,,,,,,,,,,,,,,,,,,,,,,,,,,,,,,,,,,,,,,,,,0,0,,,,,,,,,,,,,,,,,,0,0,0,0,0,,,,,,,,,,,,,"35 Starr Street, Brooklyn NY 11221",Education,,,,
Health Advocacy Partner Program (HAPP),Empowerment,RB Service Site,non-housing,Empowerment,Operational,Not owned,Not managed,,,,630 Flushing Ave,,,,,,,3017200001,3329628,0,,,,,,,,,,,,,,,,,,,,,,,,,,,,,,,,,,,,,,,,,,,,,,,,,,,,,,,,,,,,,0,0,,,,,,,,,,,,,,,,,,0,0,0,0,0,,,,,,,,,,,,,630 Flushing Ave,Empowerment,,,"Health Advocacy Partner Program 
(HAPP)",
Esperanza TPT,Esperanza TPT,Residential,Multi-Family,Housing,Operational,Owned,Managed,Developed,esper1,,161 Bleecker Street Brooklyn NY 11221,Brooklyn,3,3297,3297,40,3032970040,3032970040,3074766,6,11,Esperanza TPT HDFC,100%,, HOME ,,,,, D , RH , HPD ,, SR , All ,7/27/2006,7/27/2006,1/9/2009,1/9/2009,11/1/2010,11/1/2010,7/27/2006,7/27/2006, present ,7/16/2026,Multi-Family: Low to Moderate Income,Vacant," $ 1,309,863.00 "," $ 1,309,863.00 "," $ 1,868,664.00 "," $ 1,868,664.00 ",7/27/2006,7/27/2006,BPD Bank,CPC,,RB Only,,,N/A,3074766,,,Preservation Rehab,,,,HOME,,,,2008,1/20/2004,1/20/2004,,,,,,,1,1,1,4500,,,0,,,3,,6,6,6,,,,,0,0,0,0,6,0,267,359404,,,,,,,,,,,,,,,,
Esperanza TPT,Esperanza TPT,Residential,Multi-Family,Housing,Operational,Owned,Managed,Developed,esper1,,24 St Nicholas Avenue Brooklyn NY 11237,Brooklyn,3,3189,3189,20,3031890020,3031890020,3072616,5,11,Esperanza TPT HDFC,100%,, HOME ,,,,, D , RH , HPD ,, SR , All ,7/27/2006,7/27/2006,1/9/2009,1/9/2009,11/1/2010,11/1/2010,7/27/2006,7/27/2006, present ,7/16/2026,Multi-Family: Low to Moderate Income,Vacant," $ 1,309,863.00 "," $ 1,309,863.00 "," $ 1,868,664.00 "," $ 1,868,664.00 ",7/27/2006,7/27/2006,BPD Bank,CPC,,RB Only,,,N/A,3072616,,,Preservation Rehab,,,,HOME,,,,2010,1/16/2004,1/16/2004,,,,,,,1,1,1,4875,,,0,,,3,,5,5,5,,,,,1,0,0,4,1,0,267,361147,,,,,,,,,,,,,,,,
"La Boca Wine Bar, LLC. DBA Idlewild",Esperanza TPT,Commercial,non-housing,Housing,Operational,Owned,Managed,,,,24 St Nicholas Avenue Brookly NY 11237,,,,3189,20,3031890020,3031890020,,0,,Esperanza TPT HDFC,,,,,,,,,,,,,,,,,,,,,,,,,,,,,,,,,,,,,,,,,,,,,,,,,,,,,,,,,,,0,0,,,,,,,,,,,,,,,,,,0,0,0,0,0,,,1,24 St. Nicholas Avenue,Esperanza TPT HDFC,"La Boca Wine Bar, LLC. DBA Idlewild",3rd Party,100%,retail,restaurant - Wine Bar,585,t0004881,,,,,,
Billboard Wall,Esperanza TPT,Billboard Wall,non-housing,Housing,Operational,Owned,Managed,,,,24 St. Nicholas Avenue,,,,3189,20,3031890020,3031890020,,0,,Esperanza TPT HDFC,,,,,,,,,,,,,,,,,,,,,,,,,,,,,,,,,,,,,,,,,,,,,,,,,,,,,,,,,,,0,0,,,,,,,,,,,,,,,,,,0,0,0,0,0,,,0,24 St. Nicholas Avenue,Esperanza TPT HDFC,Vacant - Adv Industry aware of space availability,3rd Party,100%,Wall,Wall - Advertising,WALL,T0003356,,,,,,
Family Enrichment Center,Family Enrichment Center,RB Service Site,non-housing,Empowerment,Operational,Not owned,Not managed,,,,"1432 Pitkin Avenue, Brooklyn NY 11207",,,,,,,3014770038,3039605,0,,,,,,,,,,,,,,,,,,,,,,,,,,,,,,,,,,,,,,,,,,,,,,,,,,,,,,,,,,,,,0,0,,,,,,,,,,,,,,,,,,0,0,0,0,0,,,,,,,,,,,,,"1432 Pitkin Avenue, Brooklyn NY 11207",Education,,,Family Enrichment Center,
Hope Ballfield,Farmer's Market Site,Farmer's Market,non-housing,Health,Operational,Not owned,Not managed,,,,Hope Ballfield,,,,,,,3033160023,,0,,,,,,,,,,,,,,,,,,,,,,,,,,,,,,,,,,,,,,,,,,,,,,,,,,,,,,,,,,,,,0,0,,,,,,,,,,,,,,,,,,0,0,0,0,0,,,,,,,,,,,,,Hope Ballfield,Empowerment,,,Farmers Market,
Irving Square Park,Farmer's Market Site,Farmer's Market,non-housing,Health,Operational,Not owned,Not managed,,,,Irving Square Park,,,,,,,3034050001,,0,,,,,,,,,,,,,,,,,,,,,,,,,,,,,,,,,,,,,,,,,,,,,,,,,,,,,,,,,,,,,0,0,,,,,,,,,,,,,,,,,,0,0,0,0,0,,,,,,,,,,,,,Irving Square Park,Empowerment,,,Farmers Market,
Maria Hernandez Park,Farmer's Market Site,Farmer's Market,non-housing,Health,Operational,Not owned,Not managed,,,,Maria Hernandez Park,,,,,,,3032030001,,0,,,,,,,,,,,,,,,,,,,,,,,,,,,,,,,,,,,,,,,,,,,,,,,,,,,,,,,,,,,,,0,0,,,,,,,,,,,,,,,,,,0,0,0,0,0,,,,,,,,,,,,,Maria Hernandez Park,Empowerment,,,Farmers Market,
Gates Gardens ,Gates Gardens,Residential,Senior,Housing,Operational,Owned,Managed,Developed,gtsgrd2,,1349 Gates Avenue Brooklyn NY 11221,Brooklyn,3,3333,3333,33,3033330033,3033330033,3391218,62,62,Gates Gardens HDFC,100%,HUD 202,  202 ,,,,, D , RH , HUD   ,, NC , All ,,,1/1/2012,1/1/2012,,,6/1/2005,6/1/2005, present ,7/16/2026,HUD 202 Seniors,Vacant," $ 14,674,000.00 "," $ 14,674,000.00 ","  $13,500,000 ","  $13,500,000 ",,,HUD,HUD  ,,RB Only,012-EE312,,N/A,3391218,,,New Construction,HUD 202,,,HUD 202,,,,2005,4/1/2006,4/1/2006,,,,,,,1,1,1,54450,,,0,,,6,1,62,62,62,,,,,0,0,0,1,61,0,161,381809,,,,,,,,,,,"1349 Gates Avenue, Brooklyn NY 11221",Supportive Services,,,Supportive Senior Services 202 Buildings ,Gates Gardens Senior Housing
Gates Plaza ,Gates Plaza,Residential,Senior,Housing,Operational,Owned,Managed,Developed,gtsplaza,,1245 Gates Avenue Brooklyn NY 11237,Brooklyn,3,3332,3332,47,3033320047,3033320047,3393762,83,83,Gates Plaza HDFC,100%,HUD 202,  202 ,,,,, D , RH , HUD   ,, NC , All ,11/1/2006,11/1/2006,11/8/2008,11/8/2008,9/29/2010,9/29/2010,11/1/2006,11/1/2006, present ,7/16/2026,HUD 202 Seniors,Vacant," $ 10,707,252.00 "," $ 10,707,252.00 "," $ 11,227,548.00 "," $ 11,227,548.00 ",11/1/2006,11/1/2006,HUD,HUD  ,,RB Only, 012-EE329,,N/A,3393762,,,New Construction,HUD 202,,,HUD 202,,,,2009,11/8/2008,11/8/2008,,,,,,,1,1,1,64240,,,0,,,6,1,83,83,83,,,,,0,0,0,1,82,0,114,383453,,,,,,,,,,,"1245 Gates Avenue, Brooklyn NY 11221",Supportive Services,,,Supportive Senior Services 202 Buildings ,Gates Plaza Senior Housing
Goodwin-Himrod (aka Carmen Vasquez Senior Housing),Goodwin Himrod,Residential,Senior,Housing,Operational,Owned,Managed,Developed,goodhim,,143 Himrod Street Brooklyn NY 11221,Brooklyn,3,3266,3266,45,3032660045,3032660045,3393892,60,160,"Goodwin Himrod Senior HDFC, Inc.",100%,HUD 202,  202 ,,,,, D , RH , HUD   ,, NC , All ,8/1/1990,8/1/1990,8/1/1992,8/1/1992,8/1/1992,8/1/1992,8/1/1990,8/1/1990, present ,7/16/2026,HUD 202 Seniors,Occupied*," $ 8,068,400.00 "," $ 8,068,400.00 "," $ 8,770,000.00 "," $ 8,770,000.00 ",8/1/1990,8/1/1990,HUD,HUD/HFA/Richman,,RB Only,012-EH-599,,Richman,3393892,,1925,New Construction,"HCR, HUD 202",,,HUD 202 + 4% Bonds,,,,1992,8/1/1992,8/1/1992,,,,,,,1,1,1,45497,,,0,7611,,5,1,60,60,60,,,,,0,0,0,1,44,15,34,377190,,,,,,,,,,,"143 Himrod Street, Brooklyn NY 11221",Supportive Services,,,Supportive Senior Services 202 Buildings ,Carmen Vasquez Senior Housing
Goodwin-Himrod (aka Goodwin Place for the Elderly),Goodwin Himrod,Residential,Senior,Housing,Operational,Owned,Managed,Developed,goodhim,,55 Goodwin Place Brooklyn NY 11221,Brooklyn,3,3294,3294,42,3032940042,3032940042,3319576,100,160,"Goodwin Himrod Senior HDFC, Inc.",100%,HUD 202,  202 ,,,,, D , RH , HUD   ,, NC , All ,8/1/1990,8/1/1990,8/1/1992,8/1/1992,8/1/1992,8/1/1992,8/1/1990,8/1/1990, present ,7/16/2026,HUD 202 Seniors,Occupied*," $ 8,068,400.00 "," $ 8,068,400.00 "," $ 8,770,000.00 "," $ 8,770,000.00 ",8/1/1990,8/1/1990,HUD,HUD/HFA/Richman,,RB Only,012-EH-642,,Richman,3319576,,1925,New Construction,HUD 202,,,HUD 202 + 4% Bonds,,,,1994,2/1/1991,2/1/1991,,,,,,,1,1,1,74625,,,0,,,7,1,100,100,100,,,,,0,0,0,1,74,25,32,377191,,,,,,,,,,,"55 Goodwin Place, Brooklyn NY 11221",Supportive Services,,,Supportive Senior Services 202 Buildings ,Goodwin Place Housing for the Elderly
Goodwin-Himrod Parking Lot,Goodwin Himrod,Parking Lot,non-housing,Housing,Operational,Owned,Managed,,,,159 Himrod Street Brooklyn NY 11221,Brooklyn,3,3266,3266,45,3032660045,3032660045,,0,,"Goodwin Himrod Senior HDFC, Inc.",,,,,,,,,,,,,,,,,,,,,,,,,,,,,,,,,,,,,,,3000000,,1925,New Construction,"HCR, HUD 202",,,,,,,1992,8/1/1992,8/1/1992,,,,3.9,0,3.9,0,0,,0,,4820,,,14,0,0,0,0,0,,,,,0,0,0,0,0,0,,,0,,,,,,,,,,,,,,,
Goodwin-Himrod (aka Goodwin Place for the Elderly),Goodwin Himrod,Parking Lot,non-housing,Housing,Operational,Owned,Managed,,,,55 Goodwin Place Brooklyn NY 11221,Brooklyn,3,3294,3294,42,3032940042,3031510209,,0,0,"Goodwin Himrod Senior HDFC, Inc.",,,,,,,,,,,,,,,,,,,,,,,,,,,,,,,,,,,,,,,3000000,,,New Construction,,,,,,,,1994,2/1/1991,2/1/1991,,,,3.9,2.78,1.12,0,0,,0,,5800,,,23,0,0,0,0,0,,,,,0,0,0,0,0,0,,,,,,,,,,,,,,,,,,
Gotham Point,Gotham Point,Residential,Multi-Family,Housing,Operational,Owned,Not managed,Developed,southp,,"1-20 56th Avenue and 1-15 57th Avenue Long Island City, Queens, NY, 11101",Queens,4,6,6,30,4000060080,4000060080,"4541370, 4619856",1132,1132,South Point HDFC,10%,Senior, 4% LIHTC  ,,,,, D/JV , RH , HPD/HDC ,, NC  , N/A ,12/1/2019,12/1/2019,12/1/2021,12/1/2021,4/19/2024,4/19/2024,N/A,, N/A ,,"Multifamily & Seniors: Extremely-Low to Low Income, Homeless Set-Aside",Vacant," $ 456,420,522.00 "," $ 456,420,522.00 "," $ 574,081,571.00 "," $ 574,081,571.00 ",N/A,,Wells Fargo,HPD/HDC,,"Gotham (GO HPS Venture, LLC )",,,Wells Fargo (direct investor),4541370,,,New Construction,,,,HPD 4% LIHTC,,,,,,,,,,,,,2,0,2,,,,0,,,,2,1132,1132,0,92,0,,,1,0,66,277,499,290,,,,,,,,,,,,,"1-10 56th Ave, Long Island City, NY 11101",Supportive Services,,,Gotham Point- Senior Tower,
Faith Forward Church,Harry T. Nance Apartments,Church,non-housing,Housing,Construction,Not owned,Not managed,,,,1860 Eastern Parkway - church,Brooklyn,3,1436,1436,1003,3014360006,3014360006,3337899,0,,True Holy Church,,,,,,,,,,,,,,,,,,,,,,,,,,,,,,,,,,,,,,,,,,,,,,,,,,,,,,,,,,,0,0,,,,,,,,,,,,,,,,,,0,0,0,0,0,,,,1860 Eastern Parkway,True Holy Church,True Holy Church dba Faith Forward Church,3rd Party,100%,community,Church,,,,,,,,
Dentist's Office,Harry T. Nance Apartments,Commercial,non-housing,Housing,Construction,Not owned,Not managed,,,,1860 Eastern Parkway - office,Brooklyn,3,1436,1436,1002,3014360006,3014360006,3337899,0,,True Holy Church,,,,,,,,,,,,,,,,,,,,,,,,,,,,,,,,,,,,,,,,,,,,,,,,,,,,,,,,,,,0,0,,,,,,,,,,,,,,,,,,0,0,0,0,0,,,,1860 Eastern Parkway,True Holy Church,Dentist's Office TBD,3rd Party,100%,community,Medical - Dentist,,,,,,,,
Harry T. Nance Apartments,Harry T. Nance Apartments,Residential,Multi-Family,Housing,Operational,Owned,Managed,Developed,atleast,,1860 Eastern Parkway Brooklyn NY 11233,Brooklyn,3,1436,1436,1001,3014360006,3014360006,3337899,67,67,Harry T. Nance Apartments HDFC,100%,NYSSHP, 9% LIHTC ,,,,, D ," RH, CF "," HPD, HCR ",, NC , All ,4/27/2018,4/27/2018,8/19/2021,8/19/2021,6/12/2023,6/12/2023,5/1/2018,5/1/2018, present ,7/16/2026,"Multi-Family: Extremely-Low to Low Income, Veterans Set-Aside",Vacant," $ 25,098,533.00 "," $ 25,098,533.00 "," $ 37,971,158.00 "," $ 37,971,158.00 ",5/1/2018,5/1/2018,Chase,HPD + HCR/HTF,,RB Only,,,Hudson,3337899,,20166031,New Construction,HPD ELLA,,,HCR 9% LIHTC,,,,2021,4/27/2018,4/27/2018,,,1.32,4.8,1.32,,1,1,1,61300,,8000,0,,0,10,1,67,67,67,,,,,1,0,9,16,25,17,,,,,,,,,,,,,,,,,,
Haven Green - Habitat,Haven Green,Pre-Dev Site,non-housing,Housing,Predevelopment,Not owned,Not managed,,,,199 Elizabeth Street - Habitat,Manhattan,1,493,493,30,1004930030,1004930030,,0,,HPD,,,,,,,,,,,,,,,,,,,,,,,,,,,,,,,,,,,,,,,,,,,,,,,,,,,,,,,,,,,0,0,,,,,,,,,,,,,,,,,,0,0,0,0,0,,,,199 Elizabeth Street,Haven Green,Habitat For Humanity NYC,3rd Party,TBD,community,social services,,,,,,,,
Haven Green - retail TBD,Haven Green,Pre-Dev Site,non-housing,Housing,Predevelopment,Not owned,Not managed,,,,199 Elizabeth Street - retail,Manhattan,1,493,493,30,1004930030,1004930030,,0,,HPD,,,,,,,,,,,,,,,,,,,,,,,,,,,,,,,,,,,,,,,,,,,,,,,,,,,,,,,,,,,0,0,,,,,,,,,,,,,,,,,,0,0,0,0,0,,,,199 Elizabeth Street,Haven Green,TBD,3rd Party,TBD,Retail,TBD,,,,,,,,
Rocky Mountain Baptist Church,Hillside,Church,non-housing,Housing,Operational,Owned,Not managed,,,,"37 Hillside Ave, New York NY 10040",Manhattan,1,2170,2170,118,1021700118,1021700118,,0,,Rocky Mountain Baptist Church,,,,,,,,,,,,,,,,,,,,,,,,,,,,,,,,,,,,,,,,,,,,,,,,,,,,,,,,,,,0,0,,,,,,,,,,,,,,,,,,0,0,0,0,0,,,1,37 Hillside,Hillside HDFC,Rocky Mountain Baptist Church,3rd Party,51%,community,Church,,,,,,,,
37 Hillside Apartments,Hillside 1,Residential,Senior,Housing,Operational,Owned,Managed,Developed,hillsid,,"37 Hillside Ave, New York NY 10040",Manhattan,1,2170,2170,118,1021700118,1021700118,TBD,164,164,37 Hillside Owners HDFC,49%,HRA Senior, 4% LIHTC  ,,,,, D/JV , RH , HPD/HDC ," HPD SARA, Sarah Leitson ", NC  , N/A ,8/1/2020,8/1/2020,12/13/2023,12/13/2023,1/15/2025,1/15/2025,8/1/2020,8/1/2020, present ,7/16/2026,Low Income Seniors,Vacant," $ 69,125,550.00 "," $ 69,125,550.00 "," $ 116,900,333.00 "," $ 116,900,333.00 ",N/A,,Chase,TBD ,,Coconut Properties,,,CREA,,,,New Construction,HPD SARA,,,HDC 4% LIHTC,,,,2022,,,,,,,,,1,1,1,,,20375,0,,,,1,164,164,164,0,0,,,1,0,0,1,44,119,,,,,,,,,,,,,"37 Hillside Ave New York, NY 10040",Supportive Services,,,Hillside  Senior Apartments,
Himrod Street Apartments,Himrod Street,Residential,Multi-Family,Housing,Operational,Owned,Managed,Developed,himrodtc,,165 Himrod Street Brooklyn NY 11237,Brooklyn,3,3266,3266,40,3032660040,3032660040,3393889,33,33,Himrod Street Associates L.P.,100%,, 4% Expired ,,,,, D , RH , HCR ,, NC , All ,10/31/2006,10/31/2006,1/1/2008,1/1/2008,1/1/2008,1/1/2008,10/31/2006,10/31/2006, present ,7/16/2026,Multi-Family: Extremely-Low to Low Income,Vacant," $ 6,720,000.00 "," $ 6,720,000.00 "," $ 8,817,332.00 "," $ 8,817,332.00 ",10/31/2006,10/31/2006,Chase,Chase/Enterprise,,RB Only,,,Enterprise,3393889,,20040432,New Construction,HCR,,,Expired,,,,2008,1/1/2008,1/1/2008,,,,3.9,3.47,0.43,1,1,1,42752,,,0,,,6,1,33,33,33,,,,,0,0,5,17,11,0,15,381109,,,,,,,,,,,,,,,,
Himrod Street Parking Lot,Himrod Street,Parking Lot,non-housing,Housing,Operational,Owned,Managed,,,,165 Himrod Street Brooklyn NY 11237,,,3266,,1,3032660001,3032660001,,0,0,Himrod Street Associates L.P.,,,,,,,,,,,,,,,,,,,,,,,,,,,,,,,,,,,,,,,,,,,,,,,,,,,,,,,,,,,0,0,,,,,,,,,,,,,,,,,,,,,,,,,,,,,,,,,,,,,,,,
Brownsville Homebase,Homebase,RB Service Site,non-housing,Empowerment,Operational,Not owned,Not managed,,,,145 E 98th St,,,,,,,3035480001,3393311,0,,Brownsville Homebase,,,,,,,,,,,,,,,,,,,,,,,,,,,,,,,,,,,,,,,,,,,,,,,,,,,,,,,,,,,0,0,,,,,,,,,,,,,,,,,,0,0,0,0,0,,,,,,,,,,,,,145 E 98th St,Empowerment,,,Brownsville Homebase,
Irving Stockholm - Playground,Irving Stockholm,Playground,non-housing,Housing,Non-Operational,Owned,Managed,,irvstock,,301-303 Jefferson Street Brooklyn NY 11237,Brooklyn,3,3166,3166,49,3031660049,3031660049,3819559,0,66,Irving Stockholm HDFC,100%,, Expired ,,,,, D , RH , HPD ,, SR , All ,8/1/1990,8/1/1990,2/1/1990,2/1/1990,2/1/1990,2/1/1990,1/1/1989,1/1/1989, present ,7/16/2026,Multi-Family: Extremely-Low to Low Income,Occupied**," $ 1,724,700.00 "," $ 3,945,000.00 "," $ 2,078,000.00 "," $ 4,753,000.00 ",1/1/1989,1/1/1989,HPD,HPD  ,,RB Only,,,N/A,3819559,,,Preservation Rehab,,,,Expired,,,,,,,,,,,,,0,0,,,,,,,,,,0,0,0,,,,,,0,0,0,0,0,,,,,,,,,,,,,,,,,,
Irving Stockholm,Irving Stockholm,Residential,Multi-Family,Housing,Operational,Owned,Managed,Developed,irvstock,,299 Jefferson Street Brooklyn 11237,Brooklyn,3,3166,3166,50,3031660050,3031660050,3072150,6,66,Irving Stockholm HDFC,100%,, Expired ,,,,, D , RH , HPD ,, SR , All ,8/1/1990,8/1/1990,9/1/1991,9/1/1991,9/1/1991,9/1/1991,8/1/1990,8/1/1990, present ,7/16/2026,Multi-Family: Extremely-Low to Low Income,Occupied**," $ 3,945,000.00 "," $ 3,945,000.00 "," $ 4,753,000.00 "," $ 4,753,000.00 ",8/1/1990,8/1/1990,HPD,HPD  ,,RB Only,,,N/A,3072150,,,Preservation Rehab,,,,Expired,,,,1991,9/1/1991,9/1/1991,,,,,,,1,1,1,6000,,,0,,,4,,6,6,6,,,,,0,0,0,4,2,0,36,333820,,,,,,,,,,,,,,,,
Irving Stockholm,Irving Stockholm,Residential,Multi-Family,Housing,Operational,Owned,Managed,Developed,irvstock,,304 Jefferson Street Brooklyn 11237,Brooklyn,3,3175,3175,18,3031750018,3031750018,3072353,6,66,Irving Stockholm HDFC,100%,, Expired ,,,,, D , RH , HPD ,, SR , All ,8/1/1990,8/1/1990,9/1/1991,9/1/1991,9/1/1991,9/1/1991,8/1/1990,8/1/1990, present ,7/16/2026,Multi-Family: Extremely-Low to Low Income,Occupied**," $ 3,945,000.00 "," $ 3,945,000.00 "," $ 4,753,000.00 "," $ 4,753,000.00 ",8/1/1990,8/1/1990,HPD,HPD  ,,RB Only,,,N/A,3072353,,,Preservation Rehab,,,,Expired,,,,1991,9/1/1991,9/1/1991,,,,,,,1,1,1,6000,,,0,,,4,,6,6,6,,,,,0,0,0,4,2,0,36,335474,,,,,,,,,,,,,,,,
Irving Stockholm,Irving Stockholm,Residential,Multi-Family,Housing,Operational,Owned,Managed,Developed,irvstock,,22 Irving Avenue Brooklyn 11237,Brooklyn,3,3166,3166,36,3031660036,3031660036,3072140,8,66,Irving Stockholm HDFC,100%,, Expired ,,,,, D , RH , HPD ,, SR , All ,8/1/1990,8/1/1990,2/1/1990,2/1/1990,2/1/1990,2/1/1990,1/1/1989,1/1/1989, present ,7/16/2026,Multi-Family: Extremely-Low to Low Income,Occupied**," $ 1,724,700.00 "," $ 3,945,000.00 "," $ 2,078,000.00 "," $ 4,753,000.00 ",1/1/1989,1/1/1989,HPD,HPD  ,,RB Only,,,N/A,3072140,,,Preservation Rehab,,,,Expired,,,,1990,2/1/1990,2/1/1990,,,,,,,1,1,1,6000,,,0,,,4,,8,8,8,,,,,0,0,3,5,0,0,36,356819,,,,,,,,,,,,,,,,
Irving Stockholm,Irving Stockholm,Residential,Multi-Family,Housing,Operational,Owned,Managed,Developed,irvstock,,244 Stockholm Street  Brooklyn 11237       ,Brooklyn,3,3258,3258,22,3032580022,3032580022,3074189,7,66,Irving Stockholm HDFC,100%,, Expired ,,,,, D , RH , HPD ,, SR , All ,8/1/1990,8/1/1990,2/1/1990,2/1/1990,2/1/1990,2/1/1990,1/1/1989,1/1/1989, present ,7/16/2026,Multi-Family: Extremely-Low to Low Income,Occupied**," $ 1,724,700.00 "," $ 3,945,000.00 "," $ 2,078,000.00 "," $ 4,753,000.00 ",1/1/1989,1/1/1989,HPD,HPD  ,,RB Only,,,N/A,3074189,,,Preservation Rehab,,,,Expired,,,,1991,2/1/1990,2/1/1990,,,,,,,1,1,1,9978,,,0,,,4,,7,7,7,,,,,0,0,1,3,3,0,36,314455,,,,,,,,,,,,,,,,
Irving Stockholm,Irving Stockholm,Residential,Multi-Family,Housing,Operational,Owned,Managed,Developed,irvstock,,246 Stockhom Street  Brooklyn 11237,Brooklyn,3,3258,3258,23,3032580023,3032580023,3074190,7,66,Irving Stockholm HDFC,100%,, Expired ,,,,, D , RH , HPD ,, SR , All ,8/1/1990,8/1/1990,2/1/1990,2/1/1990,2/1/1990,2/1/1990,1/1/1989,1/1/1989, present ,7/16/2026,Multi-Family: Extremely-Low to Low Income,Occupied**," $ 1,724,700.00 "," $ 3,945,000.00 "," $ 2,078,000.00 "," $ 4,753,000.00 ",1/1/1989,1/1/1989,HPD,HPD  ,,RB Only,,,N/A,3074190,,,Preservation Rehab,,,,Expired,,,,1991,2/1/1990,2/1/1990,,,,,,,1,1,1,9976,,,0,,,4,,7,7,7,,,,,0,0,1,2,4,0,36,344723,,,,,,,,,,,,,,,,
Irving Stockholm,Irving Stockholm,Residential,Multi-Family,Housing,Operational,Owned,Managed,Developed,irvstock,,273 Linden Street   Brooklyn 11237,Brooklyn,3,3326,3326,57,3033260057,3033260057,3076161,5,66,Irving Stockholm HDFC,100%,, Expired ,,,,, D , RH , HPD ,, SR , All ,8/1/1990,8/1/1990,2/1/1990,2/1/1990,2/1/1990,2/1/1990,1/1/1989,1/1/1989, present ,7/16/2026,Multi-Family: Extremely-Low to Low Income,Occupied**," $ 1,724,700.00 "," $ 3,945,000.00 "," $ 2,078,000.00 "," $ 4,753,000.00 ",1/1/1989,1/1/1989,HPD,HPD  ,,RB Only,,,N/A,3076161,,,Preservation Rehab,,,,Expired,,,,1991,9/1/1991,9/1/1991,,,,,,,1,1,1,4347,,,0,,,3,,5,5,5,,,,,0,0,0,2,3,0,36,330241,,,,,,,,,,,,,,,,
Irving Stockholm,Irving Stockholm,Residential,Multi-Family,Housing,Operational,Owned,Managed,Developed,irvstock,,302 Jefferson Street Brooklyn 11237,Brooklyn,3,3175,3175,17,3031750017,3031750017,3072352,6,66,Irving Stockholm HDFC,100%,, Expired ,,,,, D , RH , HPD ,, SR , All ,8/1/1990,8/1/1990,2/1/1990,2/1/1990,2/1/1990,2/1/1990,1/1/1989,1/1/1989, present ,7/16/2026,Multi-Family: Extremely-Low to Low Income,Occupied**," $ 1,724,700.00 "," $ 3,945,000.00 "," $ 2,078,000.00 "," $ 4,753,000.00 ",1/1/1989,1/1/1989,HPD,HPD  ,,RB Only,,,N/A,3072352,,,Preservation Rehab,,,,Expired,,,,1991,9/1/1991,9/1/1991,,,,,,,1,1,1,6000,,,0,,,4,,6,6,6,,,,,0,0,0,4,2,0,36,329874,,,,,,,,,,,,,,,,
Irving Stockholm,Irving Stockholm,Residential,Multi-Family,Housing,Operational,Owned,Managed,Developed,irvstock,,304 Grove Street Brooklyn 11237,Brooklyn,3,3326,3326,25,3033260025,3033260025,3076137,5,66,Irving Stockholm HDFC,100%,, Expired ,,,,, D , RH , HPD ,, SR , All ,8/1/1990,8/1/1990,2/1/1990,2/1/1990,2/1/1990,2/1/1990,1/1/1989,1/1/1989, present ,7/16/2026,Multi-Family: Extremely-Low to Low Income,Occupied**," $ 1,724,700.00 "," $ 3,945,000.00 "," $ 2,078,000.00 "," $ 4,753,000.00 ",1/1/1989,1/1/1989,HPD,HPD  ,,RB Only,,,N/A,3076137,,,Preservation Rehab,,,,Expired,,,,1991,9/1/1991,9/1/1991,,,,,,,1,1,1,6000,,,0,,,3,,5,5,5,,,,,0,0,0,2,3,0,36,336526,,,,,,,,,,,,,,,,
Irving Stockholm,Irving Stockholm,Residential,Multi-Family,Housing,Operational,Owned,Managed,Developed,irvstock,,308 Grove Street Brooklyn 11237,Brooklyn,3,3326,3326,27,3033260027,3033260027,3076139,5,66,Irving Stockholm HDFC,100%,, Expired ,,,,, D , RH , HPD ,, SR , All ,8/1/1990,8/1/1990,2/1/1990,2/1/1990,2/1/1990,2/1/1990,1/1/1989,1/1/1989, present ,7/16/2026,Multi-Family: Extremely-Low to Low Income,Occupied**," $ 1,724,700.00 "," $ 3,945,000.00 "," $ 2,078,000.00 "," $ 4,753,000.00 ",1/1/1989,1/1/1989,HPD,HPD  ,,RB Only,,,N/A,3076139,,,Preservation Rehab,,,,Expired,,,,1991,9/1/1991,9/1/1991,,,,,,,1,1,1,4347,,,0,,,3,,5,5,5,,,,,0,0,0,3,1,1,36,345479,,,,,,,,,,,,,,,,
Irving Stockholm,Irving Stockholm,Residential,Multi-Family,Housing,Operational,Owned,Managed,Developed,irvstock,,312 Grove Street Brooklyn 11237,Brooklyn,3,3326,3326,30,3033260030,3033260030,3076141,5,66,Irving Stockholm HDFC,100%,, Expired ,,,,, D , RH , HPD ,, SR , All ,8/1/1990,8/1/1990,2/1/1990,2/1/1990,2/1/1990,2/1/1990,1/1/1989,1/1/1989, present ,7/16/2026,Multi-Family: Extremely-Low to Low Income,Occupied**," $ 1,724,700.00 "," $ 3,945,000.00 "," $ 2,078,000.00 "," $ 4,753,000.00 ",1/1/1989,1/1/1989,HPD,HPD  ,,RB Only,,,N/A,3076141,,,Preservation Rehab,,,,Expired,,,,1991,9/1/1991,9/1/1991,,,,,,,1,1,1,4347,,,0,,,3,,5,5,5,,,,,0,0,0,3,1,1,36,343455,,,,,,,,,,,,,,,,
Irving Stockholm,Irving Stockholm,Residential,Multi-Family,Housing,Operational,Owned,Managed,Developed,irvstock,,316 Jefferson Street Brooklyn 11237,Brooklyn,3,3175,3175,24,3031750024,3031750024,3072359,6,66,Irving Stockholm HDFC,100%,, Expired ,,,,, D , RH , HPD ,, SR , All ,8/1/1990,8/1/1990,2/1/1990,2/1/1990,2/1/1990,2/1/1990,1/1/1989,1/1/1989, present ,7/16/2026,Multi-Family: Extremely-Low to Low Income,Occupied**," $ 1,724,700.00 "," $ 3,945,000.00 "," $ 2,078,000.00 "," $ 4,753,000.00 ",1/1/1989,1/1/1989,HPD,HPD  ,,RB Only,,,N/A,3072359,,,Preservation Rehab,,,,Expired,,,,1991,9/1/1991,9/1/1991,,,,,,,1,1,1,6000,,,0,,,4,,6,6,6,,,,,0,0,0,4,2,0,36,328658,,,,,,,,,,,,,,,,
Irving Stockholm - Community Garden,Irving Stockholm,Garden,non-housing,Housing,Operational,Owned,Managed,,irvstock,,317-321 Jefferson Street Brooklyn NY 11237,Brooklyn,3,3166,3166,39,3031660039,3031660039,3819560,0,66,Irving Stockholm HDFC,100%,, Expired ,,,,, D , RH , HPD ,, SR , All ,8/1/1990,8/1/1990,2/1/1990,2/1/1990,2/1/1990,2/1/1990,1/1/1989,1/1/1989, present ,7/16/2026,Multi-Family: Extremely-Low to Low Income,Occupied**," $ 1,724,700.00 "," $ 3,945,000.00 "," $ 2,078,000.00 "," $ 4,753,000.00 ",1/1/1989,1/1/1989,HPD,HPD  ,,RB Only,,,N/A,3819560,,,Preservation Rehab,,,,Expired,,,,,,,,,,,,,0,0,,,,,,,,,,0,0,0,,,,,,0,0,0,0,0,,,1,,,,,,,,,,,,,,,
Jefferson SPI,Jefferson SPI,Residential,Multi-Family,Housing,Operational,Owned,Managed,Developed,jeffspi,,295 Jefferson Street Brooklyn NY 11237,Brooklyn,3,3166,3166,52,3031660052,3031660052,3397403,8,8,Jefferson SPI HDFC,100%,, HOME ,,,,, D , RH , HCR ,, NC , All ,11/12/2008,11/12/2008,10/1/2010,10/1/2010,12/28/2011,12/28/2011,11/12/2008,11/12/2008, present ,7/16/2026,Multi-Family: Low to Moderate Income,Vacant," $ 1,944,809.00 "," $ 1,944,809.00 "," $ 2,350,000.00 "," $ 2,350,000.00 ",11/12/2008,11/12/2008,CPC,CPC,,RB Only,,,N/A,3397403,,20040423,Preservation Rehab,HCR,,,HOME,,,,2011,12/1/2010,12/1/2010,,,,,,,1,1,1,10000,,,0,,,3,,8,8,8,,,,,0,0,7,1,0,0,269,384547,,,,,,,,,,,,,,,,
JOE RB Harman,JOE RB Harman,Residential,Multi-Family,Housing,Operational,Not owned,Managed,Developed,251harma,,251 Harman Street Brooklyn NY 11237,Brooklyn,3,3278,3278,36,3032780036,3032780036,3074789,6,6,JOE RB HARMAN HDFC,0%,, None ,,,,, D , RH , HPD ,, SR , All ,,,6/1/2019,6/1/2019,,,,, present ,7/16/2026,,,,,,,TBD,,HPD,HPD,,JOE NYC,,,N/A,3074789,,,Preservation Rehab,Green Rehab,,,None,,,JOE,1998,6/24/1991,6/24/1991,,,,,,,0,1,1,4050,,,0,,,3,,6,0,6,,6,,,0,0,0,0,6,0,260,341620,,,,,,,,,,,,,,,,
JOE RB Harman,JOE RB Harman,Residential,Multi-Family,Housing,Operational,Not owned,Managed,Developed,73linden,,73 Linden St Brooklyn NY 11237,Brooklyn,3,3322,3322,28,3033220028,3033220028,3076073,12,12,JOE RB HARMAN HDFC,0%,, None ,,,,, D , RH , HPD ,, SR , All ,,,6/1/2019,6/1/2019,1/1/1989,1/1/1989,1/1/1989,, present ,7/16/2026,,,,,,,TBD,,HPD,HPD,,JOE NYC,,,N/A,3076073,,,Preservation Rehab,Green Rehab,,,None,,,JOE,1992,12/7/1993,12/7/1993,,,,,,,0,1,1,14000,,,0,,,4,0,12,0,12,,12,,,0,0,3,5,4,0,260,355491,,68 Garden Street,Bushwick Gardens Retail LLC,Managed by BWGAD Coop (AKAM),3rd Party,100%,parking,Parking lot,"17,639",,,,,,,
Noll Street,JOE RB Noll Street,Residential,Multi-Family,Housing,Operational,Not owned,Managed,Developed,noll1,,43 Central Avenue Brooklyn 11206,Brooklyn,3,3154,3154,1,3031540001,3031540001,3387566,60,60,JOE Noll HDFC,0%,, None ,,,,, D , RH , HCR ,, NC ,,7/24/2002,7/24/2002,12/1/2003,12/1/2003,12/1/2003,12/1/2003,7/24/2002,7/24/2002, present ,7/16/2026,Multi-Family: Extremely-Low to Low Income,Vacant," $ 8,500,000.00 "," $ 8,500,000.00 "," $ 12,184,002.00 "," $ 12,184,002.00 ",7/24/2002,7/24/2002,CPC,CPC/First Sterling,,JOE NYC,,,First Sterling/Regions,3387566,,20000101,New Construction,HCR,,,HPD 9% LIHTC,,,JOE,2003,12/1/2003,12/1/2003,,,,,,,0,1,1,73814,,,0,,,6,1,60,0,60,,60,,,0,0,22,27,11,0,70,378581,,,,,,,,,,,,,,,,
Knickerbocker Commons,Knickerbocker Commons,Residential,Multi-Family,Housing,Operational,Owned,Managed,Developed,knickcom,,301 Eldert Street Brooklyn NY 11237,Brooklyn,3,3413,3413,5,3034130005,3034130005,3820348,24,24,Knickerbocker Commons HDFC,100%,, LIHTC ,,,,, D ," RH, CF ", HCR ,, NC , All ,12/12/2012,12/12/2012,6/1/2015,6/1/2015,8/15/2015,8/15/2015,12/12/2015,12/12/2015, present ,7/16/2026,"Multi-Family: Extremely-Low to Low Income, Homeless Set-Aside",Vacant," $ 7,107,500.00 "," $ 7,107,500.00 "," $ 9,612,920.00 "," $ 9,612,920.00 ",12/12/2015,12/12/2015,Chase,CPC/Enterprise,,RB Only,,,Enterprise,3820348,,20116229,New Construction,HCR,,,HPD 9% LIHTC,,,Passive House,2014,7/1/2014,7/1/2014,,,,,,,1,1,1,29705,,,0,,,6,1,24,24,24,,,,,1,0,4,16,4,0,205,385274,,,,,,,,,,,,,,,,
Bushwick United HeadStart,Knickerbocker Commons,School,non-housing,Housing,Operational,Owned,Managed,,,,803 Knickerbocker Avenue Brooklyn NY 11237,Brooklyn,3,3413,3413,5,3034130005,3034130005,,0,,Knickerbocker Commons HDFC,,,,,,,,,,,,,,,,,,,,,,,,,,,,,,,,,,,,,,,,,,,,,,,,,,,,,,,,,,,0,0,,,,,,,,,,,,,,,,,,0,0,0,0,0,,,1,803 Knickerbocker Ave,"Knickerbocker Commons, LP",Bushwick United HDFC,3rd Party,100%,community,Daycare,"4,957",T0004915,,,,,,
Knickerbocker Square ,Knickerbocker Square,Residential,Multi-Family,Housing,Operational,Owned,Managed,Developed,knick1,,557 Knickerbocker Avenue Brooklyn NY 11237,Brooklyn,3,3335,3335,1,3033350001,3033350001,3346901,43,43,Knickerbocker Square Associates L.P.,100%,, Expired ,,,,, D , RH , HCR ,, passive rehab  , All ,12/17/1998,12/17/1998,5/1/2000,5/1/2000,5/1/2000,5/1/2000,12/17/1998,12/17/1998, present ,7/16/2026,Multi-Family: Extremely-Low to Low Income,Vacant," $ 4,340,000.00 "," $ 4,340,000.00 "," $ 6,200,000.00 "," $ 6,200,000.00 ",12/17/1998,12/17/1998,CPC,Alden Torch,,RB Only,,,None,3346901,,19950301,New Construction,HCR,,,Expired,,,Passive Rehab,1999,5/1/2000,5/1/2000,,,,,,,1,1,1,49148,,,0,,,6,1,43,43,43,,,,,1,0,11,32,0,0,136,377718,,557 Knickerbocker,"Knickerbocker Square Associates, LP",RiseBoro - Property Management Offices,RB Affiliate,100%,community,social services,,,,,,,,
Knickerbocker Square - Parking Lot,Knickerbocker Square,Parking Lot,non-housing,Housing,Operational,Owned,Managed,,,,557 Knickerbocker Avenue Brooklyn NY 11237,Brooklyn,3,3335,3335,56,3033350056,3033350056,,0,,Knickerbocker Square Associates L.P.,,,,,,,,,,,,,,,,,,,,,,,,,,,,,,,,,,,,,,,,,19950301,,HCR,,,None,,,,,,,,,,,,,0,0,,,,,,,,,,0,0,0,,,,,,0,0,0,0,0,,,,,,,,,,,,,,,,,,
Knickerbocker Square - Parking Lot,Knickerbocker Square,Parking Lot,non-housing,Housing,Operational,Owned,Managed,,,,557 Knickerbocker Avenue Brooklyn NY 11237,Brooklyn,3,3335,3335,57,3033350057,3033350057,,0,,Knickerbocker Square Associates L.P.,,,,,,,,,,,,,,,,,,,,,,,,,,,,,,,,,,,,,,,,,19950301,,HCR,,,None,,,,,,,,,,,,,0,0,,,,,,,,,,0,0,0,,,,,,0,0,0,0,0,,,,,,,,,,,,,,,,,,
Knickerbocker Square - Parking Lot,Knickerbocker Square,Parking Lot,non-housing,Housing,Operational,Owned,Managed,,,,557 Knickerbocker Avenue Brooklyn NY 11237,Brooklyn,3,3335,3335,58,3033350058,3033350058,,0,,Knickerbocker Square Associates L.P.,,,,,,,,,,,,,,,,,,,,,,,,,,,,,,,,,,,,,,,,,19950301,,HCR,,,None,,,,,,,,,,,,,0,0,,,,,,,,,,0,0,0,,,,,,0,0,0,0,0,,,,,,,,,,,,,,,,,,
380 Grove Street,LEAP Offices,RB Service Site,non-housing,Empowerment,Operational,Not owned,Not managed,,,,"380 Grove St, Brooklyn, NY 11237",,,,,,3033280026,3033280026,3076177,0,,,,,,,,,,,,,,,,,,,,,,,,,,,,,,,,,,,,,,,,,,,,,,,,,,,,,,,,,,,,,0,0,,,,,,,,,,,,,,,,,,0,0,0,0,0,,,,,,,,,,,,,"380 Grove St, Brooklyn, NY 11237",Empowerment,,,Bushwick Homebase; Community Roots; Legal Services LEAP; LEAP - HPLP; Financial Coaching,
Linden Court,Linden Court,Residential,Multi-Family,Housing,Operational,Owned,Managed,Developed,lindenct,,150 Linden Street Brooklyn NY 11221,Brooklyn,3,3333,3333,58,3033330058,3033330058,3392307,40,40,Linden Court Associates L.P.,100%,, Expired ,,,,, D , RH , HCR ,, passive rehab  , All ,10/1/1999,10/1/1999,5/1/2001,5/1/2001,5/1/2001,5/1/2001,10/1/1999,10/1/1999, present ,7/16/2026,Multi-Family: Extremely-Low to Low Income,Vacant," $ 5,090,000.00 "," $ 5,090,000.00 "," $ 7,270,068.00 "," $ 7,270,068.00 ",10/1/1999,10/1/1999,CPC,CPC/AldenTorch,,RB Only,,,None,3392307,,19980071,New Construction,HCR,,,Expired,,,Passive Rehab,1999,5/1/2001,5/1/2001,,,,,,,1,1,1,57576,,,0,,,5,1,40,40,40,,,,,0,0,10,27,3,0,164,378119,,,,,,,,,,,,,,,,
Luna Green,Luna Green (fka Coney Island 4),Residential,Senior,Housing,Construction,Owned,Not managed,,TBD,,"3027 West 21st Street, Brooklyn, NY, 11224",Brooklyn,3,7072,7072,6,TBD,3070720006,TBD,282,282,Ocean Way Senior HDFC,0%,HRA Senior, 4% LIHTC ,,,,, D/JV , RH , HCR , TBD , NC  , N/A ,6/18/2024,6/18/2024,3/18/2027,3/18/2027,TBD,,N/A,, TBD ,,"Seniors: Extremely-Low to Low Income, Homeless Set-Aside",Vacant," $ 138,151,650.00 "," $ 138,151,650.00 "," $ 220,163,541.00 "," $ 220,163,541.00 ",TBD,,TBD,TBD,,GGV,,,BofA,,,,New Construction,,,,HDC 4% LIHTC,,,,,,,,,,,,,1,0,,,,,,,,,1,282,0,0,,,,,,0,0,1,110,171,,,,TBD,Luna Green (Coney Island 4),TBD,TBD,TBD,community,TBD,,,,,,,,
Melrose SPI,Melrose SPI,Residential,Multi-Family,Housing,Operational,Owned,Managed,Developed,melspi,,239 Melrose Street Brooklyn NY 11237,Brooklyn,3,3157,3157,52,3031570052,3031570052,3071967,4,8,Melrose SPI HDFC,100%,, HOME ,,,,, D , RH , HCR ,, NC , All ,11/12/2008,11/12/2008,10/1/2010,10/1/2010,12/28/2011,12/28/2011,11/12/2008,11/12/2008, present ,7/16/2026,Multi-Family: Low to Moderate Income,Vacant," $ 2,370,123.00 "," $ 2,370,123.00 "," $ 2,875,000.00 "," $ 2,875,000.00 ",11/12/2008,11/12/2008,CPC,CPC,,RB Only,,,N/A,3071967,,20040420,Preservation Rehab,"HCR, HOME",,,HOME,,,,2011,12/1/2010,12/1/2010,,,,,,,1,1,1,5000,,,0,,,3,,4,4,4,,,,,0,0,3,1,0,0,270,343013,,,,,,,,,,,,,,,,
Melrose SPI,Melrose SPI,Residential,Multi-Family,Housing,Operational,Owned,Managed,Developed,melspi,,348 Melrose Street Brooklyn NY 11237,Brooklyn,3,3165,3165,23,3031650023,3031650023,3396906,4,8,Melrose SPI HDFC,100%,, HOME ,,,,, D , RH , HCR ,, NC , All ,11/12/2008,11/12/2008,10/1/2010,10/1/2010,12/28/2011,12/28/2011,11/12/2008,11/12/2008, present ,7/16/2026,Multi-Family: Low to Moderate Income,Vacant," $ 2,370,123.00 "," $ 2,370,123.00 "," $ 2,875,000.00 "," $ 2,875,000.00 ",11/12/2008,11/12/2008,CPC,CPC,,RB Only,,,N/A,3396906,,20040420,Preservation Rehab,"HCR, HOME",,,HOME,,,,2011,12/1/2010,12/1/2010,,,,,,,1,1,1,5000,,,0,,,4,,4,4,4,,,,,0,0,3,1,0,0,270,384059,,,,,,,,,,,,,,,,
Melrose Street Apartments,Melrose Street Apartments,Residential,Multi-Family,Housing,Operational,Owned,Managed,Developed,melrose,,63 Central Avenue Brooklyn NY 11206,Brooklyn,3,3157,3157,101,3031570101,3031570101,3389471,38,38,"Melrose Apt Associates, L.P.",100%,, LIHTC ,,,,, D , RH , HCR ,, NC , All ,10/27/2005,10/27/2005,4/1/2007,4/1/2007,4/1/2007,4/1/2007,10/27/2005,10/27/2005, present ,7/16/2026,Multi-Family: Extremely-Low to Low Income,Vacant," $ 6,907,591.00 "," $ 6,907,591.00 "," $ 9,279,151.00 "," $ 9,279,151.00 ",10/27/2005,10/27/2005,Wamu,Chase/First Sterling,,RB Only,,,First Sterlin/Regions,3389471,,20030269,New Construction,HCR,,,HPD 9% LIHTC,,,JOE,2007,4/1/2007,4/1/2007,,,,,,,1,1,1,41444,,,0,,,6,1,38,38,38,,,,,0,0,14,19,5,0,6,380850,,,,,,,,,,,,,,,,
Rooftop Anenna,Melrose Street Apartments,Roof Antenna,non-housing,Housing,Operational,Owned,Managed,,,,63 Central Avenue Brooklyn NY 11206,,,,3157,101,3031570101,3031570101,,0,,"Melrose Apt Associates, L.P.",,,,,,,,,,,,,,,,,,,,,,,,,,,,,,,,,,,,,,,,,,,,,,,,,,,,,,,,,,,0,0,,,,,,,,,,,,,,,,,,0,0,0,0,0,,,,63 Central Ave,Melrose Apartmetns ,"T-Mobile USA, Inc.",3rd Party,100%,Antenna,Antenna Roof top,200,t0003819,,,,,,
Mennonite United Revival Apartments,Mennonite United Revival Apartments,Residential,Multi-Family,Housing,Operational,Owned,Managed,Developed,menn,,424 Melrose Street Brooklyn NY 11237,Brooklyn,3,3166,3166,23,3031660023,3031660023,3398143,24,24,Mennonite United Revival Apts LP,100%,, LIHTC ,,,,, D , RH , HCR ,, NC , All ,7/12/2015,7/12/2015,12/13/2015,12/13/2015,2/15/2015,2/15/2015,7/12/2015,7/12/2015, present ,7/16/2026,"Multi-Family: Extremely-Low to Low Income, Homeless Set-Aside",Vacant," $ 5,850,000.00 "," $ 5,850,000.00 "," $ 6,402,071.00 "," $ 6,402,071.00 ",7/12/2015,7/12/2015,TD Bank,CPC/RBMC,,RB Only,,,RBC,3398143,,20106077,New Construction,HCR,,,HPD 9% LIHTC,,,Passive New,2013,1/1/2014,1/1/2014,,,,,,2.4,1,1,1,29564,24000,10000,0,,4,,1,24,24,24,,,,,0,0,3,13,5,3,283,385039,,,,,,,,,,,,,,,,
Moffat Gardens,Moffat Gardens,Residential,Senior,Housing,Operational,Owned,Managed,Developed,moffat,,22 Moffat Street Brooklyn NY 11207,Brooklyn,3,3444,3444,16,3034440016,3034440016,3398683,72,72,Moffat Gardens HDFC,100%,"HUD 202, ALP",  202 ,,,,, D , RH , HUD   ,, NC , All ,9/22/2008,9/22/2008,8/1/2010,8/1/2010,8/1/2013,8/1/2013,9/22/2008,9/22/2008, present ,7/16/2026,HUD 202 Seniors,Vacant," $ 14,260,000.00 "," $ 14,260,000.00 "," $ 15,769,900.00 "," $ 15,769,900.00 ",9/22/2008,9/22/2008,HUD,HUD  ,,RB Only,012-EE-333,,N/A,3398683,,,New Construction,HUD 202,,,HUD 202,,,,2010,8/1/2010,8/1/2010,,,,,,,1,1,1,65000,,,0,,,6,1,72,72,72,,,,,0,0,0,1,67,4,212,383419,,,,,,,,,,,"22 Moffat Street, 11207",Health; Supportive Services,,,Moffat Gardens Assisted Living Program; Supportive Senior Services 202 Buildings ,Moffat Gardens
Meserole of Montrose Meserole,Montrose Meserole,Pre-Dev Site,Supportive,Housing,Predevelopment,Not owned,Not managed,,,,"55 Meserole St, Brooklyn, NY 11206",Brooklyn,3,3041,3041,1,3030410001,3030410001,,TBD,,Verizon,,,,,,,,,,,,,,,,,6/30/2028,,,,,,,,,,,,,,,,,,,,,,,,,,,,,,,,,,,,,,,,,,0,0,,,,,,,,,,,,,,,,,,0,0,0,0,0,,,,,,,,,,,,,,,,,,
Montrose of Montrose Meserole,Montrose Meserole,Pre-Dev Site,Supportive,Housing,Predevelopment,Not owned,Not managed,,,,"172 Montrose Ave, Brooklyn, NY 11206

",Brooklyn,3,3062/3041,3062,12,TBD,3030620012,TBD,176,176,TBD,51%,, N/A ,,,,, D/JV/PM , RH , HPD , TBD , NC  ,,6/1/2025,6/1/2025,12/1/2027,12/1/2027,10/1/2028,10/1/2028,TBD,,  -   ,,,,,,,,,,,,,,,,,,,,New Construction,,,,,,,,,,,,,,,,,0,0,,,,,,,,,,,,,,,,,,0,0,0,0,0,,,,TBD,Montrose Meserole,TBD,TBD,TBD,community,TBD,,,,,,,,
Roundtable,NYCHA Senior Center,NYCHA Senior Center,non-housing,Seniors,Operational,Not owned,Not managed,,,,"1175 Gates Ave, Brooklyn, NY 11221",,,,,,,3033310025,,0,,NYCHA,,,,,,,,,,,,,,,,,,,,,,,,,,,,,,,,,,,,,,,,,,Not Developed By Us,,,,,,,,,,,,,,,,,0,0,,,,,,,,,,0,0,0,,,,,0,0,0,0,0,0,,,,,,,,,,,,,"1175 Gates Ave, Brooklyn, NY 11221",Seniors,"Roundtable, Case Management","Ivory bowens, Michael Velez",Roundtable Older Adult Center; Case Management for Seniors;  Friendly Visiting for Seniors,
Stuyvesant Gardens Older Adult Club,NYCHA Senior Center,NYCHA Senior Center,non-housing,Seniors,Operational,Not owned,Not managed,,,,"150 Malcolm X Blvd., Brooklyn, NY 11221",,,,,,,3016360024,3044658,0,,NYCHA,,,,,,,,,,,,,,,,,,,,,,,,,,,,,,,,,,,,,,,,,,,,,,,,,,,,,,,,,,,0,0,,,,,,,,,,,,,,,,,,0,0,0,0,0,,,,,,,,,,,,,"150 Malcolm X Blvd., Brooklyn, NY 11221",Seniors,Stuyvesant ,Denise Emery,Stuyvesant Gardens Older Adult Club,
Hope Gardens Older Adult Center,NYCHA Senior Center,NYCHA Senior Center,non-housing,Seniors,Operational,Not owned,Not managed,,,,"195 Linden St, Brooklyn, NY 11221",,,,,,,3033240019,3076116,0,,NYCHA,,,,,,,,,,,,,,,,,,,,,,,,,,,,,,,,,,,,,,,,,,,,,,,,,,,,,,,,,,,0,0,,,,,,,,,,,,,,,,,,0,0,0,0,0,,,,,,,,,,,,,"195 Linden St, Brooklyn, NY 11221",Seniors,Hope Gardens,Urantia Ramirez,Hope Gardens Older Adult Center,
Brevoort Older Adult Club,NYCHA Senior Center,NYCHA Senior Center,non-housing,Seniors,Operational,Not owned,Not managed,,,,"280 Ralph Avenue, Brooklyn, NY 11233",,,,,,,3016880001,3325173,0,,NYCHA,,,,,,,,,,,,,,,,,,,,,,,,,,,,,,,,,,,,,,,,,,,,,,,,,,,,,,,,,,,0,0,,,,,,,,,,,,,,,,,,0,0,0,0,0,,,,,,,,,,,,,"280 Ralph Avenue, Brooklyn, NY 11233",Seniors,Brevoort,Ninoska Medrano,Brevoort Older Adult Club,
Borinquen,NYCHA Senior Center,NYCHA Senior Center,non-housing,Seniors,Operational,Not owned,Not managed,,,,"80 Seigel St., Brooklyn, NY 11206",,,,,,,3030960030,3071447,0,,NYCHA,,,,,,,,,,,,,,,,,,,,,,,,,,,,,,,,,,,,,,,,,,,,,,,,,,,,,,,,,,,0,0,,,,,,,,,,,,,,,,,,0,0,0,0,0,,,,,,,,,,,,,"80 Seigel St., Brooklyn, NY 11206",Seniors,"Borinquen, MOW","Rosemarie Ortiz, Amritta Bajoon ",Borinquen Plaza Older Adult Center; Home Delivered Meals,
Palmetto Gardens Senior Club & Social Adult Day Program,NYCHA Senior Center,NYCHA Senior Center,non-housing,Seniors,Operational,Not owned,Not managed,,,,"85 Palmetto St., Brooklyn, NY 11221",,,,,,,3033400020,3076429,0,,NYCHA,,,,,,,,,,,,,,,,,,,,,,,,,,,,,,,,,,,,,,,,,,,,,,,,,,,,,,,,,,,0,0,,,,,,,,,,,,,,,,,,0,0,0,0,0,,,,,,,,,,,,,"85 Palmetto St., Brooklyn, NY 11221",Seniors,Palmetto,,Palmetto Gardens Senior Club & Social Adult Day Program,
Sumner Older Adult Club,NYCHA Senior Center,NYCHA Senior Center,non-housing,Seniors,Operational,Not owned,Not managed,,,,"862 Park Ave, Brooklyn, NY 11206",,,,,,,3015800001,3324728,0,,NYCHA,,,,,,,,,,,,,,,,,,,,,,,,,,,,,,,,,,,,,,,,,,,,,,,,,,,,,,,,,,,0,0,,,,,,,,,,,,,,,,,,0,0,0,0,0,,,,,,,,,,,,,"862 Park Ave, Brooklyn, NY 11206",Seniors,Sumner,Corey Cain,Sumner Older Adult Club,
Saratoga Square Older Adult Club,NYCHA Senior Center,NYCHA Senior Center,non-housing,Seniors,Operational,Not owned,Not managed,,,,"930 Halsey Street, Brooklyn, NY 11233",,,,,,,3014950013,3339097,0,,NYCHA,,,,,,,,,,,,,,,,,,,,,,,,,,,,,,,,,,,,,,,,,,,,,,,,,,,,,,,,,,,0,0,,,,,,,,,,,,,,,,,,0,0,0,0,0,,,,,,,,,,,,,"930 Halsey Street, Brooklyn, NY 11233",Seniors,Saratoga,Chanteze Jones Taylor,Saratoga Square Older Adult Club,
RiseBoro - Bushwick Homebase,Our Lady of Lourdes,RB Service Site,non-housing,Empowerment,Operational,Owned,Not managed,,,,1875 Broadway Brooklyn NY 11207,Brooklyn,3,3468,3468,65,3034680065,3034680065,3418432,0,,Our Lady of Lourdes Apartments HDFC,,,,,,,,,,,,,,,,,,,,,,,,,,,,,,,,,,,,,,,,,,,,,,,,,,,,,,,,,,,0,0,,,,,,,,,,,,,,,,,,0,0,0,0,0,,,1,1875 Broadway,OLL Apts. LLC,RiseBoro - Bushwick Homebase,RB Affiliate,45%,community,social services,"2,259",T0004785,,,,,,
Rooftop Antenna,Our Lady of Lourdes,Roof Antenna,non-housing,Housing,Operational,Owned,Not managed,,,,1875 Broadway Brooklyn NY 11207,Brooklyn,3,3468,3468,65,3034680065,3034680065,3418432,0,,Our Lady of Lourdes Apartments HDFC,,,,,,,,,,,,,,,,,,,,,,,,,,,,,,,,,,,,,,,,,,,,,,,,,,,,,,,,,,,0,0,,,,,,,,,,,,,,,,,,0,0,0,0,0,,,,1875 Broadway,OLL Apts. LLC,Internet Service Provider,RB Affiliate,45%,Antenna,Antenna on Roof Top,,,,,,,,
RiseBoro - LEAP Offices,Our Lady of Lourdes,RB Service Site,non-housing,Empowerment,Operational,Owned,Not managed,,,,7 DeSales Place Brooklyn NY 11207,Brooklyn,3,3468,3468,65,3034680065,3034680065,3418432,0,,Our Lady of Lourdes Apartments HDFC,,,,,,,,,,,,,,,,,,,,,,,,,,,,,,,,,,,,,,,,,,,,,,,,,,,,,,,,,,,0,0,,,,,,,,,,,,,,,,,,0,0,0,0,0,,,1,7 De Sales,OLL Apts. LLC,RiseBoro - LEAP,RB Affiliate,45%,community,social services,"5,050",,,,,,,
Our Lady of Lourdes,Our Lady of Lourdes,Residential,Multi-Family,Housing,Operational,Owned,Not managed,Developed,ourlady,,11 DeSales Place Brooklyn NY 11207,Brooklyn,3,3468,3468,50,3034680050,3034680050,3326478,14,76,Our Lady of Lourdes Apartments HDFC,45%,NYSSHP, LIHTC ,,,,, D , RH , HCR ,, SR , All ,8/31/2015,8/31/2015,11/30/2017,11/30/2017,11/20/2019,11/20/2019,8/18/2015,8/18/2015,2024,1/1/2024,"Multi-Family: Extremely-Low to Low Income, Veterans Set-Aside",," $ 22,640,848.00 "," $ 22,640,848.00 "," $ 30,183,966.00 "," $ 30,183,966.00 ",8/18/2015,8/18/2015,BoA,HPD&HTF,,Georgica Green Ventures,,,Raymond James,3326478,,20136054,New Construction,"HCR, HPD ELLA",,,HCR 9% LIHTC,,,,2018,8/20/2015,8/20/2015,,,,,,,1,0,1,,,,0,,,3,0,14,14,0,,,,,0,0,0,0,12,2,,,,,,,,,,,,,,,,,,
Our Lady of Lourdes,Our Lady of Lourdes,Residential,Multi-Family,Housing,Operational,Owned,Not managed,Developed,ourlady,,1875 Broadway Brooklyn NY 11207,Brooklyn,3,3468,3468,65,3034680065,3034680065,3418432,18,76,Our Lady of Lourdes Apartments HDFC,45%,NYSSHP, LIHTC ,,,,, D ," RH, CF ", HCR ,, SR , All ,8/31/2015,8/31/2015,11/30/2017,11/30/2017,11/20/2019,11/20/2019,8/18/2015,8/18/2015,2024,1/1/2024,"Multi-Family: Extremely-Low to Low Income, Veterans Set-Aside",," $ 22,640,848.00 "," $ 22,640,848.00 "," $ 30,183,966.00 "," $ 30,183,966.00 ",8/18/2015,8/18/2015,BoA,HPD&HTF,,Georgica Green Ventures,,,Raymond James,3418432,,20136054,New Construction,"HCR, HPD ELLA",,,HCR 9% LIHTC,,,,2018,8/20/2015,8/20/2015,,,,,,,1,0,1,,,,0,,,8,0,18,18,0,,,,,1,0,12,6,0,0,,,,,,,,,,,,,1875 Broadway,Empowerment,,,Brownsville Homebase; Home 4 Good; Legal Services LEAP; LEAP - HPLP; Financial Coaching; Rising Stars; NYSERDA,
Our Lady of Lourdes,Our Lady of Lourdes,Residential,Multi-Family,Housing,Operational,Owned,Not managed,Developed,ourlady,,21 DeSales Place Brooklyn NY 11207,Brooklyn,3,3468,3468,50,3034680050,3034680050,3427003,44,76,Our Lady of Lourdes Apartments HDFC,45%,NYSSHP, LIHTC ,,,,, D , RH , HCR ,, SR , All ,8/31/2015,8/31/2015,11/30/2017,11/30/2017,11/20/2019,11/20/2019,8/18/2015,8/18/2015,2024,1/1/2024,"Multi-Family: Extremely-Low to Low Income, Veterans Set-Aside",," $ 22,640,848.00 "," $ 22,640,848.00 "," $ 30,183,966.00 "," $ 30,183,966.00 ",8/18/2015,8/18/2015,BoA,HPD&HTF,,Georgica Green Ventures,,,Raymond James,3427003,,20136054,New Construction,"HCR, HPD ELLA",,,HCR 9% LIHTC,,,,2018,8/20/2015,8/20/2015,,,,,,,1,0,1,,,,0,,,6,1,44,44,0,,,,,0,0,10,8,11,15,,,,,,,,,,,,,,,,,,
Plaza de los Ancianos ,Plaza de los Ancianos,Residential,Senior,Housing,Operational,Owned,Managed,Developed,plazanc2,,297 Wilson Avenue Brooklyn NY 11237,Brooklyn,3,3307,3307,4,3033070004,3033070004,3346536,95,95,Plaza de los Ancianos HDFC,100%,HUD 202,  202 ,,,,, D , RH , HUD   ,, NC , All ,1/7/1994,1/7/1994,3/1/1997,3/1/1997,3/1/1997,3/1/1997,1/7/1994,1/7/1994, present ,7/16/2026,HUD 202 Seniors,Occupied*," $ 7,820,000.00 "," $ 7,820,000.00 "," $ 8,500,000.00 "," $ 8,500,000.00 ",1/7/1994,1/7/1994,HUD,HUD  ,,RB Only,012-EE-026,,N/A,3346536,,,Preservation Rehab,HUD 202,,,HUD 202,,,,1997,3/1/1997,3/1/1997,,,,,,,1,1,1,84328,,,0,,,8,1,95,95,95,,,,,0,0,0,1,68,26,56,377582,,,,,,,,,,,"297 Wilson Avenue, Brooklyn NY 11221",Supportive Services,,,Supportive Senior Services 202 Buildings ,Plaza de Los Ancianos
Plaza de los Ancianos - Parking Lot,Plaza de los Ancianos,Parking Lot,non-housing,Housing,Operational,Owned,Managed,,,,297 Wilson Avenue Brooklyn NY 11237,Brooklyn,3,3307,3307,4,3033070004,3033070000,3346536,0,0,Plaza de los Ancianos HDFC,100%,,,,,,,,,,,,,,,,,,,,,,,,,,,,,,,,,,,,,,3346536,,,Preservation Rehab,,,,None,,,,1997,3/1/1997,3/1/1997,,,,3.9,6.64,-2.74,0,0,,0,,5248,,,16,0,0,0,0,0,,,,,0,0,0,0,0,0,,,,,,,,,,,,,,,,,,
RBHA,RBHA,Residential,Multi-Family,Housing,Operational,Owned,Managed,Developed,rbha,,128 Suydam Street Brooklyn NY 11221,Brooklyn,3,3217,3217,18,3032170018,3032170018,3073103,4,83,RBHA HDFC,100%,, None ,,,,, D , CH , HPD ,, MR ,,,,2014,1/1/2014,,,9/22/2006,9/22/2006, present ,7/16/2026,Multi-Family: Extremely-Low to Moderate Income,,,,,,,,,,,UHAB,,,N/A,3073103,,,Preservation Rehab,,,,None,,,,2008,9/22/2006,9/22/2006,,,,,,,1,1,1,4650,,,0,,,3,,4,4,4,,,,,0,1,1,0,2,0,3,313875,,,,,,,,,,,,,,,,
RBHA,RBHA,Residential,Multi-Family,Housing,Operational,Owned,Managed,Developed,rbha,,135 Bleecker Street Brooklyn NY 11221,Brooklyn,3,3297,3297,51,3032970051,3032970051,3075410,4,83,RBHA HDFC,100%,, None ,,,,, D , CH , HPD ,, MR ,,,,2014,1/1/2014,,,9/22/2006,9/22/2006, present ,7/16/2026,Multi-Family: Extremely-Low to Moderate Income,,,,,,,,,,,UHAB,,,N/A,3075410,,,Preservation Rehab,,,,None,,,,2007,9/22/2006,9/22/2006,,,,,,,1,1,1,5600,,,0,,,3,,4,4,4,,,,,0,0,1,2,1,0,3,345256,,,,,,,,,,,,,,,,
RBHA,RBHA,Residential,Multi-Family,Housing,Operational,Owned,Managed,Developed,rbha,,1424 Dekalb Avenue Brooklyn NY 11237,Brooklyn,3,3246,3246,16,3032460016,3032460016,3073823,5,83,RBHA HDFC,100%,, None ,,,,, D , CH , HPD ,, MR ,,,,2014,1/1/2014,,,9/22/2006,9/22/2006, present ,7/16/2026,Multi-Family: Extremely-Low to Moderate Income,,,,,,,,,,,UHAB,,,N/A,3073823,,,Preservation Rehab,,,,None,,,,2007,9/22/2006,9/22/2006,,,,,,,1,1,1,4033,,,0,,,3,,5,5,5,,,,,0,0,1,0,4,0,3,357810,,,,,,,,,,,,,,,,
RBHA,RBHA,Residential,Multi-Family,Housing,Operational,Owned,Managed,Developed,rbha,,1516 Jefferson Avenue Brooklyn NY 11237,Brooklyn,3,3393,3393,43,3033930043,3033930043,3078124,6,83,RBHA HDFC,100%,, None ,,,,, D , CH , HPD ,, MR ,,,,2014,1/1/2014,,,9/22/2006,9/22/2006, present ,7/16/2026,Multi-Family: Extremely-Low to Moderate Income,,,,,,,,,,,UHAB,,,N/A,3078124,,,Preservation Rehab,,,,None,,,,2009,9/22/2006,9/22/2006,,,,,,,1,1,1,5518,,,0,,,3,,6,6,6,,,,,0,0,0,4,2,0,3,313547,,,,,,,,,,,,,,,,
RBHA,RBHA,Residential,Multi-Family,Housing,Operational,Owned,Managed,Developed,rbha,,181 Stanhope Street Brooklyn NY 11237,Brooklyn,3,3257,3257,43,3032570043,3032570043,3074160,5,83,RBHA HDFC,100%,, None ,,,,, D , CH , HPD ,, MR ,,,,2014,1/1/2014,,,9/22/2006,9/22/2006, present ,7/16/2026,Multi-Family: Extremely-Low to Moderate Income,,,,,,,,,,,UHAB,,,N/A,3074160,,,Preservation Rehab,,,,None,,,,2010,9/22/2006,9/22/2006,,,,,,,1,1,1,4243,,,0,,,3,,5,5,5,,,,,0,0,0,2,3,0,3,364290,,,,,,,,,,,,,,,,
RBHA,RBHA,Residential,Multi-Family,Housing,Operational,Owned,Managed,Developed,rbha,,194 Jefferson Street Brooklyn NY 11206,Brooklyn,3,3173,3173,22,3031730022,3031730022,3072281,4,83,RBHA HDFC,100%,, None ,,,,, D , CH , HPD ,, MR ,,,,2014,1/1/2014,,,9/22/2006,9/22/2006, present ,7/16/2026,Multi-Family: Extremely-Low to Moderate Income,,,,,,,,,,,UHAB,,,N/A,3072281,,,Preservation Rehab,,,,None,,,,2009,9/22/2006,9/22/2006,,,,,,,1,1,1,4125,,,0,,,3,,4,4,4,,,,,0,0,1,2,1,0,3,329590,,,,,,,,,,,,,,,,
RBHA,RBHA,Residential,Multi-Family,Housing,Operational,Owned,Managed,Developed,rbha,,238 Suydam Street Brooklyn NY 11237,Brooklyn,3,3219,3219,21,3032190021,3032190021,3073171,5,83,RBHA HDFC,100%,, None ,,,,, D , CH , HPD ,, MR ,,,,2014,1/1/2014,,,9/22/2006,9/22/2006, present ,7/16/2026,Multi-Family: Extremely-Low to Moderate Income,,,,,,,,,,,UHAB,,,N/A,3073171,,,Preservation Rehab,,,,None,,,,2008,9/22/2006,9/22/2006,,,,,,,1,1,1,4156,,,0,,,3,,5,5,5,,,,,0,0,0,2,3,0,3,343102,,,,,,,,,,,,,,,,
RBHA,RBHA,Residential,Multi-Family,Housing,Operational,Owned,Managed,Developed,rbha,,245 Irving Avenue Brooklyn NY 11237,Brooklyn,3,3301,3301,5,3033010005,3033010005,3075469,5,83,RBHA HDFC,100%,, None ,,,,, D , CH , HPD ,, MR ,,,,2014,1/1/2014,,,9/22/2006,9/22/2006, present ,7/16/2026,Multi-Family: Extremely-Low to Moderate Income,,,,,,,,,,,UHAB,,,N/A,3075469,,,Preservation Rehab,,,,None,,,,2008,9/22/2006,9/22/2006,,,,,,,1,1,1,4275,,,0,,,3,,5,5,5,,,,,0,0,0,2,3,0,3,340909,,,,,,,,,,,,,,,,
RBHA,RBHA,Residential,Multi-Family,Housing,Operational,Owned,Managed,Developed,rbha,,318 Harman Street Brooklyn NY 11237,Brooklyn,3,3289,3289,19,3032890019,3032890019,3075104,6,83,RBHA HDFC,100%,, None ,,,,, D , CH , HPD ,, MR ,,,,2014,1/1/2014,,,9/22/2006,9/22/2006, present ,7/16/2026,Multi-Family: Extremely-Low to Moderate Income,,,,,,,,,,,UHAB,,,N/A,3075104,,,Preservation Rehab,,,,None,,,,2008,9/22/2006,9/22/2006,,,,,,,1,1,1,4368,,,0,,,3,,6,6,6,,,,,0,0,0,0,6,0,3,331785,,,,,,,,,,,,,,,,
RBHA,RBHA,Residential,Multi-Family,Housing,Operational,Owned,Managed,Developed,rbha,,320 Grove Street Brooklyn NY 11237,Brooklyn,3,3326,3326,34,3033260034,3033260034,3076145,6,83,RBHA HDFC,100%,, None ,,,,, D , CH , HPD ,, MR ,,,,2014,1/1/2014,,,9/22/2006,9/22/2006, present ,7/16/2026,Multi-Family: Extremely-Low to Moderate Income,,,,,,,,,,,UHAB,,,N/A,3076145,,,Preservation Rehab,,,,None,,,,2008,9/22/2006,9/22/2006,,,,,,,1,1,1,4878,,,0,,,3,,6,6,6,,,,,0,0,0,1,5,0,3,315304,,,,,,,,,,,,,,,,
RBHA,RBHA,Residential,Multi-Family,Housing,Operational,Owned,Managed,Developed,rbha,,432 Jefferson Street Brooklyn NY 11237,Brooklyn,3,3177,3177,12,3031770012,3031770012,3072414,5,83,RBHA HDFC,100%,, None ,,,,, D , CH , HPD ,, MR ,,,,2014,1/1/2014,,,9/22/2006,9/22/2006, present ,7/16/2026,Multi-Family: Extremely-Low to Moderate Income,,,,,,,,,,,UHAB,,,N/A,3072414,,,Preservation Rehab,,,,None,,,,2008,9/22/2006,9/22/2006,,,,,,,1,1,1,4312,,,0,,,3,,5,5,5,,,,,0,0,0,2,3,0,3,337846,,,,,,,,,,,,,,,,
RBHA,RBHA,Residential,Multi-Family,Housing,Operational,Owned,Managed,Developed,rbha,,434 Jefferson Street Brooklyn NY 11237,Brooklyn,3,3177,3177,13,3031770013,3031770013,3072415,5,83,RBHA HDFC,100%,, None ,,,,, D , CH , HPD ,, MR ,,,,2014,1/1/2014,,,9/22/2006,9/22/2006, present ,7/16/2026,Multi-Family: Extremely-Low to Moderate Income,,,,,,,,,,,UHAB,,,N/A,3072415,,,Preservation Rehab,,,,None,,,,2008,9/22/2006,9/22/2006,,,,,,,1,1,1,4312,,,0,,,3,,5,5,5,,,,,0,0,0,2,3,0,3,330242,,,,,,,,,,,,,,,,
RBHA,RBHA,Residential,Multi-Family,Housing,Operational,Owned,Managed,Developed,rbha,,647 Central Avenue Brooklyn NY 11207,Brooklyn,3,3441,3441,5,3034410005,3034410005,3080001,6,83,RBHA HDFC,100%,, None ,,,,, D , CH , HPD ,, MR ,,,,2014,1/1/2014,,,9/22/2006,9/22/2006, present ,7/16/2026,Multi-Family: Extremely-Low to Moderate Income,,,,,,,,,,,UHAB,,,N/A,3080001,,,Preservation Rehab,,,,None,,,,2008,9/22/2006,9/22/2006,,,,,,,1,1,1,4725,,,0,,,3,,6,6,6,,,,,0,0,0,1,5,0,3,365243,,,,,,,,,,,,,,,,
RBHA,RBHA,Residential,Multi-Family,Housing,Operational,Owned,Managed,Developed,rbha,,76 Starr Street Brooklyn NY 11237,Brooklyn,3,3197,3197,11,3031970011,3031970011,3072724,3,83,RBHA HDFC,100%,, None ,,,,, D , CH , HPD ,, MR ,,,,2014,1/1/2014,,,9/22/2006,9/22/2006, present ,7/16/2026,Multi-Family: Extremely-Low to Moderate Income,,,,,,,,,,,UHAB,,,N/A,3072724,,,Preservation Rehab,,,,None,,,,2007,9/22/2006,9/22/2006,,,,,,,1,1,1,5825,,,0,,,3,,3,3,3,,,,,0,0,3,0,0,0,3,361979,,,,,,,,,,,,,,,,
RBHA,RBHA,Residential,Multi-Family,Housing,Operational,Owned,Managed,Developed,rbha,,763 Hart Street Brooklyn NY 11237,Brooklyn,3,3219,3219,47,3032190047,3032190047,3073194,6,83,RBHA HDFC,100%,, None ,,,,, D , CH , HPD ,, MR ,,,,2014,1/1/2014,,,9/22/2006,9/22/2006, present ,7/16/2026,Multi-Family: Extremely-Low to Moderate Income,,,,,,,,,,,UHAB,,,N/A,3073194,,,Preservation Rehab,,,,None,,,,2008,9/22/2006,9/22/2006,,,,,,,1,1,1,4762,,,0,,,3,,6,6,6,,,,,0,0,0,1,5,0,3,340830,,,,,,,,,,,,,,,,
RBHA,RBHA,Residential,Multi-Family,Housing,Operational,Owned,Managed,Developed,rbha,,85 Starr Street Brooklyn NY 11237,Brooklyn,3,3186,3186,47,3031860047,3031860047,3072533,3,83,RBHA HDFC,100%,, None ,,,,, D , CH , HPD ,, MR ,,,,2014,1/1/2014,,,9/22/2006,9/22/2006, present ,7/16/2026,Multi-Family: Extremely-Low to Moderate Income,,,,,,,,,,,UHAB,,,N/A,3072533,,,Preservation Rehab,,,,None,,,,2007,9/22/2006,9/22/2006,,,,,,,1,1,1,5825,,,0,,,3,,3,3,3,,,,,0,0,3,0,0,0,3,365610,,,,,,,,,,,,,,,,
RBHA,RBHA,Residential,Multi-Family,Housing,Operational,Owned,Managed,Developed,rbha,,99 Central Ave Brooklyn NY 11206,Brooklyn,3,3173,3173,1,3031730001,3031730001,3072263,5,83,RBHA HDFC,100%,, None ,,,,, D , CF , HPD ,, MR ,,,,2014,1/1/2014,,,9/22/2006,9/22/2006, present ,7/16/2026,Commercial,,,,,,,,,,,UHAB,,,N/A,3072263,,,Preservation Rehab,,,,None,,,,2008,9/22/2006,9/22/2006,,,,,,,1,1,1,9419,,,0,,,3,,5,5,5,,,,,0,0,3,0,2,0,3,307168,,,,,,,,,,,,,,,,
My Space Realty,RBHA,Commercial,non-housing,Housing,Operational,Owned,Managed,,rbha,,99 Central Ave Brooklyn NY 11206,Brooklyn,3,3173,3173,1,3031730001,3031730001,3072263,0,83,RBHA HDFC,100%,, None ,,,,, D , Commercial , HPD ,, MR ,,,,2014,1/1/2014,,,9/22/2006,9/22/2006, present ,7/16/2026,Commercial,,,,,,,,,,,UHAB,,,N/A,3072263,,,Preservation Rehab,,,,None,,,,2008,10/19/2005,10/19/2005,,,,,,,0,0,,,,,,,,,,0,0,0,,,,,1,0,0,0,0,0,,,1,99-105 Central Ave AKA 99 Central,RBHA,Level One-BK1 Corp AKA My Space Realty,3rd Party,50%,retail,realty office ,"1,068",,,,,,,
"Van Der Most Modern, Inc",RBHA,Commercial,non-housing,Housing,Operational,Owned,Managed,,rbha,,99 Central Ave Brooklyn NY 11206,Brooklyn,3,3173,3173,1,3031730001,3031730001,3072263,0,83,RBHA HDFC,100%,, None ,,,,, D , Commercial , HPD ,, MR ,,,,2014,1/1/2014,,,9/22/2006,9/22/2006, present ,7/16/2026,Commercial,,,,,,,,,,,UHAB,,,N/A,3072263,,,Preservation Rehab,,,,None,,,,2008,10/19/2005,10/19/2005,,,,,,,0,0,,,,,,,,,,0,0,0,,,,,1,0,0,0,0,0,,,1,99-105 Central Ave aka 105 Central,RBHA,"Van Der Most Modern, Inc.",3rd Party,50%,retail,Furniture Store,1495,,,,,,,
Los Primos Grocery,RBHA,Commercial,non-housing,Housing,Operational,Owned,Managed,,rbha,,99-105 Central Avenue Brooklyn NY 11206,Brooklyn,3,3173,3173,1,3031730001,3031730001,3072263,0,83,RBHA HDFC,100%,, None ,,,,, D , CH , HPD ,, MR ,,,,2014,1/1/2014,,,9/22/2006,9/22/2006, present ,7/16/2026,Multi-Family: Extremely-Low to Moderate Income,,,,,,,,,,,UHAB,,,N/A,3072263,,,Preservation Rehab,,,,None,,,,2008,10/19/2005,10/19/2005,,,,,,,0,0,,,,,,,,,,0,0,0,,,,,1,0,0,0,0,0,,,1,99-105 Central Ave,RBHA,"Hector Monegro, DBA: Los Primos Grocery ",3rd Party,50%,retail,grocery ,962,T9002488,,,,,,
Renaissance Estates,Renaissance Estates,Residential,Multi-Family,Housing,Operational,Owned,Managed,Developed,renest,,10 Forrest Street Brooklyn NY 11206,Brooklyn,3,3145,3145,100,3031450100,3031450100,3387594,62,62,"Renaissance Estates Apartments, LP",100%,, LIHTC ,,,,, D ," RH, CF ", HCR ,, NC , All ,3/25/2004,3/25/2004,3/1/2006,3/1/2006,3/1/2006,3/1/2006,3/25/2004,3/25/2004, present ,7/16/2026,Multi-Family: Extremely-Low to Low Income,Vacant," $ 11,805,907.00 "," $ 11,805,907.00 "," $ 12,018,000.00 "," $ 12,018,000.00 ",3/25/2004,3/25/2004,SunAmerica,SunAmerica/NorthMarq,,RB Only,,,SunAmerica,3387594,,20020551,New Construction,HCR,,,HPD 9% LIHTC,,,,2006,3/1/2006,3/1/2006,,,,,,,1,1,1,70000,,,0,,,7,1,62,62,62,,,,,1,0,9,34,18,0,9,379574,,,,,,,,,,,,,,,,
RiseBoro - Diana Jones Senior Center,Renaissance Estates,RB Service Site,non-housing,Seniors,Operational,Owned,Managed,,,,"9 Noll St, Brooklyn, NY 11206",,,,,,,3031450100,,0,,"Renaissance Estates Apartments, LP",,,,,,,,,,,,,,,,,,,,,,,,,,,,,,,,,,,,,,,3387594,,,New Construction,,,,HPD 9% LIHTC,0,,,2006,3/1/2006,3/1/2006,,,,,,,0,0,,,,,,,,,,0,0,0,,0,,,0,0,0,0,0,0,,,1,9 Noll Street / 10 Forrest,"Renaissance Estates Apartments, LP",RiseBoro - Diana Jones Senior Center ,RB Affiliate,100%,community,social services,"16,700",T0003361,"9 Noll St, Brooklyn, NY 11206",Seniors,Diana Jones,Roxana Morales,Diana H. Jones Older Adult Center,
Rheingold Gardens,Rheingold Gardens,Residential,Multi-Family,Housing,Operational,Owned,Managed,Developed,,,533 Bushwick Avenue Brooklyn NY 11206,Brooklyn,3,3151,3151,209,3031510209,3031510209,3427342,51,93,"Rheingold Gardens Apartments, LP",,, LIHTC ,,,,, D ," RH, CF ", HCR ,, NC , All ,4/1/2003,4/1/2003,4/1/2005,4/1/2005,4/1/2005,4/1/2005,4/1/2003,4/1/2003, present ,7/16/2026,Multi-Family: Extremely-Low to Low Income,Vacant," $ 16,600,000.00 "," $ 16,600,000.00 "," $ 18,884,170.00 "," $ 18,884,170.00 ",4/1/2003,4/1/2003,SunAmerica,SunAmerica/NorthMarq,,RB Only,,,SunAmerica,,,,,,,,,,,,,,,,,,,,,1,1,1,,,,0,,,,1,51,51,51,,,,,1,0,33,52,8,0,,,,,,,,,,,,,,,,,,
Rheingold Gardens,Rheingold Gardens,Residential,Multi-Family,Housing,Operational,Owned,Managed,Developed,rheing,,555 Bushwick Avenue Brooklyn NY 11206,Brooklyn,3,3151,3151,12,3031510012,3031510012,3071908,42,93,"Rheingold Gardens Apartments, LP",100%,, LIHTC ,,,,, D ," RH, CF ", HCR ,, NC , All ,4/1/2003,4/1/2003,4/1/2005,4/1/2005,4/1/2005,4/1/2005,4/1/2003,4/1/2003, present ,7/16/2026,Multi-Family: Extremely-Low to Low Income,Vacant," $ 16,600,000.00 "," $ 16,600,000.00 "," $ 18,884,170.00 "," $ 18,884,170.00 ",4/1/2003,4/1/2003,SunAmerica,SunAmerica/NorthMarq,,RB Only,,,SunAmerica,,,,,,,,,,,,,,,,,,,,,1,1,1,,,,0,,,,,42,42,42,,,,,,0,,,,,,,,,,,,,,,,,,,,,,
RiseBoro - HomeCare,Rheingold Gardens,RB Service Site,non-housing,Health,Operational,Owned,Managed,,,,535 Bushwick Avenue Brooklyn NY 11206,Brooklyn,3,3151,3151,209,3031510209,3031510209,3427342,0,0,"Rheingold Gardens Apartments, LP",,,,,,,,,,,,,,,,,,,,,,,,,,,,,,,,,,,,,,,,,,,,,,,,,,,,,,,,,,,0,0,,,,,,,,,,,,,,,,,,0,0,0,0,0,,,1,533 Bushwick,Rheingold Gardens Apartments LP,RiseBoro - HomeCare,RB Affiliate,100%,community,social services,"9,638",T0004474,,,,,,
RiseBoro - Administrative Offices,Rheingold Gardens,RB Offices,non-housing,Infrastructure,Operational,Owned,Managed,,,,565 Bushwick Avenue Brooklyn NY 11206,Brooklyn,3,3151,3151,12,3031510012,3031510012,3071908,0,0,"Rheingold Gardens Apartments, LP",,,,,,,,,,,,,,,,,,,,,,,,,,,,,,,,,,,,,,,,,,,,,,,,,,,,,,,,,,,0,0,,,,,,,,,,,,,,,,,,0,0,0,0,0,,,1,565 Bushwick,"Rheingold Gardens Apartments, LP",RiseBoro - Administrative Offices,RB Affiliate,100%,community,social services,"3,459",,,,,,,
Rheingold Heights One,Rheingold Heights 1,Residential,Multi-Family,Housing,Operational,Owned,Managed,Developed,heights1,,87 Melrose Street Brooklyn NY 11206,Brooklyn,3,3151,3151,1101,3031511101,3031511101,3396904,58,58,Rheingold Heights One Associates LP,100%,, LIHTC ,,,,, D ," RH, CF ", HCR ,, NC , All ,12/31/2007,12/31/2007,5/9/2010,5/9/2010,5/9/2009,5/9/2009,12/31/2007,12/31/2007, present ,7/16/2026,Multi-Family: Extremely-Low to Low Income,Vacant," $ 14,609,520.00 "," $ 14,609,520.00 "," $ 18,000,000.00 "," $ 18,000,000.00 ",12/31/2007,12/31/2007,Capital One,Capital One/Hudson,,RB Only,,,Hudson,3396904,,20050235,New Construction,HCR,,,HPD 9% LIHTC,,,,2010,5/1/2010,5/1/2010,,,,,,,1,1,1,58000,,,0,,,7,1,58,58,58,,,,,1,0,6,36,16,0,208,382873,,,,,,,,,,,,,,,,
RiseBoro - Community Affairs Office,Rheingold Heights 1,RB Offices,non-housing,Infrastructure,Operational,Owned,Managed,,,,87 Melrose A aka 85 Melrose,,3,3151,3151,163,3031510163,3031510163,,0,0,Rheingold Heights One Associates LP,100%,,,,,,,,,,,,,,,,,,,,,,,,,,,,,,,,,,,,,,,,,,,,,,,,,,,,,,,,,,0,0,,,,,,,,,,,,,,,,,,0,0,0,0,0,,,1,87 Melrose AKA 85 Melrose,Rheingold Heights I,RiseBoro - Community Affairs Office aka 85 Melrose,RB Affiliate,100%,retail,Office - CA,"2,200",,85 Melrose,Empowerment,,,Neighborhood 360,
RiseBoro - IT Office,Rheingold Heights 1,RB Offices,non-housing,Infrastructure,Operational,Owned,Managed,,,,87 Melrose B Street Brooklyn NY 11206,Brooklyn,3,3151,3151,1102,3031511102,3031511102,3396904,0,0,,,,,,,,,,,,,,,,,,,,,,,,,,,,,,,,,,,,,,,,,,,,,,,,,,,,,,,,,,,,0,0,,,,,,,,,,,,,,,,,,,,,,,,,1,87 Melrose B,Rheingold Heights I,RiseBoro - IT Office,RB Affiliate,100%,community,Office - IT,500,,,,,,,
Rheingold Heights One,Rheingold Heights 1,Condo,non-housing,Housing,Operational,Owned,Managed,,heights1,,87 Melrose Street Brooklyn NY 11206,Brooklyn,3,3151,3151,7503,3031517503,3031517503,3396904,0,0,Rheingold Heights One Associates LP,100%,,,,,,,,,,, NC , All ,12/31/2007,12/31/2007,5/9/2010,5/9/2010,5/9/2009,5/9/2009,12/31/2007,12/31/2007, present ,7/16/2026,,Vacant," $ 14,609,520.00 "," $ 14,609,520.00 "," $ 18,000,000.00 "," $ 18,000,000.00 ",12/31/2007,12/31/2007,Capital One,Capital One/Hudson,,RB Only,,,,,,,,,,,,,,,,,,,,,,,,0,0,,,,,,,,,,,,,,,,,,0,0,0,0,0,,,1,,,,,,,,,,,,,,,
Rheingold Heights Two,Rheingold Heights 2,Residential,Multi-Family,Housing,Operational,Owned,Managed,Developed,heights2,,591 Bushwick Avenue Brooklyn NY 11206,Brooklyn,3,3151,3151,1203,3031511203,3031511203,3400523,59,59,Rheingold Heights Two  Associates LP,100%,, LIHTC ,,,,, D ," RH, CF ", HCR ,, NC , All ,12/16/2008,12/16/2008,12/10/2010,12/10/2010,6/1/2010,6/1/2010,12/16/2008,12/16/2008, present ,7/16/2026,Multi-Family: Extremely-Low to Low Income,Vacant," $ 15,947,500.00 "," $ 15,947,500.00 "," $ 24,042,115.00 "," $ 24,042,115.00 ",12/16/2008,12/16/2008,Capital One,Capital One/Hudson,,RB Only,,,Hudson,3400523,,20060087,New Construction,HCR,,,HPD 9% LIHTC,,,,2009,12/1/2010,12/1/2010,,,,,,,1,1,1,59000,,,0,,,7,1,59,59,59,,,,,1,1,5,36,17,0,218,383501,,,,,,,,,,,,,,,,
Rheingold Heights Two,Rheingold Heights 2,Condo,non-housing,Housing,Operational,Owned,Managed,,heights2,,591 Bushwick Avenue Brooklyn NY 11206,Brooklyn,3,3151,3151,7502,3031517502,3031517502,3400523,0,0,Rheingold Heights Two  Associates LP,100%,,,,,,, D ,,,, NC , All ,12/16/2008,12/16/2008,12/10/2010,12/10/2010,6/1/2010,6/1/2010,12/16/2008,12/16/2008, present ,7/16/2026,Commercial,Vacant," $ 15,947,500.00 "," $ 15,947,500.00 "," $ 24,042,115.00 "," $ 24,042,115.00 ",12/16/2008,12/16/2008,Capital One,Capital One/Hudson,,RB Only,,,,,,,,,,,,,,,,,,,,,,,,0,0,,,,,,,,,,,,,,,,,,0,0,0,0,0,,,1,61 Melrose B,Rheingold Heights II,vacant ,3rd Party,100%,retail,vacant,"2,200",,,,,,,
Glenridge Medical Associates,Rheingold Heights 2,3rd Party Service Site,non-housing,Housing,Operational,Owned,Managed,,heights2,,61 Melrose Street Brooklyn NY 11206,Brooklyn,3,3151,3151,1202,3031511202,3031511202,3400523,0,0,Rheingold Heights Two  Associates LP,100%,,,,,,, D ,,,, NC , All ,12/16/2008,12/16/2008,12/10/2010,12/10/2010,6/1/2010,6/1/2010,12/16/2008,12/16/2008, present ,7/16/2026,,Vacant," $ 15,947,500.00 "," $ 15,947,500.00 "," $ 24,042,115.00 "," $ 24,042,115.00 ",12/16/2008,12/16/2008,Capital One,Capital One/Hudson,,RB Only,,,,,,,,,,,,,,,,,,,,,,,,0,0,,,,,,,,,,,,,,,,,,0,0,0,0,0,,,1,61 Melrose AKA 591 Bushwick Ave,Rheigold Heights II,"Glenridge Medical Associates, P.C",3rd Party,100%,retail,Medical - Doctor's Office,"2,850",,,,,,,
Rheingold Heights Two,Rheingold Heights 2,Commercial,non-housing,Housing,Operational,Owned,Managed,,heights2,,61 Melrose Street Brooklyn NY 11206,Brooklyn,3,3151,3151,1201,3031511201,3031511201,3400523,0,,Rheingold Heights Two  Associates LP,100%,,,,,,, D ,,,, NC , All ,12/16/2008,12/16/2008,12/10/2010,12/10/2010,6/1/2010,6/1/2010,12/16/2008,12/16/2008, present ,7/16/2026,,Vacant," $ 15,947,500.00 "," $ 15,947,500.00 "," $ 24,042,115.00 "," $ 24,042,115.00 ",12/16/2008,12/16/2008,Capital One,Capital One/Hudson,,RB Only,,,,3400523,,20060087,New Construction,HCR,,,None,,,,,,,,,,,,,0,0,,,,,,,,,,0,0,0,,,,,,0,0,0,0,0,,,1,,,,,,,,,,,,,,,
Ridgewood Bushwick Older Adult Center,Ridgewood Bushwick Older Adult Center,RB Service Site,non-housing,Seniors,Operational,Not owned,Not managed,,,,"319 Stanhope Street, Brooklyn, NY 11237",,,,,,,3032590023,3074237,0,,,,,,,,,,,,,,,,,,,,,,,,,,,,,,,,,,,,,,,,,,,,,,,,,,,,,,,,,,,,,0,0,,,,,,,,,,,,,,,,,,0,0,0,0,0,,,,,,,,,,,,,"319 Stanhope Street, Brooklyn, NY 11237",Seniors,RBSC,Erica Marin,Ridgewood Bushwick Older Adult Center,
RiseBoro - Housing Office,RiseBoro Housing Office,RB Offices,non-housing,Housing,Operational,Owned,Managed,,cic,,217 Wyckoff Avenue Brooklyn NY 11237,Brooklyn,3,3291,3291,1,3032910001,3032910001,3326375,0,0,Community Improvement Corp,100%,, None ,,,,, D , O ,  -   ,, NC , All ,,,,,,,1/24/1986,1/24/1986, present ,7/16/2026,Commercial/CSF,,,,,,,,,,,RB Only,,,N/A,3326375,,,New Construction,,,,None,,,,2013,5/1/1987,5/1/1987,,,,,,,1,1,,3200,,,,,,2,0,0,0,0,,,,,1,0,0,0,0,0,,398259,1,217 Wyckoff,CIC,RiseBoro - Housing ,RB Affiliate,100%,community,Housing Office,"7,474",,217 Wyckoff,Housing; Supportive Services,,,Affordable Housing; Property Management; Supportive Services,
RiseBoro TPT Ten,RiseBoro TPT Ten,Residential,Multi-Family,Housing,Operational,Owned,Managed,Developed,111Lind,tpt10con,"109-111 Linden Street, Brooklyn, NY 11221",Brooklyn,3,3323,3323,62,3033230062,3033230062,3076111,16,56,RiseBoro TPT 10 HDFC,100%,NYSSHP, 9% LIHTC ,,,,, D , RH , HPD ," HPD TPT MPLP, Hollis Savage + Hadiya Housepian ", SR , ALL ,5/1/2023,5/1/2023,9/1/2024,9/1/2024,4/1/2026,4/1/2026,9/6/2018,9/6/2018, present ,7/16/2026,Multi-Family: Extremely-Low to Low Income,"4 Vacant, 2 Occupied"," $ 17,662,741.00 "," $ 17,662,741.00 "," $ 29,428,209.00 "," $ 29,428,209.00 ",5/1/2023,5/1/2023,Citizen's Bank,None,,RB Only,,,Enterprise,3076111,,,Preservation Rehab,HPD TPT,,,HPD 9% LIHTC,,,TPT 10,2024,9/6/2018,9/6/2018,,,,,,,1,1,1,,,,0,,,4,,16,16,16,0,0,,,0,0,0,13,3,0,,,,,,,,,,,,,,,,,,
RiseBoro TPT Ten,RiseBoro TPT Ten,Residential,Multi-Family,Housing,Operational,Owned,Managed,Developed,115Lind,tpt10con,"113-115 Linden Street, Brooklyn, NY 11221",Brooklyn,3,3323,3323,60,3033230060,3033230060,3076110,17,56,RiseBoro TPT 10 HDFC,100%,NYSSHP, 9% LIHTC ,,,,, D , RH , HPD ," HPD TPT MPLP, Hollis Savage + Hadiya Housepian ", SR , ALL ,5/1/2023,5/1/2023,9/1/2024,9/1/2024,4/1/2026,4/1/2026,9/6/2018,9/6/2018, present ,7/16/2026,Multi-Family: Extremely-Low to Low Income,"4 Vacant, 2 Occupied"," $ 17,662,741.00 "," $ 17,662,741.00 "," $ 29,428,209.00 "," $ 29,428,209.00 ",5/1/2023,5/1/2023,Citizen's Bank,None,,RB Only,,,Enterprise,3076110,,,Preservation Rehab,HPD TPT,,,HPD 9% LIHTC,,,TPT 10,2024,9/6/2018,9/6/2018,,,,,,,1,1,1,,,,0,,,4,,17,17,17,0,0,,,0,0,3,6,2,6,,,,,,,,,,,,,,,,,,
RiseBoro TPT Ten,RiseBoro TPT Ten,Residential,Multi-Family,Housing,Operational,Owned,Managed,Developed,135Mena,tpt10con,"135 Menahan Street, Brooklyn, NY, 11237",Brooklyn,3,3306,3306,53,3033060053,3033060053,3075660,5,56,RiseBoro TPT 10 HDFC,100%,, 9% LIHTC ,,,,, D , RH , HPD ," HPD TPT MPLP, Hollis Savage + Hadiya Housepian ", SR , ALL ,5/1/2023,5/1/2023,9/1/2024,9/1/2024,4/1/2026,4/1/2026,9/6/2018,9/6/2018, present ,7/16/2026,Multi-Family: Extremely-Low to Low Income,"4 Vacant, 2 Occupied"," $ 17,662,741.00 "," $ 17,662,741.00 "," $ 29,428,209.00 "," $ 29,428,209.00 ",5/1/2023,5/1/2023,Citizen's Bank,None,,RB Only,,,Enterprise,3075660,,,Preservation Rehab,HPD TPT,,,HPD 9% LIHTC,,,TPT 10,2024,3/1/2020,3/1/2020,,,,,,,1,1,1,,,,0,,0,,,5,5,5,0,0,,,0,0,1,1,2,1,,,,,,,,,,,,,,,,,,
RiseBoro TPT Ten,RiseBoro TPT Ten,Residential,Multi-Family,Housing,Operational,Owned,Managed,Developed,160Bleek,tpt10con,"160 Bleecker Street, Brooklyn, NY, 11221",Brooklyn,3,3306,3306,22,3033060022,3033060022,3075647,6,56,RiseBoro TPT 10 HDFC,100%,, 9% LIHTC ,,,,, D , RH , HPD ," HPD TPT MPLP, Hollis Savage + Hadiya Housepian ", SR , ALL ,5/1/2023,5/1/2023,9/1/2024,9/1/2024,4/1/2026,4/1/2026,9/6/2018,9/6/2018, present ,7/16/2026,Multi-Family: Extremely-Low to Low Income,"4 Vacant, 2 Occupied"," $ 17,662,741.00 "," $ 17,662,741.00 "," $ 29,428,209.00 "," $ 29,428,209.00 ",5/1/2023,5/1/2023,Citizen's Bank,None,,RB Only,,,Enterprise,3075647,,,Preservation Rehab,HPD TPT,,,HPD 9% LIHTC,,,TPT 10,2024,9/6/2018,9/6/2018,,,,,,,1,1,1,,,,0,,,3,,6,6,6,0,0,,,0,0,0,2,4,0,,,,,,,,,,,,,,,,,,
RiseBoro TPT Ten,RiseBoro TPT Ten,Residential,Multi-Family,Housing,Operational,Owned,Managed,Developed,230moffa,tpt10con,"230 Moffat Street, Brooklyn, NY, 11207",Brooklyn,3,3447,3447,33,3034470033,3034470033,3080172,6,56,RiseBoro TPT 10 HDFC,100%,, 9% LIHTC ,,,,, D , RH , HPD ," HPD TPT MPLP, Hollis Savage + Hadiya Housepian ", SR , ALL ,5/1/2023,5/1/2023,9/1/2024,9/1/2024,4/1/2026,4/1/2026,9/6/2018,9/6/2018, present ,7/16/2026,Multi-Family: Extremely-Low to Low Income,"4 Vacant, 2 Occupied"," $ 17,662,741.00 "," $ 17,662,741.00 "," $ 29,428,209.00 "," $ 29,428,209.00 ",5/1/2023,5/1/2023,Citizen's Bank,None,,RB Only,,,Enterprise,3080172,,,Preservation Rehab,HPD MPLP,,,HPD 9% LIHTC,,,TPT 10,2024,9/6/2018,9/6/2018,,,,,,,1,1,1,,,,0,,,3,,6,6,6,0,0,,,0,0,0,0,6,0,,,,,,,,,,,,,,,,,,
RiseBoro TPT Ten,RiseBoro TPT Ten,Residential,Multi-Family,Housing,Operational,Owned,Managed,Developed,301Harm,tpt10con,"301 Harman Street, Brooklyn, NY, 11237",Brooklyn,3,3279,3279,48,3032790048,3032790048,3074838,6,56,RiseBoro TPT 10 HDFC,100%,, 9% LIHTC ,,,,, D , RH , HPD ," HPD TPT MPLP, Hollis Savage + Hadiya Housepian ", SR , ALL ,5/1/2023,5/1/2023,9/1/2024,9/1/2024,4/1/2026,4/1/2026,9/6/2018,9/6/2018, present ,7/16/2026,Multi-Family: Extremely-Low to Low Income,"4 Vacant, 2 Occupied"," $ 17,662,741.00 "," $ 17,662,741.00 "," $ 29,428,209.00 "," $ 29,428,209.00 ",5/1/2023,5/1/2023,Citizen's Bank,None,,RB Only,,,Enterprise,3074838,,,Preservation Rehab,HPD TPT,,,HPD 9% LIHTC,,,TPT 10,2024,9/6/2018,9/6/2018,,,,,,,1,1,1,,,,0,,,3,,6,6,6,0,0,,,0,0,0,2,4,0,,,,,,,,,,,,,,,,,,
RiseBoro Community Farm,RiseBoro Youth Center,Urban Farm,non-housing,Health,Operational,Not owned,Managed,,,,"1474 Gates Avenue, Brooklyn NY 11237",,,,,,,3033440016,,0,,HPD,,,,,,,,,,,,,,,,,,,,,,,,,,,,,,,,,,,,,,,,,,,,,,,,,,,,,,,,,,,0,0,,,,,,,,,,,,,,,,,,0,0,0,0,0,,,,,,,,,,,,,,,,,,
RiseBoro Youth Center,RiseBoro Youth Center,RB Service Site,non-housing,Education,Operational,Not owned,Managed,,,,"1474 Gates Avenue, Brooklyn NY 11237",,,,,,,3033440016,,0,,HPD,,,,,,,,,,,,,,,,,,,,,,,,,,,,,,,,,,,,,,,3387654,,,New Construction,,,,None,,,,2003,6/1/2003,6/1/2003,,,,,,,0,0,,,,,,,,,,0,0,0,,,,,0,0,0,0,0,0,,,,,,,,,,,,,"1474 Gates Avenue, Brooklyn NY 11237",Education; Empowerment,,,C2C/BRY; FFT-A; PEAK; WISE; ECHO; The Brooklyn W.A.Y.; Adult Literacy (Evening Program); Adult Literacy (Morning Program); ABE/HSE; SONYC; COMPASS at Youth Center; Educational Support; Work Learn Grow; Learn and Earn; Summer Youth Employment Program; Bushwick Grows Community Farm,
Schaefer Street Apartments,Schaefer Street Apartments,Residential,Supportive,Housing,Operational,Owned,Managed,Developed,schaeff,,21 Schaefer Street Brooklyn NY 11207,Brooklyn,3,3420,3420,48,3034200048,3034200048,3413848,33,33,Schaefer St Apartments HDFC,100%,Supportive, HOME ,,,,, D , RH , OTDA ,, MR , All ,5/15/2009,5/15/2009,9/1/2010,9/1/2010,1/1/2010,1/1/2010,5/15/2009,5/15/2009, present ,7/16/2026,"HOME, Supportive Population",Vacant," $ 2,290,000.00 "," $ 2,290,000.00 "," $ 9,155,237.00 "," $ 9,155,237.00 ",5/15/2009,5/15/2009,HHAP,OTDA,,RB Only,,,N/A,3413848,,,New Construction,,,,,,,Supportive,2010,9/10/2010,9/10/2010,,,,,,,1,1,1,31757,,,0,,,6,1,33,33,33,,,,,0,0,0,22,11,0,217,383806,,,,,,,,,,,,,,,,
South Bushwick Neighborhood Homeownership,South Bushwick Neighborhood Homes,Residential,Homeownership,Housing,Construction,Not Owned,Not managed,Developed,1143hck,,1143 Hancock Street Brooklyn NY 11221,Brooklyn,3,3389,3389,45,3033890045,3033890045,3077905,3,21,South Bushwick Neighborhood Homes HDFC,100%,, N/A ,,,,, D , CH , HPD ," HPD Open Door, Alice Friedman ", NC  , N/A ,6/1/2020,6/1/2020,TBD,,TBD,,11/21/2003,11/21/2003, present ,12/1/2013,TBD,Vacant, TBD , TBD , TBD , TBD ,N/A,,TBD,HPD,,InterBoro CLT,,,N/A,3077905,,,New Construction,,,,,,,Open Door,,1/21/2004,1/21/2004,,,,,,,0,0,,,,2000,,,0,3,,3,0,0,,,,,0,0,1,2,0,0,,,,,,,,,,,,,,,,,,
South Bushwick Neighborhood Homeownership,South Bushwick Neighborhood Homes,Residential,Homeownership,Housing,Construction,Not Owned,Not managed,,1262bwk,,1262 Bushwick Avenue Brooklyn NY 11207,Brooklyn,3,3401,3401,37,3034010037,3034010037,3078491,0,21,South Bushwick Neighborhood Homes HDFC,100%,, N/A ,,,,, D , CH , HPD ," HPD Open Door, Alice Friedman ", NC  , N/A ,6/1/2020,6/1/2020,TBD,,TBD,,11/21/2003,11/21/2003, present ,12/1/2013,TBD,Vacant, TBD , TBD , TBD , TBD ,N/A,,TBD,HPD,,InterBoro CLT,,,N/A,3078491,,,New Construction,,,,,,,Open Door,,1/21/2004,1/21/2004,,,,,,2.37,0,0,,,3556,1500,,,0,,,0,0,0,,,,,0,0,0,0,0,0,,,,,,,,,,,,,,,,,,
South Bushwick Neighborhood Homeownership,South Bushwick Neighborhood Homes,Residential,Homeownership,Housing,Construction,Not Owned,Not managed,,1264bwk,,1264 Bushwick Avenue Brooklyn NY 11207,Brooklyn,3,3401,3401,38,3034010038,3034010038,3000000,8,21,South Bushwick Neighborhood Homes HDFC,100%,, N/A ,,,,, D , CH , HPD ," HPD Open Door, Alice Friedman ", NC  , N/A ,6/1/2020,6/1/2020,TBD,,TBD,,9/21/2016,9/21/2016, present ,12/1/2013,TBD,Vacant, TBD , TBD , TBD , TBD ,9/1/2016,9/1/2016,TBD,HPD,,InterBoro CLT,,,N/A,3000000,,,New Construction,,,,,,,Open Door,,9/12/2016,9/12/2016,,,,,,,0,0,,,,1650,,,0,4,,8,0,0,,,,,0,0,7,1,0,0,,,,,,,,,,,,,,,,,,
South Bushwick Neighborhood Homeownership,South Bushwick Neighborhood Homes,Residential,Homeownership,Housing,Construction,Not Owned,Not managed,,chauncey,,635 Chauncey St Brooklyn NY 11207,Brooklyn,3,3444,3444,18,3034440018,3034440018,TBD,8,21,South Bushwick Neighborhood Homes HDFC,100%,, N/A ,,,,, D , CH , HPD ," HPD Open Door, Alice Friedman ", NC  , N/A ,6/1/2020,6/1/2020,TBD,,TBD,,TBD,, present ,12/1/2013,TBD,Vacant, TBD , TBD , TBD , TBD ,N/A,,TBD,HPD,,InterBoro CLT,,,N/A,,,,New Construction,HPD OPEN DOOR,,,,,,Open Door,,12/15/2018,12/15/2018,,,,,,,0,0,,,,4375,,,0,4,,8,0,0,,,,,0,0,2,2,4,0,,,,,,,,,,,,,,,,,,
South Bushwick Neighborhood Homeownership,South Bushwick Neighborhood Homes,Residential,Homeownership,Housing,Construction,Not Owned,Not managed,,676cent,,676 Central Ave Brooklyn NY 11203,Brooklyn,3,3440,3440,35,3034400035,3034400035,TBD,2,21,South Bushwick Neighborhood Homes HDFC,100%,, N/A ,,,,, D , CH , HPD ," HPD Open Door, Alice Friedman ", NC  , N/A ,6/1/2020,6/1/2020,TBD,,TBD,,TBD,, present ,12/1/2013,TBD,Vacant, TBD , TBD , TBD , TBD ,N/A,,TBD,HPD,,InterBoro CLT,,,N/A,,,,New Construction,HPD OPEN DOOR,,,,,,Open Door,,12/15/2018,12/15/2018,,,,,,,0,0,,,,1700,,,0,3,,2,0,0,,,,,0,0,1,0,1,0,,,,,,,,,,,,,,,,,,
South Bushwick Neighborhood Homeownership,South Bushwick Neighborhood Homes,Pre-Dev Site,Homeownership,Housing,Predevelopment,Not Owned,Not managed,,1277deka,,1277 Dekalb Avenue Brooklyn NY 11221,Brooklyn,3,3232,3232,63,3032320063,3032320063,TBD,2,23,South Bushwick Neighborhood Homes HDFC,100%,, N/A ,,,,, D , CH , HPD ," HPD Open Door, Alice Friedman ", NC  , N/A ,6/1/2020,6/1/2020,TBD,,TBD,,TBD,, present ,12/1/2013,TBD,Vacant, TBD , TBD , TBD , TBD ,N/A,,TBD,HPD,,InterBoro CLT,,,N/A,,,,New Construction,HPD OPEN DOOR,,,,,,Open Door,,12/15/2018,12/15/2018,,,,,,,0,0,,,,1411,,,0,4,,3,0,0,,,,,0,0,0,0,0,0,,,,,,,,,,,,,,,,,,
"Spectrum Assigned (from Koster, MD, P.C.)",Stammtisch,3rd Party Service Site,non-housing,Housing,Operational,Owned,Managed,,,,279 Wyckoff Avenue Brooklyn NY 11237,,,,3320,1,3033200001,3033200001,,0,,Stammtisch HDFC,,,,,,,,,,,,,,,,,,,,,,,,,,,,,,,,,,,,,,,,,,,,,,,,,,,,,,,,,,,0,0,,,,,,,,,,,,,,,,,,0,0,0,0,0,,,1,279 Wyckoff,"Stammtisch Associates, L.P.","Spectrum Assigned (from Koster, MD, P.C.)",3rd Party,100%,retail,Medical - Doctor's Office,"2,200",T0004913,,,,,,
The Bushwick Bagel House,Stammtisch,Commercial,non-housing,Housing,Operational,Owned,Managed,,,,299 Wyckoff Avenue Brooklyn NY 11237,,,,3329,1,3033290001,3033290001,,0,,Stammtisch HDFC,,,,,,,,,,,,,,,,,,,,,,,,,,,,,,,,,,,,,,,,,,,,,,,,,,,,,,,,,,,0,0,,,,,,,,,,,,,,,,,,0,0,0,0,0,,,1,299 Wyckoff,"Stammtisch Associates, L.P.",The Bushwick Bagel House,3rd Party,100%,retail,restaurant - Bagel Shop,"1,500",T0004870,,,,,,
Stammtisch,Stammtisch,Residential,Multi-Family,Housing,Operational,Owned,Managed,Developed,stamm,,1116 Willoughby Avenue Brooklyn NY 11237,Brooklyn,3,3209,3209,12,3032090012,3032090012,3072931,4,46,Stammtisch HDFC,100%,, LIHTC ,,,,, D , RH , HPD ,, SR , All ,12/1/2013,12/1/2013,9/1/2015,9/1/2015,12/1/2016,12/1/2016,12/1/2013,12/1/2013, present ,7/16/2026,Multi-Family: Extremely-Low to Low Income,Vacant," $ 10,000,000.00 "," $ 10,000,000.00 "," $ 18,226,649.37 "," $ 18,226,649.37 ",12/1/2013,12/1/2013,CPC,CPC/Richman,,RB Only,,,Richman,3072931,,,Preservation Rehab,,,,HPD 9% LIHTC,,,,2015,1/17/2004,1/17/2004,,,,,,,1,1,1,4125,,,0,,,3,,4,4,4,,,,,0,0,2,0,2,0,294,361185,,,,,,,,,,,,,,,,
Stammtisch,Stammtisch,Residential,Multi-Family,Housing,Operational,Owned,Managed,Developed,stamm,,1285 Greene Avenue Brooklyn NY 11237,Brooklyn,3,3287,3287,40,3032870040,3032870040,3413942,5,46,Stammtisch HDFC,100%,, LIHTC ,,,,, D , RH , HPD ,, SR , All ,12/1/2013,12/1/2013,9/1/2015,9/1/2015,12/1/2016,12/1/2016,12/1/2013,12/1/2013, present ,7/16/2026,Multi-Family: Extremely-Low to Low Income,Vacant," $ 10,000,000.00 "," $ 10,000,000.00 "," $ 18,226,649.37 "," $ 18,226,649.37 ",12/1/2013,12/1/2013,CPC,CPC/Richman,,RB Only,,,Richman,3413942,,,Preservation Rehab,,,,HPD 9% LIHTC,,,,2016,7/1/2016,7/1/2016,,,,,,,1,1,1,5425,,,0,,,4,,5,5,5,,,,,0,0,0,5,0,0,294,318372,,,,,,,,,,,,,,,,
Stammtisch,Stammtisch,Residential,Multi-Family,Housing,Operational,Owned,Managed,Developed,stamm,,1344 Willoughby Avenue Brooklyn NY 11237,Brooklyn,3,3211,3211,17,3032110017,3032110017,3072995,3,46,Stammtisch HDFC,100%,, LIHTC ,,,,, D , RH , HPD ,, SR , All ,12/1/2013,12/1/2013,9/1/2015,9/1/2015,12/1/2016,12/1/2016,12/1/2013,12/1/2013, present ,7/16/2026,Multi-Family: Extremely-Low to Low Income,Vacant," $ 10,000,000.00 "," $ 10,000,000.00 "," $ 18,226,649.37 "," $ 18,226,649.37 ",12/1/2013,12/1/2013,CPC,CPC/Richman,,RB Only,,,Richman,3072995,,,Preservation Rehab,,,,HPD 9% LIHTC,,,,2015,9/1/2015,9/1/2015,,,,,,,1,1,1,4432,,,0,,,3,,3,3,3,,,,,0,0,2,1,0,0,294,372154,,,,,,,,,,,,,,,,
Stammtisch,Stammtisch,Residential,Multi-Family,Housing,Operational,Owned,Managed,Developed,stamm,,1351 Greene Avenue Brooklyn NY 11237,Brooklyn,3,3289,3289,44,3032890044,3032890044,3075122,6,46,Stammtisch HDFC,100%,, LIHTC ,,,,, D , RH , HPD ,, SR , All ,12/1/2013,12/1/2013,9/1/2015,9/1/2015,12/1/2016,12/1/2016,12/1/2013,12/1/2013, present ,7/16/2026,Multi-Family: Extremely-Low to Low Income,Vacant," $ 10,000,000.00 "," $ 10,000,000.00 "," $ 18,226,649.37 "," $ 18,226,649.37 ",12/1/2013,12/1/2013,CPC,CPC/Richman,,RB Only,,,Richman,3075122,,,Preservation Rehab,,,,HPD 9% LIHTC,,,,2015,1/19/2004,1/19/2004,,,,,,,1,1,1,5859,,,0,,,3,,6,6,6,,,,,0,0,0,5,1,0,294,357511,,,,,,,,,,,,,,,,
Stammtisch,Stammtisch,Residential,Multi-Family,Housing,Operational,Owned,Managed,Developed,stamm,,1560 Dekalb Avenue Brooklyn NY 11237,Brooklyn,3,3248,3248,11,3032480011,3032480011,3073908,5,46,Stammtisch HDFC,100%,, LIHTC ,,,,, D , RH , HPD ,, SR , All ,12/1/2013,12/1/2013,9/1/2015,9/1/2015,12/1/2016,12/1/2016,12/1/2013,12/1/2013, present ,7/16/2026,Multi-Family: Extremely-Low to Low Income,Vacant," $ 10,000,000.00 "," $ 10,000,000.00 "," $ 18,226,649.37 "," $ 18,226,649.37 ",12/1/2013,12/1/2013,CPC,CPC/Richman,,RB Only,,,Richman,3073908,,,Preservation Rehab,,,,HPD 9% LIHTC,,,,2015,6/9/2015,6/9/2015,,,,,,,1,1,1,4842,,,0,,,3,,5,5,5,,,,,0,0,0,2,3,0,294,309260,,,,,,,,,,,,,,,,
Stammtisch,Stammtisch,Residential,Multi-Family,Housing,Operational,Owned,Managed,Developed,stamm,,195 Stockholm Street Brooklyn NY 11237,Brooklyn,3,3246,3246,38,3032460038,3032460038,3073844,5,46,Stammtisch HDFC,100%,, LIHTC ,,,,, D , RH , HPD ,, SR , All ,12/1/2013,12/1/2013,9/1/2015,9/1/2015,12/1/2016,12/1/2016,12/1/2013,12/1/2013, present ,7/16/2026,Multi-Family: Extremely-Low to Low Income,Vacant," $ 10,000,000.00 "," $ 10,000,000.00 "," $ 18,226,649.37 "," $ 18,226,649.37 ",12/1/2013,12/1/2013,CPC,CPC/Richman,,RB Only,,,Richman,3073844,,,Preservation Rehab,,,,HPD 9% LIHTC,,,,2015,1/18/2004,1/18/2004,,,,,,,1,1,1,4800,,,0,,,3,,5,5,5,,,,,0,0,0,4,0,1,294,341978,,,,,,,,,,,,,,,,
Stammtisch,Stammtisch,Residential,Multi-Family,Housing,Operational,Owned,Managed,Developed,stamm,,26 Morgan Avenue Brooklyn NY 11237,Brooklyn,3,3012,3012,8,3030120008,3030120008,3070725,5,46,Stammtisch HDFC,100%,, LIHTC ,,,,, D , RH , HPD ,, SR , All ,12/1/2013,12/1/2013,9/1/2015,9/1/2015,12/1/2016,12/1/2016,12/1/2013,12/1/2013, present ,7/16/2026,Multi-Family: Extremely-Low to Low Income,Vacant," $ 10,000,000.00 "," $ 10,000,000.00 "," $ 18,226,649.37 "," $ 18,226,649.37 ",12/1/2013,12/1/2013,CPC,CPC/Richman,,RB Only,,,Richman,3070725,,,Preservation Rehab,,,,HPD 9% LIHTC,,,,2015,7/30/2015,7/30/2015,,,,,,,1,1,1,4179,,,0,,,3,,5,5,5,,,,,0,0,0,2,3,0,294,344097,,,,,,,,,,,,,,,,
Stammtisch,Stammtisch,Residential,Multi-Family,Housing,Operational,Owned,Managed,Developed,stamm,,27 Granite Street Brooklyn NY 11207,Brooklyn,3,3456,3456,45,3034560045,3034560045,3080321,5,46,Stammtisch HDFC,100%,, LIHTC ,,,,, D , RH , HPD ,, SR , All ,12/1/2013,12/1/2013,9/1/2015,9/1/2015,12/1/2016,12/1/2016,12/1/2013,12/1/2013, present ,7/16/2026,Multi-Family: Extremely-Low to Low Income,Vacant," $ 10,000,000.00 "," $ 10,000,000.00 "," $ 18,226,649.37 "," $ 18,226,649.37 ",12/1/2013,12/1/2013,CPC,CPC/Richman,,RB Only,,,Richman,3080321,,,Preservation Rehab,,,,HPD 9% LIHTC,,,,2015,7/2/2015,7/2/2015,,,,,,,1,1,1,4237,,,0,,,3,,5,5,5,,,,,0,0,1,1,3,0,294,352093,,,,,,,,,,,,,,,,
Stammtisch,Stammtisch,Residential,Multi-Family,Housing,Operational,Owned,Managed,Developed,stamm,,279 Wyckoff Avenue Brooklyn NY 11237,Brooklyn,3,3320,3320,1,3033200001,3033200001,3075982,2,allprop,Stammtisch HDFC,100%,, LIHTC ,,,,, D , RH , HPD ,, SR , All ,12/1/2013,12/1/2013,9/1/2015,9/1/2015,12/1/2016,12/1/2016,12/1/2013,12/1/2013, present ,7/16/2026,Multi-Family: Extremely-Low to Low Income,Vacant," $ 10,000,000.00 "," $ 10,000,000.00 "," $ 18,226,649.37 "," $ 18,226,649.37 ",12/1/2013,12/1/2013,CPC,CPC/Richman,,RB Only,,,Richman,3075982,,,Preservation Rehab,,,,HPD 9% LIHTC,,,,2015,8/7/1987,8/7/1987,,,,,,,1,1,1,4969,,,0,,,3,,2,2,2,,,,,1,0,2,0,0,0,294,812321,,,,,,,,,,,,,,,,
Stammtisch,Stammtisch,Residential,Multi-Family,Housing,Operational,Owned,Managed,Developed,stamm,,299 Wyckoff Avenue Brooklyn NY 11237,Brooklyn,3,3329,3329,1,3033290001,3033290001,3076194,3,46,Stammtisch HDFC,100%,, LIHTC ,,,,, D , RH , HPD ,, SR , All ,12/1/2013,12/1/2013,9/1/2015,9/1/2015,12/1/2016,12/1/2016,12/1/2013,12/1/2013, present ,7/16/2026,Multi-Family: Extremely-Low to Low Income,Vacant," $ 10,000,000.00 "," $ 10,000,000.00 "," $ 18,226,649.37 "," $ 18,226,649.37 ",12/1/2013,12/1/2013,CPC,CPC/Richman,,RB Only,,,Richman,3076194,,,Preservation Rehab,,,,HPD 9% LIHTC,,,,2015,7/30/2015,7/30/2015,,,,,,,1,1,1,4500,,,0,,,3,,3,3,3,,,,,1,0,0,2,1,0,294,384668,,,,,,,,,,,,,,,,
Stammtisch,Stammtisch,Residential,Multi-Family,Housing,Operational,Owned,Managed,Developed,stamm,,64 Bleecker Street Brooklyn NY 11237,Brooklyn,3,3305,3305,19,3033050019,3033050019,3075614,3,46,Stammtisch HDFC,100%,, LIHTC ,,,,, D , RH , HPD ,, SR , All ,12/1/2013,12/1/2013,9/1/2015,9/1/2015,12/1/2016,12/1/2016,12/1/2013,12/1/2013, present ,7/16/2026,Multi-Family: Extremely-Low to Low Income,Vacant," $ 10,000,000.00 "," $ 10,000,000.00 "," $ 18,226,649.37 "," $ 18,226,649.37 ",12/1/2013,12/1/2013,CPC,CPC/Richman,,RB Only,,,Richman,3075614,,,Preservation Rehab,,,,HPD 9% LIHTC,,,,2015,9/1/2015,9/1/2015,,,,,,,1,1,1,4286,,,0,,,3,,3,3,3,,,,,0,1,1,1,0,0,294,333299,,,,,,,,,,,,,,,,
Steps at Saratoga Phase ll,Steps at Saratoga - Family,Pre-Dev Site,Multi-Family,Housing,Predevelopment,Not Owned,Not managed,,TBD,,"2014-2042 Fulton St, Brooklyn, NY 11233",Brooklyn,3,,1549,35,TBD,3015490035,TBD,169,257,HPD,70%,, 4% LIHTC ,,,,," D, JV ", RH , HPD , TBD , NC  , N/A ,,,TBD,6/1/2028,,,,N/A, TBD ,,,Vacant,, TBD ,TBD, TBD ,,,,,,"Impacct Brooklyn, Urbane",,,,,,,New Construction,HPD ELLA,,,HDC 4% LIHTC,,,,2028,,,,,,,,,0,0,,,,,,,,,,148,0,0,,0,,,,0,0,0,0,0,,,,,,,,,,,,,,,,,,
Steps - Brooklyn Packers,Steps at Saratoga - Family,Pre-Dev Site,non-housing,Housing,Predevelopment,Not owned,Not managed,,,,"2014-2042 Fulton St, Brooklyn, NY 11233",,,,1549,35,TBD,3015490035,,0,,HPD,,,,,,,,,,,,,,,,,,,,,,,,,,,,,,,,,,,,,,,,,,,,,,,,,,,,,,,,,,,0,0,,,,,,,,,,,,,,,,,,0,0,0,0,0,,,,"2018-2024 Fulton Avenue, Brooklyn",Steps at Saratoga - Family,Brooklyn Packers,3rd Party,70%,community,Food hub,,,,,,,,
Steps - Central Brooklyn Food Coop,Steps at Saratoga - Family,Pre-Dev Site,non-housing,Housing,Predevelopment,Not owned,Not managed,,,,"2014-2042 Fulton St, Brooklyn, NY 11233",,,,1549,35,TBD,3015490035,,0,,HPD,,,,,,,,,,,,,,,,,,,,,,,,,,,,,,,,,,,,,,,,,,,,,,,,,,,,,,,,,,,0,0,,,,,,,,,,,,,,,,,,0,0,0,0,0,,,,"2018-2024 Fulton Avenue, Brooklyn",Steps at Saratoga - Family,Central Brooklyn Food Co-Op,3rd Party,70%,community,Food hub,,82-1471940,,,,,,
Steps - IMPACCT,Steps at Saratoga - Family,Pre-Dev Site,non-housing,Housing,Predevelopment,Not owned,Not managed,,,,"2014-2042 Fulton St, Brooklyn, NY 11233",,,,1549,35,TBD,3015490035,,0,,HPD,,,,,,,,,,,,,,,,,,,,,,,,,,,,,,,,,,,,,,,,,,,,,,,,,,,,,,,,,,,0,0,,,,,,,,,,,,,,,,,,0,0,0,0,0,,,,"2018-2024 Fulton Avenue, Brooklyn",Steps at Saratoga - Family,IMPACCT Brooklyn,3rd Party,70%,community,Food hub,,,,,,,,
Steps - RB/NYCNOWC,Steps at Saratoga - Family,Pre-Dev Site,non-housing,Housing,Predevelopment,Not owned,Not managed,,,,"2014-2042 Fulton St, Brooklyn, NY 11233",,,,1549,35,TBD,3015490035,,0,,HPD,,,,,,,,,,,,,,,,,,,,,,,,,,,,,,,,,,,,,,,,,,,,,,,,,,,,,,,,,,,0,0,,,,,,,,,,,,,,,,,,0,0,0,0,0,,,,"2018-2024 Fulton Avenue, Brooklyn",Steps at Saratoga - Family,RiseBoro Food Democracy / NYCNOWC,RB Affiliate,70%,community,Food hub,,,,,,,,
Steps - Urbane,Steps at Saratoga - Family,Pre-Dev Site,non-housing,Housing,Predevelopment,Not owned,Not managed,,,,"2014-2042 Fulton St, Brooklyn, NY 11233",,,,1549,35,TBD,3015490035,,0,,HPD,,,,,,,,,,,,,,,,,,,,,,,,,,,,,,,,,,,,,,,,,,,,,,,,,,,,,,,,,,,0,0,,,,,,,,,,,,,,,,,,0,0,0,0,0,,,,"2018-2024 Fulton Avenue, Brooklyn",Steps at Saratoga - Family,Urbane,3rd Party,70%,community,Food hub,,,,,,,,
Steps at Saratoga Phase l,Steps at Saratoga - Senior,Pre-Dev Site,Senior,Housing,Predevelopment,Not Owned,Not managed,,TBD,,"2014-2042 Fulton St, Brooklyn, NY 11233",Brooklyn,3,1549,1549,18,TBD,3015490018,TBD,88,257,HPD,70%,, 9% LIHTC ,,,,," D, JV ", RH , HPD , TBD , NC  , N/A ,TBD,,TBD,6/1/2028,TBD,,TBD,, TBD ,,TBD,Vacant, TBD , TBD ,TBD, TBD ,N/A,,TBD,N/A,,"Impacct Brooklyn, Urbane",,,TBD,,,,New Construction,HPD SARA,,,HPD 9% LIHTC,,,,2028,,,,,,,,,0,0,,,,,,,,,,80,0,0,,0,,,,0,0,0,0,0,,,,,,,,,,,,,,,,,,
Steps - PACE,Steps at Saratoga - Senior,Pre-Dev Site,non-housing,Housing,Predevelopment,Not owned,Not managed,,,,"2014-2042 Fulton St, Brooklyn, NY 11233",,,,1549,18,TBD,3015490018,,0,,HPD,,,,,,,,,,,,,,,,,,,,,,,,,,,,,,,,,,,,,,,,,,,,,,,,,,,,,,,,,,,0,0,,,,,,,,,,,,,,,,,,0,0,0,0,0,,,,"2018-2024 Fulton Avenue, Brooklyn",Steps at Saratoga - Senior,PACE,3rd Party,70%,community,Medical - PACE,,,,,,,,
Sunset 203k aka 314 Troutman,Sunset 203k,Residential,Multi-Family,Housing,Operational,Owned,Managed,Developed,sun203k,,314 Troutman Street Brooklyn NY 11237,Brooklyn,3,3187,3187,24,3031870024,3031870024,3072556,6,6,Sunset 203K HDFC,100%,, None ,,,,, D/JV , RH , HPD  ,, NC  , All ,7/1/2016,7/1/2016,7/1/2020,7/1/2020,8/1/2020,8/1/2020,12/20/2013,12/20/2013, present ,7/16/2026,Multi-Family: Extremely-Low to Low Income,Vacant," $ 1,777,709.00 "," $ 1,777,709.00 "," $ 2,928,783.00 "," $ 2,928,783.00 ",N/A,,CPC ,CPC & HPD  ,,RB Only,,,N/A,3072556,,,Preservation Rehab,HPD MPLP,,,None,,,,2019,1/1/2015,1/1/2015,,,,,,,1,1,1,,,,0,,,3,0,6,6,6,,,,,0,0,0,6,0,0,,,,,,,,,,,,,,,,,,
The Atrium at Sumner,The Atrium at Sumner,Residential,Senior,Housing,Operational,Owned,Managed,Developed,sumner,,57 Marcus Garvey Blvd Brooklyn NY 11206,Brooklyn,3,1580,1580,10,3015800010,3015800010,TBD,190,190,Sumner Senior Community HDFC,33%,HRA Senior (selfhelp), 4% LIHTC  ,,,,, D/JV ," RH, CF "," HPD, HDC, NYCHA  "," HPD SARA, Sarah Leitson ", NC  , N/A ,6/29/2021,6/29/2021,1/30/2024,1/30/2024,6/1/2024,6/1/2024,6/29/2021,6/29/2021, present ,7/16/2026,Low Income Seniors,Vacant," $ 89,418,751.30 "," $ 89,418,751.30 "," $ 178,319,490.00 "," $ 178,319,490.00 ",N/A,,Wells Fargo,TBD ,,"Lettire, Selfhelp",,,Wells Fargo,,,,New Construction,HPD SARA,,,HDC 4% LIHTC,,,,2024,,,,,,,,,1,1,1,,,,0,,,10,1,190,190,190,0,0,,,1,0,0,1,59,130,,,,,,,,,,,,,,,,,,
The Atrium at Sumner - PACE,The Atrium at Sumner - PACE,Commercial,non-housing,Health,Non-Operational,Owned,Not managed,,,,63 Marcus Garvey Boulevard,,,,,,,3015800000,,0,,Sumner Senior Community HDFC,,,,,,,,,,,,,,,,,,,,,,,,,,,,,,,,,,,,,,,,,,,,,,,,,,,,,,,,,,,0,0,,,,,,,,,,,,,,,,,,0,0,0,0,0,,,1,63 Marcus Garvey Boulevard,Sumner Senior Partners LLC,Elderserve Health,3rd Party,33%,community,Medical - PACE,7800,,,,,,,
Troutman Evergreen,Troutman Evergreen,Residential,Senior,Housing,Operational,Owned,Managed,Developed,troutev2,,78 Troutman Street Brooklyn 11206,Brooklyn,3,3183,3183,37,3031830037,3031830037,3328092,82,82,Troutman Evergreen HDFC,100%,HUD 202,  202 ,,,,, D , RH , HUD   ,, NC , All ,2/4/2000,2/4/2000,2/1/2002,2/1/2002,2/1/2002,2/1/2002,2/4/2000,2/4/2000, present ,7/16/2026,HUD 202 Seniors,Vacant," $ 11,040,000.00 "," $ 11,040,000.00 "," $ 12,000,000.00 "," $ 12,000,000.00 ",2/4/2000,2/4/2000,HUD,HUD  ,,RB Only,012-EE-257,,N/A,3328092,,,New Construction,HUD 202,,,HUD 202,,,,2002,2/1/2002,2/1/2002,,,,,,,1,1,1,78946,,,0,,,6,1,82,82,82,,,,,0,0,0,1,81,0,180,378163,,,,,,,,,,,"78 Troutman Street, Brooklyn NY 11237",Supportive Services,,,Supportive Senior Services 202 Buildings ,Yolanda Lopez Housing for the Elderly
West 94th Street Master Lease,West 94th Street Master Lease,RB Service Site,non-housing,Housing,Operational,Not owned,Not managed,,,,315 W 94th Street New York NY 10025,Manhattan,1,1253,1253,13,10125313,1012530013,1034179   ,174,174,"315 Montroyal, LLC (Master Leased by RB)",0%,Supportive - AHS, None ,,,,, Lessee/PM , RH , HRA ,, Master Lease ,,,,,,,,,, present ,7/16/2026,,,,,,,,,,,,,,,,,,,,,,,None,,,,,,,,,,,,,0,0,,,,,,,,,,174,0,0,135,0,,,,0,0,0,0,0,,,,,,,,,,,,,"W 94th St, New York, NY ",Supportive Services,,,Master Lease Program,
Keita West African Market,West Bushwick 203K,Commercial,non-housing,Housing,Operational,Owned,Managed,,,,1225 Broadway Brooklyn NY 11221 ,,,,3283,8,3032830008,3032830008,,0,,West Bushwick 203K HDFC,,,,,,,,,,,,,,,,,,,,,,,,,,,,,,,,,,,,,,,,,,,,,,,,,,,,,,,,,,,0,0,,,,,,,,,,,,,,,,,,0,0,0,0,0,,,1,1225 Broadway,WB 203k HDFC,Keita West African Market,3rd Party,100%,retail,Store - sundries/food,"1,026",T0004916 ,,,,,,
RiseBoro - Food Stamp Access,West Bushwick 203K,RB Service Site,non-housing,Empowerment,Operational,Owned,Managed,,,,184 Wyckoff Avenue Brooklyn NY 11237 ,,,,3301,32,3033010032,3033010032,,0,,West Bushwick 203K HDFC,,,,,,,,,,,,,,,,,,,,,,,,,,,,,,,,,,,,,,,,,,,,,,,,,,,,,,,,,,,0,0,,,,,,,,,,,,,,,,,,0,0,0,0,0,,,1,184 Wyckoff,WB 203k HDFC,RiseBoro - Food Stamp Access,RB Affiliate,100%,retail,social services,450,44,184 Wyckoff Ave. Brooklyn NY 11237,Empowerment,,,Food Support Connections,
Bushwick Green Cleaners Inc.,West Bushwick 203K,Commercial,non-housing,Housing,Operational,Owned,Managed,,,,255 Wyckoff Avenue Brooklyn NY 11237,,,,3311,4,3033110004,3033110004,,0,,West Bushwick 203K HDFC,,,,,,,,,,,,,,,,,,,,,,,,,,,,,,,,,,,,,,,,,,,,,,,,,,,,,,,,,,,0,0,,,,,,,,,,,,,,,,,,0,0,0,0,0,,,1,255 Wyckoff,WB 203k HDFC,Bushwick Green Cleaners Inc.,3rd Party,100%,retail,Cleaners,"1,000",T0004912,,,,,,
"District Three Youth and Adults, Inc. ",West Bushwick 203K,3rd Party Service Site,non-housing,Housing,Operational,Owned,Managed,,,,265 Wyckoff Avenue Brooklyn NY 11237,,,,3320,9,3033200009,3033200009,,0,,West Bushwick 203K HDFC,,,,,,,,,,,,,,,,,,,,,,,,,,,,,,,,,,,,,,,,,,,,,,,,,,,,,,,,,,,0,0,,,,,,,,,,,,,,,,,,0,0,0,0,0,,,1,265 Wyckoff,WB 203k HDFC,"District Three Youth and Adults, Inc. ",3rd Party,100%,retail,social services,"1,200",T0003360,,,,,,
West Bushwick 203K,West Bushwick 203K,Residential,Multi-Family,Housing,Operational,Owned,Managed,Developed,wb203k,,1126 Willoughby Avenue  Brooklyn NY 11237,Brooklyn,3,3209,3209,17,3032090017,3032090017,3072936,6,100,West Bushwick 203K HDFC,100%,, None ,,,,, D , RH , HPD ,, SR , All ,12/21/2006,12/21/2006,3/9/2009,3/9/2009,7/27/2010,7/27/2010,12/21/2006,12/21/2006, present ,7/16/2026,Multi-Family: Low to Moderate Income,Vacant," $ 21,448,546.00 "," $ 21,448,546.00 "," $ 25,863,640.00 "," $ 25,863,640.00 ",12/21/2006,12/21/2006,BPD Bank,CPC,,RB Only,,,N/A,3072936,,,Preservation Rehab,,,,None,,,,2008,9/27/2006,9/27/2006,,,,,,,1,1,1,4299,,,0,,,3,,6,6,6,,,,,0,0,0,0,6,0,155,360001,,,,,,,,,,,,,,,,
West Bushwick 203K,West Bushwick 203K,Residential,Multi-Family,Housing,Operational,Owned,Managed,Developed,wb203k,,1225 Broadway Brooklyn NY 11221 ,Brooklyn,3,3283,3283,8,3032830008,3032830008,3074943,4,100,West Bushwick 203K HDFC,100%,, None ,,,,, D , RH , HPD ,, SR , All ,12/21/2006,12/21/2006,3/9/2009,3/9/2009,7/27/2010,7/27/2010,12/21/2006,12/21/2006, present ,7/16/2026,Multi-Family: Low to Moderate Income,Vacant," $ 21,448,546.00 "," $ 21,448,546.00 "," $ 25,863,640.00 "," $ 25,863,640.00 ",12/21/2006,12/21/2006,BPD Bank,CPC,,RB Only,,,N/A,3074943,,,Preservation Rehab,,,,None,,,,2008,10/19/2005,10/19/2005,,,,,,,1,1,1,8937,,,0,,,4,,4,4,4,,,,,1,0,2,2,0,0,155,382863,,,,,,,,,,,,,,,,
West Bushwick 203K,West Bushwick 203K,Residential,Multi-Family,Housing,Operational,Owned,Managed,Developed,wb203k,,1248 Willoughby Avenue Brooklyn NY 11237,Brooklyn,3,3210,3210,15,3032100015,3032100015,3072967,2,100,West Bushwick 203K HDFC,100%,, None ,,,,, D , RH , HPD ,, SR , All ,12/21/2006,12/21/2006,3/9/2009,3/9/2009,7/27/2010,7/27/2010,12/21/2006,12/21/2006, present ,7/16/2026,Multi-Family: Low to Moderate Income,Vacant," $ 21,448,546.00 "," $ 21,448,546.00 "," $ 25,863,640.00 "," $ 25,863,640.00 ",12/21/2006,12/21/2006,BPD Bank,CPC,,RB Only,,,N/A,3072967,,,Preservation Rehab,,,,None,,,,2008,10/19/2005,10/19/2005,,,,,,,1,1,1,3450,,,0,,,2,,2,2,2,,,,,0,0,2,0,0,0,155,362001,,,,,,,,,,,,,,,,
West Bushwick 203K,West Bushwick 203K,Residential,Multi-Family,Housing,Operational,Owned,Managed,Developed,wb203k,,1278 Putnam Avenue Brooklyn NY 11221,Brooklyn,3,3376,3376,16,3033760016,3033760016,3077250,2,100,West Bushwick 203K HDFC,100%,, None ,,,,, D , RH , HPD ,, SR , All ,12/21/2006,12/21/2006,3/9/2009,3/9/2009,7/27/2010,7/27/2010,12/21/2006,12/21/2006, present ,7/16/2026,Multi-Family: Low to Moderate Income,Vacant," $ 21,448,546.00 "," $ 21,448,546.00 "," $ 25,863,640.00 "," $ 25,863,640.00 ",12/21/2006,12/21/2006,BPD Bank,CPC,,RB Only,,,N/A,3077250,,,Preservation Rehab,,,,None,,,,2008,9/27/2006,9/27/2006,,,,,,,1,1,1,1838,,,0,,,3,,2,2,2,,,,,0,0,1,0,1,0,155,810659,,,,,,,,,,,,,,,,
West Bushwick 203K,West Bushwick 203K,Residential,Multi-Family,Housing,Operational,Owned,Managed,Developed,wb203k,,1289 Greene Avenue Brooklyn NY 11237 ,Brooklyn,3,3287,3287,38,3032870038,3032870038,3075081,4,100,West Bushwick 203K HDFC,100%,, None ,,,,, D , RH , HPD ,, SR , All ,12/21/2006,12/21/2006,3/9/2009,3/9/2009,7/27/2010,7/27/2010,12/21/2006,12/21/2006, present ,7/16/2026,Multi-Family: Low to Moderate Income,Vacant," $ 21,448,546.00 "," $ 21,448,546.00 "," $ 25,863,640.00 "," $ 25,863,640.00 ",12/21/2006,12/21/2006,BPD Bank,CPC,,RB Only,,,N/A,3075081,,,Preservation Rehab,,,,None,,,,2008,10/19/2005,10/19/2005,,,,,,,1,1,1,5675,,,0,,,3,,4,4,4,,,,,0,0,1,1,2,0,155,358999,,,,,,,,,,,,,,,,
West Bushwick 203K,West Bushwick 203K,Residential,Multi-Family,Housing,Operational,Owned,Managed,Developed,wb203k,,1463 Greene Avenue Brooklyn NY 11237,Brooklyn,3,3291,3291,46,3032910046,3032910046,3075222,3,100,West Bushwick 203K HDFC,100%,, None ,,,,, D , RH , HPD ,, SR , All ,12/21/2006,12/21/2006,3/9/2009,3/9/2009,7/27/2010,7/27/2010,12/21/2006,12/21/2006, present ,7/16/2026,Multi-Family: Low to Moderate Income,Vacant," $ 21,448,546.00 "," $ 21,448,546.00 "," $ 25,863,640.00 "," $ 25,863,640.00 ",12/21/2006,12/21/2006,BPD Bank,CPC,,RB Only,,,N/A,3075222,,,Preservation Rehab,,,,None,,,,2008,10/19/2005,10/19/2005,,,,,,,1,1,1,3643,,,0,,,3,,3,3,3,,,,,0,0,0,3,0,0,155,312454,,,,,,,,,,,,,,,,
West Bushwick 203K,West Bushwick 203K,Residential,Multi-Family,Housing,Operational,Owned,Managed,Developed,wb203k,,184 Wyckoff Avenue Brooklyn NY 11237 ,Brooklyn,3,3301,3301,32,3033010032,3033010032,3075491,4,100,West Bushwick 203K HDFC,100%,, None ,,,,, D , RH , HPD ,, SR , All ,12/21/2006,12/21/2006,3/9/2009,3/9/2009,7/27/2010,7/27/2010,12/21/2006,12/21/2006, present ,7/16/2026,Multi-Family: Low to Moderate Income,Vacant," $ 21,448,546.00 "," $ 21,448,546.00 "," $ 25,863,640.00 "," $ 25,863,640.00 ",12/21/2006,12/21/2006,BPD Bank,CPC,,RB Only,,,N/A,3075491,,,Preservation Rehab,,,,None,,,,2008,10/19/2005,10/19/2005,,,,,,,1,1,1,6149,,,0,,,3,,4,4,4,,,,,1,0,1,1,2,0,155,337081,,,,,,,,,,,,,,,,
West Bushwick 203K,West Bushwick 203K,Residential,Multi-Family,Housing,Operational,Owned,Managed,Developed,wb203k,,187 Schaefer Street Brooklyn NY 11207 ,Brooklyn,3,3423,3423,56,3034230056,3034230056,3079281,2,100,West Bushwick 203K HDFC,100%,, None ,,,,, D , RH , HPD ,, SR , All ,12/21/2006,12/21/2006,3/9/2009,3/9/2009,7/27/2010,7/27/2010,12/21/2006,12/21/2006, present ,7/16/2026,Multi-Family: Low to Moderate Income,Vacant," $ 21,448,546.00 "," $ 21,448,546.00 "," $ 25,863,640.00 "," $ 25,863,640.00 ",12/21/2006,12/21/2006,BPD Bank,CPC,,RB Only,,,N/A,3079281,,,Preservation Rehab,,,,None,,,,2008,10/19/2005,10/19/2005,,,,,,,1,1,1,3890,,,0,,,2,,2,2,2,,,,,0,0,0,0,2,0,155,810803,,,,,,,,,,,,,,,,
West Bushwick 203K,West Bushwick 203K,Residential,Multi-Family,Housing,Operational,Owned,Managed,Developed,wb203k,,192 Irving Avenue Brooklyn NY 11237 ,Brooklyn,3,3269,3269,35,3032690035,3032690035,3074499,4,100,West Bushwick 203K HDFC,100%,, None ,,,,, D , RH , HPD ,, SR , All ,12/21/2006,12/21/2006,3/9/2009,3/9/2009,7/27/2010,7/27/2010,12/21/2006,12/21/2006, present ,7/16/2026,Multi-Family: Low to Moderate Income,Vacant," $ 21,448,546.00 "," $ 21,448,546.00 "," $ 25,863,640.00 "," $ 25,863,640.00 ",12/21/2006,12/21/2006,BPD Bank,CPC,,RB Only,,,N/A,3074499,,,Preservation Rehab,,,,None,,,,2008,10/19/2005,10/19/2005,,,,,,,1,1,1,6200,,,0,,,3,,4,4,4,,,,,0,0,2,1,1,0,155,366432,,,,,,,,,,,,,,,,
West Bushwick 203K,West Bushwick 203K,Residential,Multi-Family,Housing,Operational,Owned,Managed,Developed,wb203k,,233 Troutman Street Brooklyn NY 11237,Brooklyn,3,3174,3174,44,3031740044,3031740044,3072332,6,100,West Bushwick 203K HDFC,100%,, None ,,,,, D , RH , HPD ,, SR , All ,12/21/2006,12/21/2006,3/9/2009,3/9/2009,7/27/2010,7/27/2010,12/21/2006,12/21/2006, present ,7/16/2026,Multi-Family: Low to Moderate Income,Vacant," $ 21,448,546.00 "," $ 21,448,546.00 "," $ 25,863,640.00 "," $ 25,863,640.00 ",12/21/2006,12/21/2006,BPD Bank,CPC,,RB Only,,,N/A,3072332,,,Preservation Rehab,,,,None,,,,2008,9/27/2006,9/27/2006,,,,,,,1,1,1,4200,,,0,,,3,,6,6,6,,,,,0,0,0,0,6,0,155,331513,,,,,,,,,,,,,,,,
West Bushwick 203K,West Bushwick 203K,Residential,Multi-Family,Housing,Operational,Owned,Managed,Developed,wb203k,,234 Troutman Street Brooklyn NY 11237,Brooklyn,3,3186,3186,18,3031860018,3031860018,3072511,6,100,West Bushwick 203K HDFC,100%,, None ,,,,, D , RH , HPD ,, SR , All ,12/21/2006,12/21/2006,3/9/2009,3/9/2009,7/27/2010,7/27/2010,12/21/2006,12/21/2006, present ,7/16/2026,Multi-Family: Low to Moderate Income,Vacant," $ 21,448,546.00 "," $ 21,448,546.00 "," $ 25,863,640.00 "," $ 25,863,640.00 ",12/21/2006,12/21/2006,BPD Bank,CPC,,RB Only,,,N/A,3072511,,,Preservation Rehab,,,,None,,,,2008,9/27/2006,9/27/2006,,,,,,,1,1,1,4125,,,0,,,3,,6,6,6,,,,,0,0,0,0,6,0,155,331258,,,,,,,,,,,,,,,,
West Bushwick 203K,West Bushwick 203K,Residential,Multi-Family,Housing,Operational,Owned,Managed,Developed,wb203k,,255 Wyckoff Avenue Brooklyn NY 11237,Brooklyn,3,3311,3311,4,3033110004,3033110004,3075777,3,100,West Bushwick 203K HDFC,100%,, None ,,,,, D , RH , HPD ,, SR , All ,12/21/2006,12/21/2006,3/9/2009,3/9/2009,7/27/2010,7/27/2010,12/21/2006,12/21/2006, present ,7/16/2026,Multi-Family: Low to Moderate Income,Vacant," $ 21,448,546.00 "," $ 21,448,546.00 "," $ 25,863,640.00 "," $ 25,863,640.00 ",12/21/2006,12/21/2006,BPD Bank,CPC,,RB Only,,,N/A,3075777,,,Preservation Rehab,,,,None,,,,2008,10/19/2005,10/19/2005,,,,,,,1,1,1,5825,,,0,,,3,,3,3,3,,,,,1,0,1,1,1,0,155,337651,,,,,,,,,,,,,,,,
West Bushwick 203K,West Bushwick 203K,Residential,Multi-Family,Housing,Operational,Owned,Managed,Developed,wb203k,,258 Cornelia Street Brooklyn NY 11221 ,Brooklyn,3,3384,3384,16,3033840016,3033840016,3077631,4,100,West Bushwick 203K HDFC,100%,, None ,,,,, D , RH , HPD ,, SR , All ,12/21/2006,12/21/2006,3/9/2009,3/9/2009,7/27/2010,7/27/2010,12/21/2006,12/21/2006, present ,7/16/2026,Multi-Family: Low to Moderate Income,Vacant," $ 21,448,546.00 "," $ 21,448,546.00 "," $ 25,863,640.00 "," $ 25,863,640.00 ",12/21/2006,12/21/2006,BPD Bank,CPC,,RB Only,,,N/A,3077631,,,Preservation Rehab,,,,None,,,,2009,10/19/2005,10/19/2005,,,,,,,1,1,1,6225,,,0,,,3,,4,4,4,,,,,0,0,1,2,1,0,155,311831,,,,,,,,,,,,,,,,
West Bushwick 203K,West Bushwick 203K,Residential,Multi-Family,Housing,Operational,Owned,Managed,Developed,wb203k,,261 Stockholm Street Brooklyn NY 11237,Brooklyn,3,3247,3247,40,3032470040,3032470040,3073886,6,100,West Bushwick 203K HDFC,100%,, None ,,,,, D , RH , HPD ,, SR , All ,12/21/2006,12/21/2006,3/9/2009,3/9/2009,7/27/2010,7/27/2010,12/21/2006,12/21/2006, present ,7/16/2026,Multi-Family: Low to Moderate Income,Vacant," $ 21,448,546.00 "," $ 21,448,546.00 "," $ 25,863,640.00 "," $ 25,863,640.00 ",12/21/2006,12/21/2006,BPD Bank,CPC,,RB Only,,,N/A,3073886,,,Preservation Rehab,,,,None,,,,2008,9/27/2006,9/27/2006,,,,,,,1,1,1,4481,,,0,,,3,,6,6,6,,,,,0,0,0,0,6,0,155,341962,,,,,,,,,,,,,,,,
West Bushwick 203K,West Bushwick 203K,Residential,Multi-Family,Housing,Operational,Owned,Managed,Developed,wb203k,,265 Wyckoff Avenue Brooklyn NY 11237,Brooklyn,3,3320,3320,9,3033200009,3033200009,3075987,3,100,West Bushwick 203K HDFC,100%,, None ,,,,, D , RH , HPD ,, SR , All ,12/21/2006,12/21/2006,3/9/2009,3/9/2009,7/27/2010,7/27/2010,12/21/2006,12/21/2006, present ,7/16/2026,Multi-Family: Low to Moderate Income,Vacant," $ 21,448,546.00 "," $ 21,448,546.00 "," $ 25,863,640.00 "," $ 25,863,640.00 ",12/21/2006,12/21/2006,BPD Bank,CPC,,RB Only,,,N/A,3075987,,,Preservation Rehab,,,,None,,,,2009,10/19/2005,10/19/2005,,,,,,,1,1,1,6655,,,0,,,3,,3,3,3,,,,,1,0,1,1,1,0,155,359426,,,,,,,,,,,,,,,,
West Bushwick 203K,West Bushwick 203K,Residential,Multi-Family,Housing,Operational,Owned,Managed,Developed,wb203k,,268 Jefferson Street Brooklyn NY 11237,Brooklyn,3,3175,3175,11,3031750011,3031750011,3072347,6,100,West Bushwick 203K HDFC,100%,, None ,,,,, D , RH , HPD ,, SR , All ,12/21/2006,12/21/2006,3/9/2009,3/9/2009,7/27/2010,7/27/2010,12/21/2006,12/21/2006, present ,7/16/2026,Multi-Family: Low to Moderate Income,Vacant," $ 21,448,546.00 "," $ 21,448,546.00 "," $ 25,863,640.00 "," $ 25,863,640.00 ",12/21/2006,12/21/2006,BPD Bank,CPC,,RB Only,,,N/A,3072347,,,Preservation Rehab,,,,None,,,,2008,9/27/2006,9/27/2006,,,,,,,1,1,1,4275,,,0,,,3,,6,6,6,,,,,0,0,0,0,6,0,155,328607,,,,,,,,,,,,,,,,
West Bushwick 203K,West Bushwick 203K,Residential,Multi-Family,Housing,Operational,Owned,Managed,Developed,wb203k,,306 Troutman Street Brooklyn NY 11237,Brooklyn,3,3187,3187,21,3031870021,3031870021,3072553,6,100,West Bushwick 203K HDFC,100%,, None ,,,,, D , RH , HPD ,, SR , All ,12/21/2006,12/21/2006,3/9/2009,3/9/2009,7/27/2010,7/27/2010,12/21/2006,12/21/2006, present ,7/16/2026,Multi-Family: Low to Moderate Income,Vacant," $ 21,448,546.00 "," $ 21,448,546.00 "," $ 25,863,640.00 "," $ 25,863,640.00 ",12/21/2006,12/21/2006,BPD Bank,CPC,,RB Only,,,N/A,3072553,,,Preservation Rehab,,,,None,,,,2008,9/27/2006,9/27/2006,,,,,,,1,1,1,4650,,,0,,,3,,6,6,6,,,,,0,0,0,1,5,0,155,331411,,,,,,,,,,,,,,,,
West Bushwick 203K,West Bushwick 203K,Residential,Multi-Family,Housing,Operational,Owned,Managed,Developed,wb203k,,421 Suydam Street Brooklyn NY 11237,Brooklyn,3,3211,3211,33,3032110033,3032110033,3073008,3,100,West Bushwick 203K HDFC,100%,, None ,,,,, D , RH , HPD ,, SR , All ,12/21/2006,12/21/2006,3/9/2009,3/9/2009,7/27/2010,7/27/2010,12/21/2006,12/21/2006, present ,7/16/2026,Multi-Family: Low to Moderate Income,Vacant," $ 21,448,546.00 "," $ 21,448,546.00 "," $ 25,863,640.00 "," $ 25,863,640.00 ",12/21/2006,12/21/2006,BPD Bank,CPC,,RB Only,,,N/A,3073008,,,Preservation Rehab,,,,None,,,,2008,9/27/2006,9/27/2006,,,,,,,1,1,1,4464,,,0,,,3,,3,3,3,,,,,0,0,3,0,0,0,155,360301,,,,,,,,,,,,,,,,
West Bushwick 203K,West Bushwick 203K,Residential,Multi-Family,Housing,Operational,Owned,Managed,Developed,wb203k,,49 Troutman Street Brooklyn NY 11206 ,Brooklyn,3,3171,3171,59,3031710059,3031710059,3072225,3,100,West Bushwick 203K HDFC,100%,, None ,,,,, D , RH , HPD ,, SR , All ,12/21/2006,12/21/2006,3/9/2009,3/9/2009,7/27/2010,7/27/2010,12/21/2006,12/21/2006, present ,7/16/2026,Multi-Family: Low to Moderate Income,Vacant," $ 21,448,546.00 "," $ 21,448,546.00 "," $ 25,863,640.00 "," $ 25,863,640.00 ",12/21/2006,12/21/2006,BPD Bank,CPC,,RB Only,,,N/A,3072225,,,Preservation Rehab,,,,None,,,,2008,10/19/2005,10/19/2005,,,,,,,1,1,1,3750,,,0,,,2,,3,3,3,,,,,0,0,0,3,0,0,155,355305,,,,,,,,,,,,,,,,
West Bushwick 203K,West Bushwick 203K,Residential,Multi-Family,Housing,Operational,Owned,Managed,Developed,wb203k,,669 Central Avenue Brooklyn NY 11207 ,Brooklyn,3,3447,3447,5,3034470005,3034470005,3080150,4,100,West Bushwick 203K HDFC,100%,, None ,,,,, D , RH , HPD ,, SR , All ,12/21/2006,12/21/2006,3/9/2009,3/9/2009,7/27/2010,7/27/2010,12/21/2006,12/21/2006, present ,7/16/2026,Multi-Family: Low to Moderate Income,Vacant," $ 21,448,546.00 "," $ 21,448,546.00 "," $ 25,863,640.00 "," $ 25,863,640.00 ",12/21/2006,12/21/2006,BPD Bank,CPC,,RB Only,,,N/A,3080150,,,Preservation Rehab,,,,None,,,,2008,10/19/2005,10/19/2005,,,,,,,1,1,1,6233,,,0,,,3,,4,4,4,,,,,0,0,1,2,1,0,155,337813,,,,,,,,,,,,,,,,
West Bushwick 203K,West Bushwick 203K,Residential,Multi-Family,Housing,Operational,Owned,Managed,Developed,wb203k,,678 Central Avenue Brooklyn NY 11207,Brooklyn,3,3440,3440,36,3034400036,3034400036,3079968,2,100,West Bushwick 203K HDFC,100%,, None ,,,,, D , RH , HPD ,, SR , All ,12/21/2006,12/21/2006,3/9/2009,3/9/2009,7/27/2010,7/27/2010,12/21/2006,12/21/2006, present ,7/16/2026,Multi-Family: Low to Moderate Income,Vacant," $ 21,448,546.00 "," $ 21,448,546.00 "," $ 25,863,640.00 "," $ 25,863,640.00 ",12/21/2006,12/21/2006,BPD Bank,CPC,,RB Only,,,N/A,3079968,,,Preservation Rehab,,,,None,,,,2008,9/27/2006,9/27/2006,,,,,,,1,1,1,2000,,,0,,,2,,2,2,2,,,,,0,0,0,1,1,0,155,810777,,,,,,,,,,,,,,,,
West Bushwick 203K,West Bushwick 203K,Residential,Multi-Family,Housing,Operational,Owned,Managed,Developed,wb203k,,84 Menahan Street Brooklyn NY 11221,Brooklyn,3,3314,3314,35,3033140035,3033140035,3075885,6,100,West Bushwick 203K HDFC,100%,, None ,,,,, D , RH , HPD ,, SR , All ,12/21/2006,12/21/2006,3/9/2009,3/9/2009,7/27/2010,7/27/2010,12/21/2006,12/21/2006, present ,7/16/2026,Multi-Family: Low to Moderate Income,Vacant," $ 21,448,546.00 "," $ 21,448,546.00 "," $ 25,863,640.00 "," $ 25,863,640.00 ",12/21/2006,12/21/2006,BPD Bank,CPC,,RB Only,,,N/A,3075885,,,Preservation Rehab,,,,None,,,,2009,9/27/2006,9/27/2006,,,,,,,1,1,1,4725,,,0,,,3,,6,6,6,,,,,0,0,0,1,5,0,155,329236,,,,,,,,,,,,,,,,
West Bushwick 203K,West Bushwick 203K,Residential,Multi-Family,Housing,Operational,Owned,Managed,Developed,wb203k,,854 Hart Street Brooklyn NY 11237 ,Brooklyn,3,3236,3236,20,3032360020,3032360020,3073599,4,100,West Bushwick 203K HDFC,100%,, None ,,,,, D , RH , HPD ,, SR , All ,12/21/2006,12/21/2006,3/9/2009,3/9/2009,7/27/2010,7/27/2010,12/21/2006,12/21/2006, present ,7/16/2026,Multi-Family: Low to Moderate Income,Vacant," $ 21,448,546.00 "," $ 21,448,546.00 "," $ 25,863,640.00 "," $ 25,863,640.00 ",12/21/2006,12/21/2006,BPD Bank,CPC,,RB Only,,,N/A,3073599,,,Preservation Rehab,,,,None,,,,2008,10/19/2005,10/19/2005,,,,,,,1,1,1,5600,,,0,,,3,,4,4,4,,,,,0,0,1,2,1,0,155,313626,,,,,,,,,,,,,,,,
West Bushwick 203K,West Bushwick 203K,Residential,Multi-Family,Housing,Operational,Owned,Managed,Developed,wb203k,,860 Hart Street Brooklyn NY 11237 ,Brooklyn,3,3236,3236,22,3032360022,3032360022,3073601,3,100,West Bushwick 203K HDFC,100%,, None ,,,,, D , RH , HPD ,, SR , All ,12/21/2006,12/21/2006,3/9/2009,3/9/2009,7/27/2010,7/27/2010,12/21/2006,12/21/2006, present ,7/16/2026,Multi-Family: Low to Moderate Income,Vacant," $ 21,448,546.00 "," $ 21,448,546.00 "," $ 25,863,640.00 "," $ 25,863,640.00 ",12/21/2006,12/21/2006,BPD Bank,CPC,,RB Only,,,N/A,3073601,,,Preservation Rehab,,,,None,,,,2008,10/19/2005,10/19/2005,,,,,,,1,1,1,6644,,,0,,,3,,3,3,3,,,,,0,0,3,0,0,0,155,325949,,,,,,,,,,,,,,,,
West Bushwick 203K,West Bushwick 203K,Residential,Multi-Family,Housing,Operational,Owned,Managed,Developed,wb203k,,97 Central Avenue Brooklyn NY 11206 ,Brooklyn,3,3173,3173,3,3031730003,3031730003,3072265,4,100,West Bushwick 203K HDFC,100%,, None ,,,,, D , RH , HPD ,, SR , All ,12/21/2006,12/21/2006,3/9/2009,3/9/2009,7/27/2010,7/27/2010,12/21/2006,12/21/2006, present ,7/16/2026,Multi-Family: Low to Moderate Income,Vacant," $ 21,448,546.00 "," $ 21,448,546.00 "," $ 25,863,640.00 "," $ 25,863,640.00 ",12/21/2006,12/21/2006,BPD Bank,CPC,,RB Only,,,N/A,3072265,,,Preservation Rehab,,,,None,,,,2008,10/19/2005,10/19/2005,,,,,,,1,1,1,5200,,,0,,,3,,4,4,4,,,,,0,0,0,2,2,0,155,307169,,,,,,,,,,,,,,,,
Cholula Mini Market,West Bushwick NRP,Commercial,non-housing,Housing,Operational,Owned,Managed,,,,1475 Myrtle Avenue  Brooklyn NY 11237,,,,3309,2,3033090002,3033090002,,0,,West Bushwick NRP Associates L.P.,,,,,,,,,,,,,,,,,,,,,,,,,,,,,,,,,,,,,,,,,,,,,,,,,,,,,,,,,,,0,0,,,,,,,,,,,,,,,,,,0,0,0,0,0,,,1,1475 Myrtle,"WB NRP Associates, LP",Cholula Mini Market,3rd Party,100%,retail,Store - Grocery,"1,500",,,,,,,
Billboard Wall,West Bushwick NRP,Billboard Wall,non-housing,Housing,Operational,Owned,Managed,,,,30 Wyckoff Avenue Brooklyn NY 11237,,,,3188,40,3031880040,3031880040,,0,,West Bushwick NRP Associates L.P.,,,,,,,,,,,,,,,,,,,,,,,,,,,,,,,,,,,,,,,,,,,,,,,,,,,,,,,,,,,0,0,,,,,,,,,,,,,,,,,,0,0,0,0,0,,,,30 Wyckoff,"WB NRP Associates, LP",Angel Media Leasing Advertising Wall in Process,3rd Party,100%,wall,advertising ,WALL,,,,,,,
Starr Coffee Inc. ,West Bushwick NRP,Commercial,non-housing,Housing,Operational,Owned,Managed,,,,30 Wyckoff Avenue Brooklyn NY 11237,,,,3188,40,3031880040,3031880040,,0,,West Bushwick NRP Associates L.P.,,,,,,,,,,,,,,,,,,,,,,,,,,,,,,,,,,,,,,,,,,,,,,,,,,,,,,,,,,,0,0,,,,,,,,,,,,,,,,,,0,0,0,0,0,,,1,30 Wyckoff,"WB NRP Associates, LP",Starr Coffee Inc. ,3rd Party,100%,retail,restaurant - café,500,,,,,,,
"Arepera Guayoyo Restaurant, LLC",West Bushwick NRP,Commercial,non-housing,Housing,Operational,Owned,Managed,,,,44 Irving Avenue Brooklyn NY 11237,Brooklyn,3,3187,3187,28,3031870028,3031870028,3072560,0,,West Bushwick NRP Associates L.P.,,,,,,,,,,,,,,,,,,,,,,,,,,,,,,,,,,,,,,,,,,,,,,,,,,,,,,,,,,,0,0,,,,,,,,,,,,,,,,,,0,0,0,0,0,,,1,44 Irving,"WB NRP Associates, LP","Arepera Guayoyo Restaurant, LLC",3rd Party,100%,retail,restaurant,650,T0004911,,,,,,
West Bushwick NRP,West Bushwick NRP,Residential,Multi-Family,Housing,Operational,Owned,Managed,Developed,wbnrp,,1475 Myrtle Avenue  Brooklyn NY 11237,Brooklyn,3,3309,3309,2,3033090002,3033090002,3075697,4,56,West Bushwick NRP Associates L.P.,100%,, LIHTC ,,,,, D , RH , HPD ,, SR , All ,12/1/2004,12/1/2004,12/9/2008,12/9/2008,12/1/2010,12/1/2010,12/1/2004,12/1/2004, present ,7/16/2026,Multi-Family: Extremely-Low to Low Income,Vacant," $ 9,030,245.00 "," $ 9,030,245.00 "," $ 12,303,097.00 "," $ 12,303,097.00 ",12/1/2004,12/1/2004,HPD,CPC/Enterprise,,RB Only,,,Enterprise,3075697,,,Preservation Rehab,,,,HPD 9% LIHTC,,,,2006,12/1/2004,12/1/2004,,,,,,,1,1,1,6000,,,0,,,4,,4,4,4,,,,,1,0,2,1,1,0,25,328625,,,,,,,,,,,,,,,,
West Bushwick NRP,West Bushwick NRP,Residential,Multi-Family,Housing,Operational,Owned,Managed,Developed,wbnrp,,149 Starr Street Brooklyn NY 11237,Brooklyn,3,3187,3187,48,3031870048,3031870048,3072578,6,56,West Bushwick NRP Associates L.P.,100%,, LIHTC ,,,,, D , RH , HPD ,, SR , All ,12/1/2004,12/1/2004,12/9/2008,12/9/2008,12/1/2010,12/1/2010,12/1/2004,12/1/2004, present ,7/16/2026,Multi-Family: Extremely-Low to Low Income,Vacant," $ 9,030,245.00 "," $ 9,030,245.00 "," $ 12,303,097.00 "," $ 12,303,097.00 ",12/1/2004,12/1/2004,HPD,CPC/Enterprise,,RB Only,,,Enterprise,3072578,,,Preservation Rehab,,,,HPD 9% LIHTC,,,,2008,12/1/2004,12/1/2004,,,,,,,1,1,1,5980,,,0,,,4,,6,6,6,,,,,0,0,1,1,4,0,25,360064,,,,,,,,,,,,,,,,
West Bushwick NRP,West Bushwick NRP,Residential,Multi-Family,Housing,Operational,Owned,Managed,Developed,wbnrp,,174 Stockholm Street Brooklyn NY 11237,Brooklyn,3,3257,3257,12,3032570012,3032570012,3074132,4,56,West Bushwick NRP Associates L.P.,100%,, LIHTC ,,,,, D , RH , HPD ,, SR , All ,12/1/2004,12/1/2004,12/9/2008,12/9/2008,12/1/2010,12/1/2010,12/1/2004,12/1/2004, present ,7/16/2026,Multi-Family: Extremely-Low to Low Income,Vacant," $ 9,030,245.00 "," $ 9,030,245.00 "," $ 12,303,097.00 "," $ 12,303,097.00 ",12/1/2004,12/1/2004,HPD,CPC/Enterprise,,RB Only,,,Enterprise,3074132,,,Preservation Rehab,,,,HPD 9% LIHTC,,,,2008,12/1/2004,12/1/2004,,,,,,,1,1,1,4512,,,0,,,3,,4,4,4,,,,,0,0,0,3,1,0,25,363512,,,,,,,,,,,,,,,,
West Bushwick NRP,West Bushwick NRP,Residential,Multi-Family,Housing,Operational,Owned,Managed,Developed,wbnrp,,235 Stanhope Street  Brooklyn NY 11237,Brooklyn,3,3258,3258,50,3032580050,3032580050,3074214,4,56,West Bushwick NRP Associates L.P.,100%,, LIHTC ,,,,, D , RH , HPD ,, SR , All ,12/1/2004,12/1/2004,12/9/2008,12/9/2008,12/1/2010,12/1/2010,12/1/2004,12/1/2004, present ,7/16/2026,Multi-Family: Extremely-Low to Low Income,Vacant," $ 9,030,245.00 "," $ 9,030,245.00 "," $ 12,303,097.00 "," $ 12,303,097.00 ",12/1/2004,12/1/2004,HPD,CPC/Enterprise,,RB Only,,,Enterprise,3074214,,,Preservation Rehab,,,,HPD 9% LIHTC,,,,2008,12/1/2004,12/1/2004,,,,,,,1,1,1,4500,,,0,,,3,,4,4,4,,,,,0,0,1,2,1,0,25,331218,,,,,,,,,,,,,,,,
West Bushwick NRP,West Bushwick NRP,Residential,Multi-Family,Housing,Operational,Owned,Managed,Developed,wbnrp,,276 Jefferson Street Brooklyn NY 11237,Brooklyn,3,3175,3175,15,3031750015,3031750015,3072350,4,56,West Bushwick NRP Associates L.P.,100%,, LIHTC ,,,,, D , RH , HPD ,, SR , All ,12/1/2004,12/1/2004,12/9/2008,12/9/2008,12/1/2010,12/1/2010,12/1/2004,12/1/2004, present ,7/16/2026,Multi-Family: Extremely-Low to Low Income,Vacant," $ 9,030,245.00 "," $ 9,030,245.00 "," $ 12,303,097.00 "," $ 12,303,097.00 ",12/1/2004,12/1/2004,HPD,CPC/Enterprise,,RB Only,,,Enterprise,3072350,,,Preservation Rehab,,,,HPD 9% LIHTC,,,,2009,12/1/2004,12/1/2004,,,,,,,1,1,1,4500,,,0,,,3,,4,4,4,,,,,0,0,1,2,1,0,25,336546,,,,,,,,,,,,,,,,
West Bushwick NRP,West Bushwick NRP,Residential,Multi-Family,Housing,Operational,Owned,Managed,Developed,wbnrp,,30 Wyckoff Avenue Brooklyn NY 11237,Brooklyn,3,3188,3188,40,3031880040,3031880040,3072600,4,56,West Bushwick NRP Associates L.P.,100%,, LIHTC ,,,,, D , RH , HPD ,, SR , All ,12/1/2004,12/1/2004,12/9/2008,12/9/2008,12/1/2010,12/1/2010,12/1/2004,12/1/2004, present ,7/16/2026,Multi-Family: Extremely-Low to Low Income,Vacant," $ 9,030,245.00 "," $ 9,030,245.00 "," $ 12,303,097.00 "," $ 12,303,097.00 ",12/1/2004,12/1/2004,HPD,CPC/Enterprise,,RB Only,,,Enterprise,3072600,,,Preservation Rehab,,,,HPD 9% LIHTC,,,,2006,12/1/2004,12/1/2004,,,,,,,1,1,1,4617,,,0,,,3,,4,4,4,,,,,1,0,0,3,1,0,25,359277,,,,,,,,,,,,,,,,
West Bushwick NRP,West Bushwick NRP,Residential,Multi-Family,Housing,Operational,Owned,Managed,Developed,wbnrp,,311 Harman Street Brooklyn NY 11237,Brooklyn,3,3279,3279,43,3032790043,3032790043,3074833,4,56,West Bushwick NRP Associates L.P.,100%,, LIHTC ,,,,, D , RH , HPD ,, SR , All ,12/1/2004,12/1/2004,12/9/2008,12/9/2008,12/1/2010,12/1/2010,12/1/2004,12/1/2004, present ,7/16/2026,Multi-Family: Extremely-Low to Low Income,Vacant," $ 9,030,245.00 "," $ 9,030,245.00 "," $ 12,303,097.00 "," $ 12,303,097.00 ",12/1/2004,12/1/2004,HPD,CPC/Enterprise,,RB Only,,,Enterprise,3074833,,,Preservation Rehab,,,,HPD 9% LIHTC,,,,2006,12/1/2004,12/1/2004,,,,,,,1,1,1,4762,,,0,,,3,,4,4,4,,,,,0,0,2,1,1,0,25,325546,,,,,,,,,,,,,,,,
West Bushwick NRP,West Bushwick NRP,Residential,Multi-Family,Housing,Operational,Owned,Managed,Developed,wbnrp,,317 Jefferson Street Brooklyn NY 11237,Brooklyn,3,3166,3166,41,3031660041,3031660041,3072142,5,56,West Bushwick NRP Associates L.P.,100%,, LIHTC ,,,,, D , RH , HPD ,, SR , All ,12/1/2004,12/1/2004,12/9/2008,12/9/2008,12/1/2010,12/1/2010,12/1/2004,12/1/2004, present ,7/16/2026,Multi-Family: Extremely-Low to Low Income,Vacant," $ 9,030,245.00 "," $ 9,030,245.00 "," $ 12,303,097.00 "," $ 12,303,097.00 ",12/1/2004,12/1/2004,HPD,CPC/Enterprise,,RB Only,,,Enterprise,3072142,,,Preservation Rehab,,,,HPD 9% LIHTC,,,,2006,12/1/2004,12/1/2004,,,,,,,1,1,1,6506,,,0,,,3,,5,5,5,,,,,0,0,2,2,1,0,25,346092,,,,,,,,,,,,,,,,
West Bushwick NRP,West Bushwick NRP,Residential,Multi-Family,Housing,Operational,Owned,Managed,Developed,wbnrp,,32 Irving Avenue Brooklyn NY 11237,Brooklyn,3,3175,3175,32,3031750032,3031750032,3072366,4,56,West Bushwick NRP Associates L.P.,100%,, LIHTC ,,,,, D , RH , HPD ,, SR , All ,12/1/2004,12/1/2004,12/9/2008,12/9/2008,12/1/2010,12/1/2010,12/1/2004,12/1/2004, present ,7/16/2026,Multi-Family: Extremely-Low to Low Income,Vacant," $ 9,030,245.00 "," $ 9,030,245.00 "," $ 12,303,097.00 "," $ 12,303,097.00 ",12/1/2004,12/1/2004,HPD,CPC/Enterprise,,RB Only,,,Enterprise,3072366,,,Preservation Rehab,,,,HPD 9% LIHTC,,,,2008,12/1/2004,12/1/2004,,,,,,,1,1,1,4490,,,0,,,3,,4,4,4,,,,,0,1,0,3,0,0,25,362983,,,,,,,,,,,,,,,,
West Bushwick NRP,West Bushwick NRP,Residential,Multi-Family,Housing,Operational,Owned,Managed,Developed,wbnrp,,320 Jefferson Street Brooklyn NY 11237,Brooklyn,3,3175,3175,26,3031750026,3031750026,3072361,5,56,West Bushwick NRP Associates L.P.,100%,, LIHTC ,,,,, D , RH , HPD ,, SR , All ,12/1/2004,12/1/2004,12/9/2008,12/9/2008,12/1/2010,12/1/2010,12/1/2004,12/1/2004, present ,7/16/2026,Multi-Family: Extremely-Low to Low Income,Vacant," $ 9,030,245.00 "," $ 9,030,245.00 "," $ 12,303,097.00 "," $ 12,303,097.00 ",12/1/2004,12/1/2004,HPD,CPC/Enterprise,,RB Only,,,Enterprise,3072361,,,Preservation Rehab,,,,HPD 9% LIHTC,,,,2006,12/1/2004,12/1/2004,,,,,,,1,1,1,6506,,,0,,,4,,5,5,5,,,,,0,0,2,2,1,0,25,345812,,,,,,,,,,,,,,,,
West Bushwick NRP,West Bushwick NRP,Residential,Multi-Family,Housing,Operational,Owned,Managed,Developed,wbnrp,,44 Irving Avenue Brooklyn NY 11237,Brooklyn,3,3187,3187,28,3031870028,3031870028,3072560,4,56,West Bushwick NRP Associates L.P.,100%,, LIHTC ,,,,, D , RH , HPD ,, SR , All ,12/1/2004,12/1/2004,12/9/2008,12/9/2008,12/1/2010,12/1/2010,12/1/2004,12/1/2004, present ,7/16/2026,Multi-Family: Extremely-Low to Low Income,Vacant," $ 9,030,245.00 "," $ 9,030,245.00 "," $ 12,303,097.00 "," $ 12,303,097.00 ",12/1/2004,12/1/2004,HPD,CPC/Enterprise,,RB Only,,,Enterprise,3072560,,,Preservation Rehab,,,,HPD 9% LIHTC,,,,2006,12/1/2004,12/1/2004,,,,,,,1,1,1,5800,,,0,,,3,,4,4,4,,,,,1,0,2,2,0,0,25,362714,,,,,,,,,,,,,,,,
West Bushwick NRP,West Bushwick NRP,Residential,Multi-Family,Housing,Operational,Owned,Managed,Developed,wbnrp,,57 Irving Avenue Brooklyn NY 11237,Brooklyn,3,3188,3188,7,3031880007,3031880007,3072591,5,56,West Bushwick NRP Associates L.P.,100%,, LIHTC ,,,,, D , RH , HPD ,, SR , All ,12/1/2004,12/1/2004,12/9/2008,12/9/2008,12/1/2010,12/1/2010,12/1/2004,12/1/2004, present ,7/16/2026,Multi-Family: Extremely-Low to Low Income,Vacant," $ 9,030,245.00 "," $ 9,030,245.00 "," $ 12,303,097.00 "," $ 12,303,097.00 ",12/1/2004,12/1/2004,HPD,CPC/Enterprise,,RB Only,,,Enterprise,3072591,,,Preservation Rehab,,,,HPD 9% LIHTC,,,,2006,12/1/2004,12/1/2004,,,,,,,1,1,1,4857,,,0,,,3,,5,5,5,,,,,0,0,1,4,0,0,25,327880,,,,,,,,,,,,,,,,
West Bushwick NRP,West Bushwick NRP,Residential,Multi-Family,Housing,Operational,Owned,Managed,Developed,wbnrp,,73 Wyckoff Avenue Brooklyn NY 11237,Brooklyn,3,3211,3211,4,3032110004,3032110004,3072984,3,56,West Bushwick NRP Associates L.P.,100%,, LIHTC ,,,,, D , RH , HPD ,, SR , All ,12/1/2004,12/1/2004,12/9/2008,12/9/2008,12/1/2010,12/1/2010,12/1/2004,12/1/2004, present ,7/16/2026,Multi-Family: Extremely-Low to Low Income,Vacant," $ 9,030,245.00 "," $ 9,030,245.00 "," $ 12,303,097.00 "," $ 12,303,097.00 ",12/1/2004,12/1/2004,HPD,CPC/Enterprise,,RB Only,,,Enterprise,3072984,,,Preservation Rehab,,,,HPD 9% LIHTC,,,,2008,12/1/2004,12/1/2004,,,,,,,1,1,1,4510,,,0,,,3,,3,3,3,,,,,0,0,2,1,0,0,25,367308,,,,,,,,,,,,,,,,
West Bushwick TPT,West Bushwick TPT,Residential,Multi-Family,Housing,Operational,Owned,Managed,Developed,wbtpt,,1269 Decatur Street Brooklyn NY 11207,Brooklyn,3,3430,3430,46,3034300046,3034300046,3079562,4,43,West Bushwick TPT HDFC,100%,, LIHTC ,,,,, D , RH , HPD ,, SR , All ,12/1/2004,12/1/2004,3/7/2008,3/7/2008,12/1/2008,12/1/2008,12/1/2004,12/1/2004, present ,7/16/2026,Multi-Family: Extremely-Low to Moderate Income,Vacant," $ 484,100.00 "," $ 484,100.00 "," $ 6,732,600.00 "," $ 6,732,600.00 ",12/1/2004,12/1/2004,CPC,CPC,,RB Only,,,N/A,3079562,,,Preservation Rehab,,,,HPD 9% LIHTC,,,JOE,2005,7/28/2003,7/28/2003,,,,,,,1,1,1,6552,,,0,,,3,,4,4,4,,,,,0,0,2,2,0,0,190,369815,,,,,,,,,,,,,,,,
West Bushwick TPT,West Bushwick TPT,Residential,Multi-Family,Housing,Operational,Owned,Managed,Developed,wbtpt,,1274 Decatur Street Brooklyn NY 11207,Brooklyn,3,3436,3436,18,3034360018,3034360018,3079785,4,43,West Bushwick TPT HDFC,100%,, LIHTC ,,,,, D , RH , HPD ,, SR , All ,12/1/2004,12/1/2004,3/7/2008,3/7/2008,12/1/2008,12/1/2008,12/1/2004,12/1/2004, present ,7/16/2026,Multi-Family: Extremely-Low to Moderate Income,Vacant," $ 484,100.00 "," $ 484,100.00 "," $ 6,732,600.00 "," $ 6,732,600.00 ",12/1/2004,12/1/2004,CPC,CPC,,RB Only,,,N/A,3079785,,,Preservation Rehab,,,,HPD 9% LIHTC,,,JOE,2005,7/28/2003,7/28/2003,,,,,,,1,1,1,6552,,,0,,,3,,4,4,4,,,,,0,0,2,2,0,0,190,329293,,,,,,,,,,,,,,,,
West Bushwick TPT,West Bushwick TPT,Residential,Multi-Family,Housing,Operational,Owned,Managed,Developed,wbtpt,,233 Himrod Street Brooklyn NY 11237,Brooklyn,3,3269,3269,52,3032690052,3032690052,3074515,4,43,West Bushwick TPT HDFC,100%,, LIHTC ,,,,, D , RH , HPD ,, SR , All ,12/1/2004,12/1/2004,3/7/2008,3/7/2008,12/1/2008,12/1/2008,12/1/2004,12/1/2004, present ,7/16/2026,Multi-Family: Extremely-Low to Moderate Income,Vacant," $ 484,100.00 "," $ 484,100.00 "," $ 6,732,600.00 "," $ 6,732,600.00 ",12/1/2004,12/1/2004,CPC,CPC,,RB Only,,,N/A,3074515,,,Preservation Rehab,,,,HPD 9% LIHTC,,,JOE,2005,7/28/2003,7/28/2003,,,,,,,1,1,1,5589,,,0,,,3,,4,4,4,,,,,0,0,2,2,0,0,190,332275,,,,,,,,,,,,,,,,
West Bushwick TPT,West Bushwick TPT,Residential,Multi-Family,Housing,Operational,Owned,Managed,Developed,wbtpt,,285 Linden Street Brooklyn NY 11237,Brooklyn,3,3326,3326,48,3033260048,3033260048,3076155,4,43,West Bushwick TPT HDFC,100%,, LIHTC ,,,,, D , RH , HPD ,, SR , All ,12/1/2004,12/1/2004,3/7/2008,3/7/2008,12/1/2008,12/1/2008,12/1/2004,12/1/2004, present ,7/16/2026,Multi-Family: Extremely-Low to Moderate Income,Vacant," $ 484,100.00 "," $ 484,100.00 "," $ 6,732,600.00 "," $ 6,732,600.00 ",12/1/2004,12/1/2004,CPC,CPC,,RB Only,,,N/A,3076155,,,Preservation Rehab,,,,HPD 9% LIHTC,,,JOE,2005,7/28/2003,7/28/2003,,,,,,,1,1,1,4608,,,0,,,3,,4,4,4,,,,,0,0,2,2,0,0,190,355579,,,,,,,,,,,,,,,,
West Bushwick TPT,West Bushwick TPT,Residential,Multi-Family,Housing,Operational,Owned,Managed,Developed,wbtpt,,306 Grove Street Brooklyn NY 11237,Brooklyn,3,3326,3326,26,3033260026,3033260026,3076138,5,43,West Bushwick TPT HDFC,100%,, LIHTC ,,,,, D , RH , HPD ,, SR , All ,12/1/2004,12/1/2004,3/7/2008,3/7/2008,12/1/2008,12/1/2008,12/1/2004,12/1/2004, present ,7/16/2026,Multi-Family: Extremely-Low to Moderate Income,Vacant," $ 484,100.00 "," $ 484,100.00 "," $ 6,732,600.00 "," $ 6,732,600.00 ",12/1/2004,12/1/2004,CPC,CPC,,RB Only,,,N/A,3076138,,,Preservation Rehab,,,,HPD 9% LIHTC,,,JOE,2007,7/28/2003,7/28/2003,,,,,,,1,1,1,4700,,,0,,,3,,5,5,5,,,,,0,0,0,4,1,0,190,360869,,,,,,,,,,,,,,,,
West Bushwick TPT,West Bushwick TPT,Residential,Multi-Family,Housing,Operational,Owned,Managed,Developed,wbtpt,,310 Grove Street Brooklyn NY 11237,Brooklyn,3,3326,3326,29,3033260029,3033260029,3076140,5,43,West Bushwick TPT HDFC,100%,, LIHTC ,,,,, D , RH , HPD ,, SR , All ,12/1/2004,12/1/2004,3/7/2008,3/7/2008,12/1/2008,12/1/2008,12/1/2004,12/1/2004, present ,7/16/2026,Multi-Family: Extremely-Low to Moderate Income,Vacant," $ 484,100.00 "," $ 484,100.00 "," $ 6,732,600.00 "," $ 6,732,600.00 ",12/1/2004,12/1/2004,CPC,CPC,,RB Only,,,N/A,3076140,,,Preservation Rehab,,,,HPD 9% LIHTC,,,JOE,2007,7/28/2003,7/28/2003,,,,,,,1,1,1,4600,,,0,,,3,,5,5,5,,,,,0,0,0,4,1,0,190,359912,,,,,,,,,,,,,,,,
West Bushwick TPT,West Bushwick TPT,Residential,Multi-Family,Housing,Operational,Owned,Managed,Developed,wbtpt,,324 Harman Street Brooklyn NY 11237,Brooklyn,3,3289,3289,21,3032890021,3032890021,3075106,6,43,West Bushwick TPT HDFC,100%,, LIHTC ,,,,, D , RH , HPD ,, SR , All ,12/1/2004,12/1/2004,3/7/2008,3/7/2008,12/1/2008,12/1/2008,12/1/2004,12/1/2004, present ,7/16/2026,Multi-Family: Extremely-Low to Moderate Income,Vacant," $ 484,100.00 "," $ 484,100.00 "," $ 6,732,600.00 "," $ 6,732,600.00 ",12/1/2004,12/1/2004,CPC,CPC,,RB Only,,,N/A,3075106,,,Preservation Rehab,,,,HPD 9% LIHTC,,,JOE,2007,7/28/2003,7/28/2003,,,,,,,1,1,1,4600,,,0,,,3,,6,6,6,,,,,0,0,0,2,4,0,190,327472,,,,,,,,,,,,,,,,
West Bushwick TPT,West Bushwick TPT,Residential,Multi-Family,Housing,Operational,Owned,Managed,Developed,wbtpt,,835 Hart Street Brooklyn NY 11237,Brooklyn,3,3320,3320,51,3033200052,3033200052,3073245,5,43,West Bushwick TPT HDFC,100%,, LIHTC ,,,,, D , RH , HPD ,, SR , All ,12/1/2004,12/1/2004,3/7/2008,3/7/2008,12/1/2008,12/1/2008,12/1/2004,12/1/2004, present ,7/16/2026,Multi-Family: Extremely-Low to Moderate Income,Vacant," $ 484,100.00 "," $ 484,100.00 "," $ 6,732,600.00 "," $ 6,732,600.00 ",12/1/2004,12/1/2004,CPC,CPC,,RB Only,,,N/A,3073245,,,Preservation Rehab,,,,HPD 9% LIHTC,,,JOE,2005,7/28/2003,7/28/2003,,,,,,,1,1,1,6552,,,0,,,3,,5,5,5,,,,,0,0,1,3,1,0,190,329978,,,,,,,,,,,,,,,,
Haven Green,Haven Green,Pre-Dev Site,Senior,Housing,Predevelopment,Not owned,Not managed,,havengr,,"199  Elizabeth St, Manhattan, NY 10012",Manhattan,1,493,493,30,1004930030,1004930030,3000000,123,123,TBD,25%,, 4% LIHTC ,,,,, D/JV , RH , HPD , TBD , NC  , N/A ,TBD,,TBD,,TBD,,TBD,N/A, TBD ,N/A,TBD,Vacant, TBD , TBD ,TBD, TBD ,N/A,,TBD,TBD ,,"Pennrose, Habitat",,,TBD,3000000,,,New Construction,,,,,,,,,,,,,,,,,0,0,,,,20265,,,,,,123,0,0,,0,,,,0,0,0,0,0,,,,,,,,,,,,,,,,,,
Hillside 2,Hillside 2,Pre-Dev Site,Senior,Housing,Predevelopment,Not owned,Not managed,,TBD,,"51 Hillside Avenue, Manhattan, NY",Manhattan,1,TBD,2170,TBD,TBD,1021707501,TBD,182,182,TBD,51%,, TBD ,,,,, D/JV , RH , HFA , TBD , NC  , N/A ,TBD,,TBD,,TBD,,TBD,, TBD ,,TBD,TBD, TBD , TBD ,TBD, TBD ,TBD,,TBD,TBD,,Coconut,,,TBD,,,,New Construction,HPD SARA,,,,,,,,,,,,,,,,0,0,,,,34995,,,,,,182,0,0,,,,,,0,0,0,0,0,,,,,,,,,,,,,,,,,,
West Bushwick TPT,West Bushwick TPT,Residential,Multi-Family,Housing,Operational,Owned,Managed,Developed,wbtpt,,869 Hart Street Brooklyn NY 11237,Brooklyn,3,3220,3220,40,3032200040,3032200040,3073234,6,43,West Bushwick TPT HDFC,100%,, LIHTC ,,,,, D , RH , HPD ,, SR , All ,12/1/2004,12/1/2004,3/7/2008,3/7/2008,12/1/2008,12/1/2008,12/1/2004,12/1/2004, present ,7/16/2026,Multi-Family: Extremely-Low to Moderate Income,Vacant," $ 484,100.00 "," $ 484,100.00 "," $ 6,732,600.00 "," $ 6,732,600.00 ",12/1/2004,12/1/2004,CPC,CPC,,RB Only,,,N/A,3073234,,,Preservation Rehab,,,,HPD 9% LIHTC,,,JOE,2005,7/28/2003,7/28/2003,,,,,,,1,1,1,4752,,,0,,,3,,6,6,6,,,,,0,0,0,0,6,0,190,331197,,,,,,,,,,,,,,,,
Woodlawn Senior Living,Woodlawn Senior Living,Parking Lot,non-housing,Housing,Operational,Owned,Managed,,woodlawn,,"63 East 233rd St Bronx, NY 10470
",Bronx,2,3365,3365,79,2033650079,2033650079,2018800,0,80,Woodlawn Senior Living HDFC,100%,,,,,,, D , Parking , HPD  ,, NC  , All ,8/1/2019,8/1/2019,9/1/2021,9/1/2021,9/1/2023,9/1/2023,4/17/2017,4/17/2017, present ,7/16/2026,,Vacant," $ 28,486,687.00 "," $ 28,486,687.00 "," $ 45,279,734.00 "," $ 45,279,734.00 ",4/1/2017,4/1/2017,Webster/Sterling,HPD,,RB Only,,,CREA,2018800,,,New Construction,HPD SARA,,,HPD 9% LIHTC,,,,2022,4/20/2017,4/20/2017,,,,,,,0,0,,,,,,,0,5,,0,0,0,,,,,0,0,0,0,0,0,,,,,,,,,,,,,"69 E 233rd St Bronx, NY 10470
",Supportive Services,,,Woodlawn Senior Living,
Woodlawn Senior Living,Woodlawn Senior Living,Residential,Senior,Housing,Operational,Owned,Managed,Developed,woodlawn,,85 East 233rd Street Bronx NY 10470,Bronx,2,3365,3365,71,2033650071,2033650071,2000000,80,80,Woodlawn Senior Living HDFC,100%,"HRA Senior, NYSSHP", 9% LIHTC ,,,,, D , RH  , HPD  ,, NC  , All ,8/1/2019,8/1/2019,9/1/2021,9/1/2021,9/1/2023,9/1/2023,4/17/2017,4/17/2017, present ,7/16/2026,"Seniors: Extremely-Low to Low Income, Homeless Set-Aside",Vacant," $ 28,486,687.00 "," $ 28,486,687.00 "," $ 45,279,734.00 "," $ 45,279,734.00 ",4/1/2017,4/1/2017,Webster/Sterling,HPD,,RB Only,,,CREA,,,,New Construction,HPD SARA,,,HPD 9% LIHTC,,,,2022,4/20/2017,4/20/2017,,,,,,,1,1,1,,,,0,,0,5,1,80,80,80,,,,,0,0,0,0,21,59,,,,,,,,,,,,,,,,,,
,,,,,,,,,,,,,,,,,,,,,,,,,,,,,,,,,,,,,,,,,,,,,,,,,,,,,,,,,,,,,,,,,,,,,,,,,,,,,,,,,157,147,,,,,,,,,,,,,,,,,,,,,,,,,,,,,,,,,,,,,,,,
,,,,,,,,,,,,,,,,,,,,8179,,,,,,,,,,,,,,,,,,,,,,,,,,,,,,,,,,,,,,,,,,,,,,,,,,,,,,,,,,,,,314,294,147,,,,,,,,,8600,5153,3095,418,172,0,0,34,23,408,1149,1988,1423,,,41,,,,,,,,,,,,,,,