Property,Unit,Unit Type,Date Available,Bedrooms,Rent
rbha,647-3B,1bds,3/26/2009,1,0.00
rbha,238-2A,1bds,3/26/2009,1,0.00
rbha,1516-1A,1bds,3/26/2009,1,0.00
rbha,1516-1B,1bds,3/26/2009,1,0.00
rbha,320-2B,1bds,3/26/2009,1,0.00
rbha,320-3B,1bd,3/26/2009,1,0.00
rbha,245-1A,1bds,3/26/2009,1,0.00
rbha,245-2A,1bds,3/26/2009,1,0.00
rbha,128-2A,1bds,6/5/2009,1,0.00
rbha,181-1B,1bd,12/18/2014,0,520.50
baisley,205,BPP0@50,7/22/2025,0,784.00
baisley,214,BPP0@50,7/22/2025,0,784.00
baisley,416,BPP0@50,7/22/2025,0,784.00
baisley,427,BPP0@50,7/22/2025,0,784.00
baisley,723,BPP0@50,7/22/2025,0,784.00
baisley,810,BPP0@50,7/22/2025,0,784.00
baisley,908,BPP0@50,7/22/2025,0,784.00
baisley,1020,BPP0@50,7/22/2025,0,784.00
baisley,1108,BPP0@50,7/22/2025,0,784.00
baisley,203,BPP0@60,7/22/2025,0,996.00
baisley,208,BPP0@60,7/22/2025,0,996.00
baisley,210,BPP0@60,7/22/2025,0,996.00
baisley,216,BPP0@60,7/22/2025,0,996.00
baisley,220,BPP0@60,7/22/2025,0,996.00
baisley,226,BPP0@60,7/22/2025,0,996.00
baisley,229,BPP0@60,7/22/2025,0,996.00
baisley,303,BPP0@60,7/22/2025,0,996.00
baisley,304,BPP0@60,7/22/2025,0,996.00
baisley,307,BPP0@60,7/22/2025,0,996.00
baisley,310,BPP0@60,7/22/2025,0,996.00
baisley,314,BPP0@60,7/22/2025,0,996.00
baisley,320,BPP0@60,7/22/2025,0,996.00
baisley,327,BPP0@60,7/22/2025,0,996.00
baisley,403,BPP0@60,7/22/2025,0,996.00
baisley,407,BPP0@60,7/22/2025,0,996.00
baisley,408,BPP0@60,7/22/2025,0,996.00
baisley,410,BPP0@60,7/22/2025,0,996.00
baisley,420,BPP0@60,7/22/2025,0,996.00
baisley,510,BPP0@60,7/22/2025,0,996.00
baisley,514,BPP0@60,7/22/2025,0,996.00
baisley,520,BPP0@60,7/22/2025,0,996.00
baisley,522,BPP0@60,7/22/2025,0,996.00
baisley,523,BPP0@60,7/22/2025,0,996.00
baisley,527,BPP0@60,7/22/2025,0,996.00
baisley,604,BPP0@60,7/22/2025,0,996.00
baisley,607,BPP0@60,7/22/2025,0,996.00
baisley,610,BPP0@60,7/22/2025,0,996.00
baisley,614,BPP0@60,7/22/2025,0,996.00
baisley,620,BPP0@60,7/22/2025,0,996.00
baisley,623,BPP0@60,7/22/2025,0,996.00
baisley,627,BPP0@60,7/22/2025,0,996.00
baisley,703,BPP0@60,7/22/2025,0,996.00
baisley,707,BPP0@60,7/22/2025,0,996.00
baisley,708,BPP0@60,7/22/2025,0,996.00
baisley,710,BPP0@60,7/22/2025,0,996.00
baisley,714,BPP0@60,7/22/2025,0,996.00
baisley,716,BPP0@60,7/22/2025,0,996.00
baisley,803,BPP0@60,7/22/2025,0,996.00
baisley,804,BPP0@60,7/22/2025,0,996.00
baisley,827,BPP0@60,7/22/2025,0,996.00
baisley,920,BPP0@60,7/22/2025,0,996.00
baisley,922,BPP0@60,7/22/2025,0,996.00
baisley,923,BPP0@60,7/22/2025,0,996.00
baisley,1008,BPP0@60,7/22/2025,0,996.00
baisley,1014,BPP0@60,7/22/2025,0,996.00
baisley,1016,BPP0@60,7/22/2025,0,996.00
baisley,1023,BPP0@60,7/22/2025,0,996.00
baisley,1103,BPP0@60,7/22/2025,0,996.00
baisley,1104,BPP0@60,7/22/2025,0,996.00
baisley,1107,BPP0@60,7/22/2025,0,996.00
baisley,1114,BPP0@60,7/22/2025,0,996.00
baisley,1203,BPP0@60,7/22/2025,0,996.00
baisley,1207,BPP0@60,7/22/2025,0,996.00
baisley,1208,BPP0@60,7/22/2025,0,996.00
baisley,628,BPP1@60,7/22/2025,1,"1,244.00"
baisley,828,BPP1@60,7/22/2025,1,"1,244.00"
baisley,624,BPP2@60,7/22/2025,2,"1,493.00"
baisley,224,BPPSUPER,7/22/2025,3,0.00
baisley,212,BPPHMLS0,7/22/2025,0,"2,335.00"
baisley,213,BPPHMLS0,7/22/2025,0,"2,335.00"
baisley,219,BPPHMLS0,7/22/2025,0,"2,335.00"
baisley,221,BPPHMLS0,7/22/2025,0,"2,335.00"
baisley,301,BPPHMLS0,7/22/2025,0,"2,335.00"
baisley,306,BPPHMLS0,7/22/2025,0,"2,335.00"
baisley,311,BPPHMLS0,7/22/2025,0,"2,335.00"
baisley,317,BPPHMLS0,7/22/2025,0,"2,335.00"
baisley,318,BPPHMLS0,7/22/2025,0,"2,335.00"
baisley,321,BPPHMLS0,7/22/2025,0,"2,335.00"
baisley,405,BPPHMLS0,7/22/2025,0,"2,335.00"
baisley,406,BPPHMLS0,7/22/2025,0,"2,335.00"
baisley,409,BPPHMLS0,7/22/2025,0,"2,335.00"
baisley,411,BPPHMLS0,7/22/2025,0,"2,335.00"
baisley,412,BPPHMLS0,7/22/2025,0,"2,335.00"
baisley,413,BPPHMLS0,7/22/2025,0,"2,335.00"
baisley,415,BPPHMLS0,7/22/2025,0,"2,335.00"
baisley,419,BPPHMLS0,7/22/2025,0,"2,335.00"
baisley,421,BPPHMLS0,7/22/2025,0,"2,335.00"
baisley,422,BPPHMLS0,7/22/2025,0,"2,335.00"
baisley,426,BPPHMLS0,7/22/2025,0,"2,335.00"
baisley,429,BPPHMLS0,7/22/2025,0,"2,335.00"
baisley,512,BPPHMLS0,7/22/2025,0,"2,335.00"
baisley,518,BPPHMLS0,7/22/2025,0,"2,335.00"
baisley,519,BPPHMLS0,7/22/2025,0,"2,335.00"
baisley,526,BPPHMLS0,7/22/2025,0,"2,335.00"
baisley,529,BPPHMLS0,7/22/2025,0,"2,335.00"
baisley,601,BPPHMLS0,7/22/2025,0,"2,335.00"
baisley,605,BPPHMLS0,7/22/2025,0,"2,335.00"
baisley,613,BPPHMLS0,7/22/2025,0,"2,335.00"
baisley,615,BPPHMLS0,7/22/2025,0,"2,335.00"
baisley,618,BPPHMLS0,7/22/2025,0,"2,335.00"
baisley,621,BPPHMLS0,7/22/2025,0,"2,335.00"
baisley,629,BPPHMLS0,7/22/2025,0,"2,335.00"
baisley,711,BPPHMLS0,7/22/2025,0,"2,335.00"
baisley,713,BPPHMLS0,7/22/2025,0,"2,335.00"
baisley,717,BPPHMLS0,7/22/2025,0,"2,335.00"
baisley,718,BPPHMLS0,7/22/2025,0,"2,335.00"
baisley,719,BPPHMLS0,7/22/2025,0,"2,335.00"
baisley,801,BPPHMLS0,7/22/2025,0,"2,335.00"
baisley,805,BPPHMLS0,7/22/2025,0,"2,335.00"
baisley,809,BPPHMLS0,7/22/2025,0,"2,335.00"
baisley,816,BPPHMLS0,7/22/2025,0,"2,335.00"
baisley,901,BPPHMLS0,7/22/2025,0,"2,335.00"
baisley,917,BPPHMLS0,7/22/2025,0,"2,335.00"
baisley,918,BPPHMLS0,7/22/2025,0,"2,335.00"
baisley,921,BPP0@50,7/22/2025,0,"2,335.00"
baisley,926,BPPHMLS0,7/22/2025,0,"2,335.00"
baisley,929,BPPHMLS0,7/22/2025,0,"2,335.00"
baisley,1005,BPPHMLS0,7/22/2025,0,"2,335.00"
baisley,1012,BPPHMLS0,7/22/2025,0,"2,335.00"
baisley,1013,BPPHMLS0,7/22/2025,0,"2,335.00"
baisley,1018,BPPHMLS0,7/22/2025,0,"2,335.00"
baisley,1029,BPPHMLS0,7/22/2025,0,"2,335.00"
baisley,1106,BPPHMLS0,7/22/2025,0,"2,335.00"
baisley,1113,BPPHMLS0,7/22/2025,0,"2,335.00"
baisley,1119,BPPHMLS0,7/22/2025,0,"2,335.00"
baisley,1129,BPPHMLS0,7/22/2025,0,"2,335.00"
baisley,1201,BPPHMLS0,7/22/2025,0,"2,335.00"
baisley,1205,BPPHMLS0,7/22/2025,0,"2,335.00"
baisley,1211,BPPHMLS0,7/22/2025,0,"2,335.00"
baisley,1213,BPPHMLS0,7/22/2025,0,"2,335.00"
baisley,1215,BPPHMLS0,7/22/2025,0,"2,335.00"
baisley,1217,BPPHMLS0,7/22/2025,0,"2,335.00"
baisley,1218,BPPHMLS0,7/22/2025,0,"2,335.00"
baisley,1221,BPPHMLS0,7/22/2025,0,"2,335.00"
baisley,1222,BPPHMLS0,7/22/2025,0,"2,335.00"
baisley,202,BPPHMLS1,7/22/2025,1,"2,387.00"
baisley,222,BPPHMLS1,7/22/2025,1,"2,387.00"
baisley,302,BPPHMLS1,7/22/2025,1,"2,387.00"
baisley,402,BPPHMLS1,7/22/2025,1,"2,387.00"
baisley,425,BPPHMLS1,7/22/2025,1,"2,387.00"
baisley,525,BPPHMLS1,7/22/2025,1,"2,387.00"
baisley,825,BPPHMLS1,7/22/2025,1,"2,387.00"
baisley,424,BPPHMLS2,7/22/2025,2,"2,696.00"
baisley,724,BPPHMLS2,7/22/2025,2,"2,696.00"
baisley,924,BPPHMLS2,7/22/2025,2,"2,696.00"
baisley,1124,BPPHMLS2,7/22/2025,2,"2,696.00"
baisley,206,BPPHMLS0,7/22/2025,0,"2,335.00"
baisley,209,BPPHMLS0,7/22/2025,0,"2,335.00"
baisley,211,BPPHMLS0,7/22/2025,0,"2,335.00"
baisley,616,BPPHMLS0,7/22/2025,0,"2,335.00"
135mena,135-1L,1bed60%,8/30/2024,1,484.50
alliance,63-2A,supers,3/28/2025,2,0.00
alliance,63-2B,BAPBV140,3/28/2025,1,"2,794.00"
alliance,63-2E,BAPBV230,3/28/2025,2,"2,587.00"
alliance,63-3B,BAPBV140,3/28/2025,1,"2,304.00"
1601dek,312,1deka120,12/9/2025,1,"2,910.00"
1601dek,401,3dekal40,12/9/2025,3,"1,346.00"
1601dek,402,1deka120,12/9/2025,1,"2,910.00"
1601dek,403,2dekal40,12/9/2025,2,"1,751.00"
1601dek,404,0deka120,12/9/2025,0,"2,319.00"
1601dek,405,1dekal50,12/9/2025,1,"1,532.00"
1601dek,406,0deka120,12/9/2025,0,"2,319.00"
1601dek,407,0dekal80,12/9/2025,1,"1,760.00"
1601dek,408,2dekal80,12/9/2025,2,"2,636.00"
1601dek,409,1dekal60,12/9/2025,1,"1,532.00"
1601dek,410,1dekal60,12/9/2025,1,"1,532.00"
1601dek,411,1deka120,12/9/2025,1,"2,910.00"
1601dek,412,1dekaM40,12/9/2025,1,996.00
1601dek,501,3deka120,12/9/2025,3,"4,000.00"
1601dek,502,1dekal60,12/9/2025,1,"1,532.00"
1601dek,503,2dekal60,12/9/2025,2,"1,751.00"
1601dek,504,0deka120,12/9/2025,0,"2,319.00"
1601dek,505,1deka120,12/9/2025,1,"2,910.00"
1601dek,506,0deka120,12/9/2025,0,"2,319.00"
1601dek,507,0deka120,12/9/2025,0,"2,319.00"
1601dek,508,1dekaM40,12/9/2025,1,996.00
1601dek,613,3dekal80,12/9/2025,3,"3,031.00"
1601dek,614,1deka120,12/9/2025,1,"2,910.00"
1601dek,615,2dekal60,12/9/2025,2,"1,751.00"
1601dek,616,0deka120,12/9/2025,0,"2,319.00"
1601dek,617,1dekal60,12/9/2025,1,"1,532.00"
1601dek,618,0deka120,12/9/2025,0,"2,319.00"
1601dek,619,0deka120,12/9/2025,0,"2,319.00"
1601dek,620,1deka120,12/9/2025,1,"2,910.00"
1601dek,701,3deka120,12/9/2025,3,"4,000.00"
1601dek,702,1dekal60,12/9/2025,1,"1,532.00"
1601dek,703,2dekal60,12/9/2025,2,"1,751.00"
1601dek,704,0deka120,12/9/2025,0,"2,319.00"
1601dek,705,1deka120,12/9/2025,1,"2,910.00"
1601dek,801,3deka120,12/9/2025,3,"4,000.00"
1601dek,802,1deka120,12/9/2025,1,"2,910.00"
1601dek,803,2dekal50,12/9/2025,2,"1,751.00"
1601dek,901,3deka120,12/9/2025,3,"4,000.00"
1601dek,902,1deka120,12/9/2025,1,"2,910.00"
1601dek,903,2dekal50,12/9/2025,2,"1,751.00"
1601dek,201,3dekal80,12/9/2025,3,"3,031.00"
1601dek,203,2dekal40,12/9/2025,2,"1,751.00"
1601dek,116,2dekal60,12/9/2025,2,"1,751.00"
1601dek,213,3deka120,12/9/2025,3,"4,000.00"
1601dek,214,1dekal50,12/9/2025,1,"1,532.00"
1601dek,215,2dekal60,12/9/2025,2,"1,751.00"
1601dek,216,0deka120,12/9/2025,0,"2,319.00"
1601dek,217,1dekal60,12/9/2025,1,"1,532.00"
1601dek,218,0dekal40,12/9/2025,0,788.00
1601dek,219,0dekal80,12/9/2025,0,"1,760.00"
1601dek,220,1dekaM40,12/9/2025,1,966.00
1601dek,313,3dekal80,12/9/2025,3,"3,031.00"
1601dek,314,1dekal60,12/9/2025,1,"1,532.00"
1601dek,315,2dekal60,12/9/2025,2,"1,751.00"
1601dek,316,0deka120,12/9/2025,0,"2,319.00"
1601dek,317,1dekaM40,12/9/2025,1,996.00
1601dek,318,0dekal80,12/9/2025,0,"1,760.00"
1601dek,320,1dekal60,12/9/2025,1,"1,532.00"
1601dek,413,3dekal40,12/9/2025,3,"1,346.00"
1601dek,414,1dekal60,12/9/2025,1,"1,532.00"
1601dek,416,0deka120,12/9/2025,0,"2,319.00"
1601dek,417,1dekal40,12/9/2025,1,"1,532.00"
1601dek,418,0dekal80,12/9/2025,0,"1,760.00"
1601dek,419,0dekal80,12/9/2025,0,"1,760.00"
1601dek,420,1dekal60,12/9/2025,1,"1,532.00"
1601dek,513,3dekal40,12/11/2025,3,"1,346.00"
1601dek,514,1dekal60,12/11/2025,1,"1,532.00"
1601dek,515,2dekal60,12/11/2025,2,"1,751.00"
1601dek,516,0deka120,12/11/2025,0,"2,319.00"
1601dek,517,1deka120,12/11/2025,1,"2,910.00"
1601dek,518,0deka120,12/11/2025,0,"2,319.00"
1601dek,519,0deka120,12/11/2025,0,"2,319.00"
1601dek,520,1deka120,12/11/2025,1,"2,910.00"
1601dek,601,3deka120,12/11/2025,3,"4,000.00"
1601dek,602,1dekal60,12/11/2025,1,"1,532.00"
1601dek,603,2dekal60,12/11/2025,2,"1,751.00"
1601dek,604,0deka120,12/11/2025,0,"2,319.00"
1601dek,605,1deka120,12/11/2025,1,"2,910.00"
1601dek,606,0deka120,12/11/2025,0,"2,319.00"
1601dek,607,0deka120,12/11/2025,0,"2,319.00"
1601dek,608,1deka120,12/11/2025,1,"3,031.00"
1601dek,713,3deka120,12/11/2025,3,"4,000.00"
1601dek,714,1dekal60,12/11/2025,1,"1,532.00"
1601dek,715,2dekaM40,12/11/2025,2,"1,178.00"
1601dek,716,0dekal80,12/11/2025,0,"1,760.00"
1601dek,717,1dekal60,12/11/2025,1,"1,532.00"
1601dek,813,3deka120,12/11/2025,3,"4,000.00"
1601dek,814,1deka120,12/11/2025,1,"2,910.00"
1601dek,815,2dekal80,12/11/2025,2,"2,636.00"
1601dek,913,3deka120,12/11/2025,3,"4,000.00"
1601dek,915,2deka120,12/11/2025,2,"3,475.00"
1601dek,101,3dekal40,12/9/2025,3,"1,346.00"
1601dek,103,2dekal60,12/9/2025,2,"1,751.00"
1601dek,104,2dekal40,12/9/2025,2,"1,751.00"
1601dek,108,2dekal50,12/9/2025,2,"1,751.00"
1601dek,109,1dekal60,12/9/2025,1,"1,532.00"
1601dek,110,1dekal50,12/9/2025,1,"1,532.00"
1601dek,111,1dekal60,12/9/2025,1,"1,532.00"
1601dek,112,0dekal40,12/9/2025,0,788.00
1601dek,113,3dekal80,12/9/2025,3,"3,031.00"
1601dek,114,1dekal60,12/9/2025,1,"1,532.00"
1601dek,115,2dekal60,12/9/2025,2,"1,751.00"
1601dek,204,0dekal80,12/9/2025,0,"1,760.00"
1601dek,205,1dekal40,12/9/2025,1,"1,532.00"
1601dek,207,0dekal80,12/9/2025,0,"1,760.00"
1601dek,208,2dekaM40,12/9/2025,2,"1,178.00"
1601dek,209,1dekal60,12/9/2025,1,"1,532.00"
1601dek,210,1dekal60,12/9/2025,1,"1,532.00"
1601dek,211,1dekal80,12/9/2025,1,"2,211.00"
1601dek,212,1dekal60,12/9/2025,1,"1,532.00"
1601dek,301,3deka120,12/9/2025,3,"4,000.00"
1601dek,303,supers,12/9/2025,2,0.00
1601dek,304,0dekal80,12/9/2025,0,"1,760.00"
1601dek,305,1dekal50,12/9/2025,1,"1,532.00"
1601dek,306,0deka120,12/9/2025,0,"2,319.00"
1601dek,307,0dekal80,12/9/2025,0,"1,760.00"
1601dek,308,2dekal60,12/9/2025,2,"1,751.00"
1601dek,309,1deka120,12/9/2025,1,"2,910.00"
1601dek,310,1dekal60,12/9/2025,1,"1,532.00"
1601dek,102,1dekal40,12/8/2025,1,"1,532.00"
baisley,417,BPPHMLS0,7/14/2025,0,"2,335.00"
baisley,508,BPP0@60,11/7/2025,0,996.00
baisley,821,BPPHMLS0,7/15/2025,0,"2,335.00"
420stock,1C,4202b60,,2,931.88
420stock,1D,4201b60,,1,621.52
420stock,1E,4202b60,,2,871.71
420stock,1F,4201b60,,1,762.19
420stock,1H,4202b60,,2,909.00
420stock,420-2A,420super,1/5/2026,2,0.00
420stock,2B,4201b60,,1,846.64
420stock,2C,4202b60,,2,987.98
420stock,2D,4201b60,,1,751.09
420stock,2E,4201b60,,1,740.07
420stock,2F,4202b60,,2,816.00
420stock,2H,4202b60,,2,"1,045.58"
420stock,3A,4202b60,,2,886.04
420stock,3B,4201b60,6/30/2026,1,700.10
420stock,3C,4202b60,,2,"1,000.73"
420stock,3D,4201b60,,1,696.69
420stock,3G,4201b60,,1,747.20
420stock,3I,4202b60,,2,871.70
420stock,4E,4201b60,,1,613.49
420stock,4F,4202b60,,2,903.30
420stock,4I,4202b60,,2,"1,064.11"
melrose,1C,ms3b50,,3,875.71
melrose,1E,ms2b30,,2,462.46
melrose,1F,ms1b50,,1,570.46
melrose,2C,ms3b50,,3,909.60
melrose,2E,ms2b60,,2,814.28
melrose,2F,ms2b30,,2,390.64
melrose,2G,supers,,3,"2,228.00"
melrose,3B,ms2b50,4/15/2025,2,784.99
melrose,3D,ms3b60,,3,"1,037.40"
melrose,3E,ms2b60,,2,260.00
melrose,3H,ms3b60,,3,"1,093.09"
melrose,4B,ms2b60,,2,887.55
melrose,4D,ms3b60,,3,"1,081.55"
renest,1M,re2b50,,2,"1,218.15"
renest,2B,re1b50VI,,1,998.08
renest,2D,re1b50VI,,1,207.00
renest,2F,re3b60,,3,"1,039.69"
renest,2G,re2b50HI,,2,"1,147.73"
renest,2H,re2b50,,2,650.47
renest,2I,re2b50,,2,599.52
renest,2J,re2b50,,2,805.35
renest,2K,re2b50,,2,650.47
renest,2L,2b60,,2,935.85
renest,2M,2b60,,2,898.49
renest,3A,re3b50HI,,3,726.50
renest,3B,re1b50,,1,582.08
renest,3C,re1b50,,1,512.01
renest,3E,re1b50,,1,"1,112.05"
renest,3G,re2b50,1/5/2026,2,740.89
renest,3H,re2b50,,2,650.47
renest,3I,re2b50,,2,650.47
renest,3J,re2b60,,2,793.65
renest,3K,re2b50,,2,650.47
renest,3L,re2b50,,2,650.47
renest,4B,re1b60,,1,644.43
renest,4C,re1b50,,1,493.13
renest,4D,re1b50,12/9/2025,1,493.69
renest,4F,re3B50,,3,833.41
renest,4G,re2b60,,2,788.76
renest,4H,re2b50,,2,650.47
renest,4I,re2b50,,2,599.52
renest,4J,re2b60,,2,794.59
renest,4L,2b60,,2,935.85
renest,4M,2b60,,2,913.20
renest,5A,re3b60,,3,958.24
renest,5C,re1b50,,1,632.04
renest,5E,1bed50%,,1,608.06
renest,5F,re3b60,,3,"1,036.04"
renest,5G,re2b60,,2,793.65
renest,5H,2b60,,2,872.36
renest,5I,re2b50,,2,805.34
renest,5J,re2b50,,2,706.93
renest,5K,re2b50,,2,650.47
renest,5L,re2b60,,2,782.55
renest,5M,re2b50,,2,650.47
renest,6E,re1b50,,1,512.01
renest,6F,re3B50,,3,766.84
renest,6G,re2b50,,2,599.52
renest,6H,re2b60,,2,782.55
rheing,555-2A,rg2b50,,2,737.18
rheing,555-2B,rg2b50,,2,622.45
rheing,555-2D,rg3b50,,3,961.83
rheing,555-2E,rg2b60,,2,808.86
rheing,555-3A,rg1b50HI,,1,702.64
rheing,555-3B,rg2b60,,2,982.62
rheing,555-3D,rg3b50,,3,769.80
rheing,555-3E,rg2b50,,2,658.24
rheing,555-3F,rg2b50,,2,622.45
rheing,555-3H,rg3b50,,3,869.51
rheing,555-3I,rg3b50,,3,769.80
rheing,555-4B,rg2b60,,2,799.88
rheing,555-4C,rg3b60,,3,918.22
rheing,555-4D,rg3b50HI,,3,769.80
rheing,555-4E,rg2b50,,2,622.45
rheing,555-4F,rg2b50,,2,658.21
rheing,555-4G,2bed50%,,2,929.00
rheing,555-4H,rg3b50,,3,846.97
rheing,555-4I,rg3b60,,3,"1,085.88"
rheing,555-5A,rg1b60,,1,624.77
rheing,555-5B,2bed50%,,2,516.01
rheing,555-5C,rg3b60,,3,240.74
rheing,555-5D,rg3b60,,3,942.74
rheing,555-5F,rg2b60,,2,905.43
rheing,555-5H,rg3b50,,3,769.80
rheing,555-5I,rg3b60,,3,"1,013.47"
rheing,555-6A,rg1b60,,1,624.77
rheing,555-6B,rg2b60,,2,808.86
rheing,555-6C,rg3b50,,3,861.89
rheing,555-6D,rg3b60,,3,928.29
rheing,555-6E,2bed50%,,2,905.43
rheing,555-6F,rg2b60,,2,948.62
rheing,555-6H,rg3b60,,3,306.00
rheing,555-6I,rg3b60,,3,"1,278.03"
melrose,1A,ms1b30,,1,389.79
melrose,1D,ms3b50,,3,845.72
rheing,533-2B,rg3b60,,3,"1,027.43"
rheing,533-2C,rg1b50,,1,524.36
rheing,533-2D,rg2b60,,2,808.86
rheing,533-2F,rg3b60,,3,942.74
rheing,533-2G,2bed50%,,2,631.86
rheing,533-2H,rg2b60,,2,942.31
rheing,533-2I,rg2b50,,2,725.64
rheing,533-3A,rg2b50,,2,658.24
rheing,533-3B,rg3b50,,3,729.67
rheing,533-3D,rg2b50,,3,740.02
rheing,533-3E,rg3b50HI,,3,769.80
rheing,533-3F,rg3b60,,3,935.46
rheing,533-3H,rg2b60,,2,971.33
rheing,533-3I,rg2b60,,2,658.24
rheing,533-3J,rg2b50,,2,658.24
rheing,533-4B,rg3b50,,3,848.62
rheing,533-4C,rg1b60HI,,1,722.69
rheing,533-4D,rg2b60,,2,937.94
rheing,533-4E,rg3b50,,3,933.30
rheing,533-4F,rg3b50,,3,769.80
rheing,533-4G,rg2b60,,2,808.86
rheing,533-4H,rg2b60HI,,2,808.86
rheing,533-4J,rg2b50,,2,658.24
rheing,533-5B,rg3b60,,3,"1,154.79"
rheing,533-5C,rg1b60HI,,1,624.77
rheing,533-5E,rg3b60,,3,"1,088.39"
rheing,533-5F,rg3b60HI,,3,615.74
rheing,533-5G,rg2b50,,2,733.62
rheing,533-5H,rg2b50,,2,658.24
rheing,533-6A,rg2b60,,2,808.86
rheing,533-6B,rg3b50,,3,925.70
rheing,533-6E,rg3b60,,3,942.74
rheing,533-6F,rg3b50,,3,848.63
rheing,533-6G,rg2b50HI,,2,606.23
rheing,533-6H,rg2b60,,2,808.86
rheing,533-6I,rg2b60,,2,"1,003.96"
rheing,533-6J,rg2b50,,2,658.24
melrose,3G,ms3b50,,3,771.98
melrose,3F,ms2b60,,2,860.51
melrose,2B,ms2b60,,2,348.00
melrose,2D,ms3b50,,3,771.98
melrose,2H,ms3b50,,3,771.98
melrose,6D,ms2b60,,2,814.28
melrose,4G,ms3b60,,3,951.75
melrose,4H,ms3b60,,3,"1,243.27"
melrose,5D,ms2b50,,2,753.23
melrose,5F,ms2b60,,2,814.28
melrose,5G,ms2b60,,2,814.28
melrose,6E,ms2b60,,2,907.52
melrose,6F,ms2b50,,2,742.64
rheing,533-2E,rg3b50,,3,928.11
troutev2,1D,trev1bed,5/29/2026,1,"1,005.00"
troutev2,1F,trev1bed,,1,"1,005.00"
troutev2,2G,trev1bed,,1,"1,005.00"
troutev2,2J,trev1bed,,1,"1,005.00"
troutev2,2N,trev1bed,,1,"1,005.00"
troutev2,3D,trev1bed,,1,"1,005.00"
troutev2,3F,trev1bed,,1,"1,005.00"
troutev2,3H,trev1bed,,1,"1,005.00"
troutev2,3J,trev1bed,,1,"1,005.00"
troutev2,3K,trev1bed,,1,"1,005.00"
troutev2,3N,trev1bed,,1,"1,005.00"
troutev2,3O,trev1bed,,1,"1,005.00"
troutev2,4B,trev1bed,,1,"1,005.00"
troutev2,4C,trev1bed,,1,"1,005.00"
troutev2,4D,trev1bed,,1,"1,005.00"
troutev2,4J,trev1bed,,1,"1,005.00"
troutev2,4L,trev1bed,,1,"1,005.00"
troutev2,4O,trev1bed,,1,"1,005.00"
troutev2,5D,trev1bed,,1,"1,005.00"
troutev2,5E,trev1bed,,1,"1,005.00"
troutev2,5G,trev1bed,,1,"1,005.00"
troutev2,5J,trev1bed,,1,"1,005.00"
troutev2,5K,trev1bed,,1,"1,005.00"
troutev2,5N,trev1bed,,1,"1,005.00"
troutev2,5O,trev1bed,,1,"1,005.00"
troutev2,6C,trev1bed,,1,"1,005.00"
troutev2,6G,trev1bed,,1,"1,005.00"
troutev2,6K,trev1bed,,1,"1,005.00"
troutev2,6L,trev1bed,,1,"1,005.00"
troutev2,6M,trev1bed,,1,"1,005.00"
gtsgrd2,1D,gtsg1b,,1,961.00
gtsgrd2,2I,gtsg1b,,1,961.00
gtsgrd2,2K,gtsg1b,,1,961.00
gtsgrd2,3A,gtsg1b,,1,961.00
gtsgrd2,3J,gtsg1b,,1,961.00
gtsgrd2,3L,gtsg1b,,1,961.00
gtsgrd2,4A,gtsg1b,,1,961.00
gtsgrd2,4D,gtsg1b,,1,961.00
gtsgrd2,4J,gtsg1b,,1,961.00
gtsgrd2,4K,gtsg1b,,1,961.00
gtsgrd2,5F,gtsg1b,,1,961.00
gtsgrd2,6G,gtsg1b,,1,961.00
gtsgrd2,6C,gtsg1b,2/28/2026,1,961.00
plazanc2,1B,plaza0b,,0,757.00
plazanc2,2D,plaza0b,,0,757.00
plazanc2,2F,plaza01,,1,757.00
plazanc2,2I,plaza01,,1,757.00
plazanc2,2J,plaza0b,,0,757.00
plazanc2,3A,plaza01,,1,757.00
plazanc2,3M,plaza01,4/9/2026,1,757.00
plazanc2,4B,plaza01,,1,757.00
plazanc2,4H,plaza01,,1,757.00
plazanc2,5B,plaza01,,1,757.00
plazanc2,5M,plaza01,,1,757.00
plazanc2,7F,plaza01,,1,757.00
plazanc2,8H,plaza01,,1,757.00
gdwnpl2,1F,gdwn1b,,1,"2,004.00"
gdwnpl2,2B,gdwn1b,,1,"2,004.00"
gdwnpl2,3E,gdwn1b,,1,"2,004.00"
gdwnpl2,3G,gdwn1b,,1,"2,004.00"
gdwnpl2,4K,gdwn1b,,1,"2,004.00"
gdwnpl2,6G,gdwn1b,,1,"2,004.00"
gdwnpl2,6J,gdwn0b,,0,"1,784.00"
gdwnpl2,6N,gdwn1b,,1,"2,004.00"
gdwnpl2,7D,gdwn1b,,1,"2,004.00"
gdwnpl2,7N,gdwn1b,,1,"2,004.00"
gdwnpl2,7R,gdwn0b,,0,"1,784.00"
gdwnpl2,5F,gdwn1b,,1,"2,004.00"
cfbn2,2B,cfbc1b,,1,"2,005.00"
cfbn2,2F,cfbc0b,,0,"1,793.00"
cfbn2,2G,cfbc1b,,1,"2,005.00"
cfbn2,2H,cfbc1b,,1,"2,005.00"
cfbn2,3G,cfbc1b,,1,"2,005.00"
cfbn2,5M,cfbc1b,,1,"2,005.00"
cfbn2,5N,cfbc1b,,1,"2,005.00"
cfbn2,4H,cfbc1b,,1,"2,005.00"
cfbn2,4M,cfbc1b,,1,"2,005.00"
cfbn2,5A,cfbc0b,,0,"1,793.00"
cfbn2,5D,cfbc1b,,1,"2,005.00"
cfbn2,5E,cfbc1b,,1,"2,005.00"
cfbn2,5F,cfbc0b,,0,"1,793.00"
cfbn2,3L,cfbc1b,,1,"2,005.00"
gtsplaza,2R,gtspla1b,,1,814.00
gtsplaza,6G,gtspla1b,,1,814.00
gtsplaza,3G,gtspla1b,,1,814.00
gtsplaza,3K,gtspla1b,10/1/2025,1,814.00
gtsplaza,4C,gtspla1b,7/1/2026,1,814.00
gtsplaza,4F,gtspla1b,,1,814.00
gtsplaza,3R,gtspla1b,,1,814.00
gtsplaza,4B,gtspla1b,,1,814.00
gtsplaza,4P,gtspla1b,,1,814.00
gtsplaza,4G,gtspla1b,,1,814.00
gtsplaza,4J,gtspla1b,,1,814.00
gtsplaza,4M,gtspla1b,,1,814.00
gtsplaza,4N,gtspla1b,,1,814.00
gtsplaza,5A,gtspla1b,,1,814.00
gtsplaza,5L,gtspla1b,,1,814.00
gtsplaza,2M,gtspla1b,,1,814.00
gtsplaza,6B,gtspla1b,,1,814.00
gtsplaza,5F,gtspla1b,,1,814.00
gtsplaza,5S,gtspla1b,,1,814.00
gtsplaza,5D,gtspla1b,,1,814.00
gtsplaza,5J,gtspla1b,,1,814.00
gtsplaza,6C,gtspla1b,,1,814.00
gtsplaza,6S,gtspla1b,,1,814.00
gtsplaza,5M,gtspla1b,,1,814.00
gtsplaza,3H,gtspla1b,5/15/2026,1,814.00
gtsplaza,4S,gtspla1b,,1,814.00
gtsplaza,3F,gtspla1b,,1,814.00
gtsplaza,2J,gtspla1b,,1,814.00
noll1,1A-N,no1b50,,1,608.66
noll1,1C-N,no2b60,,2,922.79
noll1,1E-N,no3b50,,3,419.00
noll1,1G-N,no1b30,4/5/2024,1,355.20
noll1,2A-N,no2b30,,2,430.26
noll1,2B-N,no2b50,,2,731.18
noll1,2C-N,no2b60,,2,90.00
noll1,2D-N,no3b60,,3,"1,191.58"
noll1,2E-N,no3b50,,3,853.90
noll1,2H-N,no1b60,,1,693.12
noll1,2J-N,no3b60,,3,"1,157.99"
noll1,2K-N,no3b30,,3,555.85
noll1,3A-N,no2b60,,2,888.76
noll1,3B-N,no2b50,,2,731.18
noll1,3D-N,no3b60,,3,"1,067.08"
noll1,3E-N,no3b60,,3,"1,067.08"
noll1,3F-N,no2b50,,2,730.12
noll1,3J-N,no3b50,,3,"3,643.00"
noll1,4A-N,no2b50,,2,703.18
noll1,4B-N,no2b60,,2,889.24
noll1,4C-N,no2b60,,2,999.23
noll1,4D-N,no3b30,,3,497.75
noll1,4F-N,no2b50,,2,681.29
noll1,4G-N,no2b60,,2,922.79
noll1,4J-N,no3b60,,3,"1,028.97"
noll1,4K-N,no3b60,,3,"1,031.21"
noll1,5A-N,no2b30,,2,430.27
noll1,5B-N,no2b50,,2,731.18
noll1,5D-N,no3b60,,3,"1,010.95"
noll1,5F-N,no2b30,,2,430.26
noll1,6B-N,no2b50,,2,832.83
noll1,6C-N,no2b50,,2,691.73
noll1,6D-N,no3b60,,3,"1,028.96"
noll1,6G-N,no2b60,,2,838.60
noll1,6H-N,no1b60,,1,692.29
noll1,6J-N,no3b50,,3,929.34
noll1,6K-N,no3b50,,3,855.12
rheing,555-3C,rg3b50,,3,813.24
plazanc2,5D,plaza0b,,0,757.00
knick1,1B-K,ks2b60,,2,"1,027.25"
knick1,2A,ks2b60,,2,"1,013.00"
knick1,2C-K,ks3b60,,3,"1,244.63"
knick1,2D,ks2b50,,2,652.95
knick1,2E-K,ks3b60,,3,"1,181.38"
knick1,2G,ks2b50,,2,652.95
knick1,3A-K,ks2b60,,2,907.14
knick1,3B-K,ks2b60,,2,874.24
knick1,3C-K,ks3b50,,3,748.10
knick1,3D-K,ks2b60,,2,947.96
knick1,3G,ks2b50,,2,652.95
knick1,4B,ks2b60dv,9/10/2025,2,955.66
knick1,4C-K,ks3b50,,3,599.74
knick1,4D-K,ks2b50,,2,565.88
knick1,4F-K,ks2b60,,2,"1,069.79"
knick1,4G-K,ks2b50,,2,647.47
knick1,4H-K,ks2b60,,2,"1,022.22"
knick1,5A,ks2b60,,2,995.73
knick1,5B-K,ks2b60,,2,985.87
knick1,5C-K-DV,ks3b60dv,,3,"1,102.30"
knick1,5E-K-DV,ks3b60dv,,3,"1,146.56"
knick1,5H-K,ks2b60,,2,"1,012.98"
knick1,6A-K,ks2b60,5/1/2025,2,"1,054.71"
knick1,6D-K,ks2b50,,2,678.58
knick1,6E,ks3b60,,3,"1,169.07"
knick1,6F-K-DV,ks2b60dv,,2,999.14
plazanc2,8A,plaza01,,1,757.00
himrodtc,2B-HOMLE,hs2b60h,,2,312.00
himrodtc,1D,supers,10/9/2023,0,0.00
himrodtc,2D-PBV,hs2b50pb,,2,"2,725.00"
himrodtc,2F-HOMLE,hs2b60h,,2,254.00
himrodtc,3A,hs1b60,5/31/2024,1,164.00
himrodtc,3C,hs1b60,,1,809.00
himrodtc,3D,hs2b60,,2,380.00
himrodtc,3E-PBV,hs3b50pb,,3,"3,400.00"
himrodtc,3F,hs2b60,,2,"1,267.98"
himrodtc,4A-PBV,hs1b50pb,12/17/2025,1,"2,430.00"
himrodtc,4D-PBV,hs2b50pb,,2,"2,900.00"
himrodtc,4E,hs3b60,,3,"1,103.00"
himrodtc,4F,hs2b50h,,2,797.00
himrodtc,5A,hs1b60,,1,745.00
himrodtc,5B,hs2b60,,2,"1,148.45"
himrodtc,5C,hs1b60,,1,745.00
himrodtc,5E-PBV,hs3b50pb,,3,"3,400.00"
himrodtc,5F,hs2b60,,2,"1,109.00"
himrodtc,6A-PBV,hs1b50pb,4/6/2026,1,"2,430.00"
himrodtc,6C,hs1b60,,1,919.49
himrodtc,6D-PBV,hs2b50pb,,2,"2,725.00"
himrodtc,6E,hs3b60,,3,"1,103.00"
himrodtc,6F,hs2b60,,2,980.00
rbha,135-2A,1bds,,1,556.20
rbha,135-2B,2beddup,,2,800.71
rbha,647-1A,1bds,10/31/2016,1,541.32
rbha,647-1B,1bds,1/31/2017,1,541.32
rbha,647-2A,1bds,,1,560.83
rbha,647-2B,1bds,,1,592.98
rbha,647-3A,2bd,,2,741.60
rbha,99-2A,3bdrms,,3,909.66
rbha,99-2B,3bdrms,,3,929.44
rbha,99-3A,3bdrms,,3,972.48
rbha,99-3B,1bds,,1,556.20
rbha,99-3C,1bds,10/31/2020,1,556.20
rbha,1424-1A,3bdrms,,3,937.70
rbha,1424-2A,1bds,11/30/2017,1,567.32
rbha,1424-2B,1bds,,1,556.20
rbha,1424-3B,1bedroom,,1,581.50
rbha,1424-3A,1bds,4/14/2012,1,520.50
rbha,245-1B,1bds,2/18/2010,1,520.00
rbha,318-1A,1bds,1/1/2014,1,297.64
rbha,318-1B,1bedroom,,1,556.20
rbha,318-2A,1bds,,1,596.04
rbha,318-2B,1bds,,1,572.04
rbha,318-3A,1bds,3/17/2012,1,520.50
rbha,318-3B,1bds,,1,520.50
rbha,763-2B,1bds,,1,556.20
rbha,763-3A,2bd,,2,756.43
rbha,1516-2A,2bedmkt,,2,747.79
rbha,1516-2B,2bd,,2,756.43
rbha,1516-3A,2bd,,2,741.60
rbha,1516-3B,2bd,,2,721.76
rbha,432-1A,1bds,,1,567.32
rbha,432-2A,1bds,,1,567.32
rbha,432-3A,2bd,,2,741.60
rbha,434-1A,1bds,,1,541.32
rbha,434-1B,1bds,9/20/2021,1,556.20
rbha,434-2A,1bds,,1,556.42
rbha,434-2B,2beddup,,0,756.43
rbha,128-3A,4bed,,4,"1,126.32"
rbha,76-1,3bdrms,,3,920.24
rbha,76-2,3bdrms,,3,867.50
rbha,76-3,3bdrms,,3,972.48
rbha,85-1,3bdrms,,3,945.55
rbha,85-2,3bdrms,,3,902.20
rbha,85-3,3bdrms,,3,920.24
rbha,238-1B,1bds,,1,520.50
rbha,238-2B,2beddup,,2,756.43
rbha,238-3A,2bd,,2,756.43
wbnrp,1475-2A,3brmkt,,3,969.28
wbnrp,1475-3B,1bdvlhlh,,1,776.76
wbnrp,1475-4B,2brltc,,2,"1,572.00"
wbnrp,149-4A,1bdvlhlh,,1,125.00
wbnrp,149-4B,1brlhl,,1,910.86
wbnrp,174-1A,2bdvlhvl,,2,412.98
wbnrp,174-2A,2brltc,3/11/2024,2,"1,112.82"
wbnrp,174-3B,2bdmkt,,2,"1,516.49"
wbnrp,235-1A,2bdlhl,,2,958.88
wbnrp,235-2A,3brmkt,,3,"1,025.65"
wbnrp,235-2B,1bdmkt,,1,"1,348.50"
wbnrp,235-3B,2brvltc,,2,"1,430.61"
wbnrp,30-2A,2bdlhl,,2,668.65
wbnrp,30-2B,2bdlhl,,2,573.20
wbnrp,30-3A,2bdlhl,,2,385.42
wbnrp,311-1A,3brmkt,,3,664.09
wbnrp,311-2A,3brvlhvl,,3,971.53
wbnrp,311-2B,1brlhl,,1,255.62
wbnrp,311-3B,2bdlhl,3/31/2023,2,827.74
wbnrp,317-1A,2bdlhl,,2,528.75
wbnrp,317-3A,3brvlhvl,,3,"1,042.44"
wbnrp,317-3B,3brvltc,,3,677.79
wbnrp,317-4B,2bdlhl,,2,529.56
wbnrp,32-1B,2bdvlhvl,,2,929.22
wbnrp,32-3A,4brmkt,,4,"2,290.45"
wbnrp,320-1A,2bdlhl,,2,673.85
wbnrp,320-3A,3brlhl,,3,278.95
wbnrp,320-3B,3brvlhvl,,3,533.46
wbnrp,320-4B,2bdlhl,,2,781.68
wbnrp,44-1A,3brlhl,,3,542.28
wbnrp,44-2A,2bdvlhvl,,2,481.60
wbnrp,44-2B,3brlhl,,3,441.29
wbnrp,44-3A,2bdlhl,,2,336.07
wbnrp,57-1A,3brlhl,,3,739.65
wbnrp,57-1B,2bdvlhvl,,2,261.73
wbnrp,57-2B,2bdlhl,,2,547.35
wbnrp,57-3A,2bdlhl,,2,685.85
wbnrp,57-3B,2bdvlhvl,,2,493.41
wbnrp,73-1A,supers,,2,"1,732.00"
wbnrp,73-2A,3brvlhvl,,3,"1,035.00"
wbnrp,73-3A,3brlhl,,3,"1,154.00"
irvstock,22-1L,is2b60,,2,871.67
irvstock,22-1R,is2b60,,2,709.38
irvstock,22-2R,is3b60,,3,"1,076.46"
irvstock,22-3L,is2b60,,2,812.14
irvstock,22-3R,is3b60,,3,839.82
irvstock,22-4L,is2b60,,2,939.74
irvstock,22-4R,is3b60,,3,863.03
irvstock,244-3R,is2b60,,2,874.35
irvstock,244-4R,is2b60,,2,916.81
irvstock,246-1R,is3b60,,3,179.00
irvstock,246-2R,is2b60,,2,782.21
irvstock,246-3R,is2b60,,2,734.70
irvstock,246-4AR,is1b60,7/22/2024,1,714.77
grovegar,273-1L,gg1b60,,1,906.44
grovegar,273-1R,gg1b60,,1,926.95
grovegar,273-2L,gg1b60,,1,815.82
grovegar,273-2R,gg2b60,,2,891.42
grovegar,273-3L,gg2b60,,2,857.14
grovegar,304G-2L,gg1b60,,1,757.14
grovegar,304G-2R,gg2b60,,2,857.14
grovegar,304G-3L,gg2b60,6/30/2023,2,857.14
grovegar,308G-1L,gg0b60,,0,729.91
grovegar,308G-1R,gg2b60,,2,963.39
grovegar,308G-2L,gg1b60,,1,894.04
grovegar,308G-2R,gg2b60,,2,"1,054.41"
grovegar,312G-1R,gg2b60,,2,857.14
grovegar,312G-2L,gg1b60,,1,787.42
grovegar,312G-2R,gg2b60,,2,891.42
grovegar,312G-3L,gg2b60,,2,891.42
grovegar,299-1R,gg1b60,,1,825.25
grovegar,299-2L,gg2b60,,2,"1,096.73"
grovegar,299-2R,gg2b60,,2,918.34
grovegar,299-4R,gg2b60,,2,"1,155.59"
grovegar,302J-1R,gg1b60,,1,942.30
grovegar,302J-2R,gg2b60,,2,619.55
grovegar,302J-3L,gg2b60,,2,891.42
grovegar,302J-4R,gg2b60,,2,"1,032.70"
grovegar,304J-1L,gg1b60,,1,757.14
grovegar,304J-2L,gg2b60,,2,889.00
grovegar,304J-2R,gg2b60,,2,903.98
grovegar,304J-4R,gg2b60,,2,"1,121.97"
grovegar,316-1L,gg1b60,,1,870.23
grovegar,316-1R,gg1b60,,1,845.18
grovegar,316-2R,gg2b60,,2,857.14
wbtpt,1269-1A,3bedhli,,3,"1,292.00"
wbtpt,1269-1B,3bedhli,,3,"1,327.88"
wbtpt,1269-3A,2bedhli,,2,943.67
wbtpt,1269-3B,2bedhli,,2,"1,070.97"
wbtpt,1274-3A,2bedhvli,,2,873.00
wbtpt,233-1A,3bedhli,,3,838.21
wbtpt,233-1B,3bedhli,,3,"1,240.30"
wbtpt,233-3B,2bedhli,,2,"1,113.17"
wbtpt,285-1B,3bedhli,,3,"1,091.23"
wbtpt,285-3A,2bedmkt,,2,707.76
wbtpt,285-3B,2bedhvli,,2,512.82
wbtpt,306-1B,2bedhvli,,2,721.64
wbtpt,306-2A,2bedmkt,,2,"1,230.62"
wbtpt,306-3B,2bedmkt,,2,"1,185.91"
wbtpt,310-1B,2bedhli,11/19/2025,2,141.00
wbtpt,310-2A,2bedhli,11/7/2025,2,473.33
wbtpt,324-1A,1bedmkt,,1,"1,146.55"
wbtpt,324-3A,2bedhli,,2,"1,133.00"
wbtpt,835-1B,3bedhvli,,3,"1,088.34"
wbtpt,835-2A,2bedmkt,,2,"1,240.88"
wbtpt,835-2B,2bedmkt,,2,"1,240.88"
wbtpt,835-3B,2bedhli,,2,"1,218.83"
wbtpt,869-1A,1bedhvli,,1,665.78
wbtpt,869-2B,1bedhli,,1,561.54
wbtpt,869-3A,1bedmkt,,1,961.88
wbtpt,869-3B,1bedmkt,,1,804.37
73linden,1,73l2b80,,2,"1,208.95"
251harma,1L,251h1b80,,1,754.63
251harma,1R,251h1b80,,1,949.68
251harma,2L,251h1b80,,1,293.23
251harma,3L,251h1b80,,1,468.33
73linden,10,73l3b80,,3,692.72
73linden,3,73l2b80,,2,498.20
73linden,4,73l3b80,,3,596.26
73linden,6,73l2b80,,2,875.71
73linden,9,73l2b80,,2,657.09
924hart,1L,924h2b,,2,877.32
924hart,1R,924h2b,,2,405.00
924hart,2L,924h2b,,2,405.00
924hart,2R,924h2b,,2,505.00
924hart,3L,924h2b,,2,405.00
924hart,3R,924h2b,,2,985.03
esper1,161-1A,esp1b50,,1,795.95
esper1,161-1B,esp1b60,11/30/2023,1,958.69
esper1,161-2A,esp1b60,8/26/2024,1,925.88
esper1,161-2B,esp1b50,,1,688.55
wb203k,1126-1B,1bds,,1,"1,455.43"
wb203k,1126-2B,1bds,,1,"1,491.00"
wb203k,1126-2A,1bds,,1,"1,147.12"
wb203k,1225-3A,3beddup,,3,"1,896.62"
wb203k,1225-4A,3bdrms,,3,825.42
wb203k,1248-1FL,3bdrms,,3,416.00
wb203k,1278-1A,3beddup,,3,857.47
wb203k,1289-2A,1beddup,,1,"1,004.46"
wb203k,1463-1A,2bd,,2,"1,679.34"
wb203k,1463-2A,2bd,,2,"1,613.07"
wb203k,1463-3A,2bd,,2,975.00
wb203k,187-2A,1bds,,1,97.00
wb203k,192-1A,3bdrms,,3,"1,905.39"
wb203k,192-2A,3beddup,,3,825.43
wb203k,233-1B,1bds,1/7/2025,1,"1,220.00"
wb203k,233-2A,1bds,,1,"1,375.28"
wb203k,233-2B,1bds,,1,148.00
wb203k,234-1A,1bds,,1,152.00
wb203k,234-1B,1bds,7/2/2025,1,430.00
wb203k,234-2A,1bds,,1,"1,806.89"
wb203k,234-3A,1bds,,1,"1,120.21"
wb203k,255-3A,2bedmkt,,2,707.51
wb203k,258-1A,3bdrms,,3,0.00
wb203k,258-2A,1beddup,,1,260.00
wb203k,258-2B,2bd,,2,613.02
wb203k,258-3B,2bd,,2,"1,018.87"
wb203k,261-2B,1bds,,1,844.60
wb203k,261-3B,1bds,,1,844.60
wb203k,265-2A,3beddup,,3,"1,224.95"
wb203k,265-2B,1bds,,1,"1,318.39"
wb203k,265-3A,2bd,,2,"1,632.10"
wb203k,306-2B,1bds,,1,"1,609.77"
wb203k,49-1A,2bedmkt,,2,400.51
wb203k,669-3A,2bd,,2,636.00
wb203k,678-2A,2bedmkt,,2,726.96
wb203k,84-2A,1bds,,1,"1,361.59"
wb203k,84-3B,2bedmkt,,2,745.55
wb203k,854-2B,1bds,,1,707.51
wb203k,97-1A,2bd,,2,669.52
wb203k,97-2A,1bds,,1,955.03
wb203k,97-2B,2beddup,,2,"1,614.71"
gtsgrd2,6D,gtsg1b,,1,961.00
noll1,1K-N,no1b30,,1,330.74
noll1,3K-N,no3b50,,3,926.59
noll1,5G-N,no2b60,,2,"1,123.00"
noll1,5K-N,no3b60,,3,"1,127.32"
noll1,6A-N,no2b50,,2,817.47
knick1,1A-K,ks2b60,,2,"1,008.06"
knick1,1C-K,kssuper,,3,472.00
knick1,2B-K,ks2b60,,2,"1,083.80"
knick1,2F-K,ks2b50,,2,764.52
knick1,2H-K,ks2b60,,2,"1,089.22"
knick1,4E-K,ks3b60,,3,"1,258.85"
knick1,5F,ks2b60,,2,"1,047.31"
knick1,6C-K,ks3b60,,3,"1,194.17"
lindenct,1A,lin2b60,,2,965.49
lindenct,1B,lin1b60,,1,610.22
lindenct,1C,lin2b60,,2,961.74
lindenct,1F,lin3b50,,3,0.00
lindenct,1G,lin2b50,,2,864.38
lindenct,1H,lin3b50,,3,920.73
lindenct,2A,lin2b60,,2,965.50
lindenct,2B,lin2b50,,2,791.58
lindenct,2C,lin2b50,,2,834.70
lindenct,2D,lin2b60,,2,"1,003.89"
noll1,4E-N,no3b60,9/5/2024,3,"1,251.55"
lindenct,2E,lin2b60,,2,"1,057.22"
lindenct,2F,lin3b60,,3,"1,111.97"
lindenct,2G,lin2b50,,2,635.65
lindenct,2H,lin3b50,,3,939.71
lindenct,3A,lin2b50,,2,768.30
lindenct,3B,lin2b60,,2,"1,076.41"
lindenct,3D,lin2b60,,2,"1,027.24"
lindenct,3E,lin2b60,,2,926.28
lindenct,3F,lin3b50,,3,903.23
lindenct,3G,lin2b50,,2,778.64
lindenct,4A,lin2b50,,2,778.64
lindenct,4B,lin2b50,,2,778.64
lindenct,4E,lin2b60,,2,879.91
lindenct,4F,lin3b50,,3,870.13
lindenct,4G,lin2b50,,2,810.61
lindenct,4H,lin3b60,,3,"1,134.20"
lindenct,5A,lin2b50,,2,778.64
lindenct,5B,lin2b50,,2,778.64
lindenct,5C,lin2b50,,2,778.64
lindenct,5E,lin2b60,,2,928.01
lindenct,5G,lin2b60,,2,980.62
lindenct,5H,lin3b60,,3,"1,190.14"
gtsplaza,2H,gtspla1b,,1,814.00
rheing,533COMM,rgcomm,,3,"7,921.00"
420stock,1A,4201b60,,1,918.62
noll1,1D-N,no3b50,,3,422.00
rbha,181-1A,1bedroom,4/3/2026,1,150.00
rbha,181-2B,2beddup,,2,777.99
rbha,181-3A,2bd,,2,721.76
wbtpt,324-2A,2bedmkt,,2,937.08
troutev2,3M,trev1bed,,1,"1,005.00"
rbha,194-1A,3bdrms,,3,"1,105.07"
rbha,194-2A,1bds,,1,530.91
rbha,194-2B,2beddup,,2,728.97
rbha,194-3A,1bedmkt,,2,756.43
rbha,320-1B,1bds,10/11/2023,1,541.32
rbha,320-1A,1bds,,1,541.32
rbha,320-2A,1bds,2/15/2021,1,556.20
wb203k,860-2,3bdrms,,3,"1,378.07"
grovegar,302J-2L,gg2b60,,2,"1,090.91"
wb203k,268-3A,1bds,,1,966.19
renest,6J,re2b60,,2,740.00
wb203k,268-2A,1bds,,1,820.00
rheing,555-2C,rg3b60,,3,"1,250.76"
gtsplaza,2B,gtspla1b,,1,814.00
wbnrp,276-3B,2bdmkt,1/5/2024,2,"1,558.30"
gtsplaza,1B,gtspla1b,,1,814.00
irvstock,246-2L,is1b60,11/12/2023,1,"1,155.60"
wb203k,1126-3B,1bds,,2,913.90
plazanc2,2B,plaza01,,1,757.00
gtsplaza,1C,gtspla1b,5/15/2026,1,814.00
wb203k,1289-1A,3bdrms,,1,304.00
wb203k,255-2A,3beddup,,3,74.00
wb203k,421-1A,3bdrms,,3,"1,982.20"
wb203k,421-3A,3bdrms,,3,"2,058.65"
heights1,2D,rhi3b60,,3,"1,177.82"
wbnrp,276-2B,1bdmkt,,1,900.00
heights1,7B,rhi3b60,,3,"1,039.00"
heights1,6D,rhi3b50,,3,854.00
heights1,6I,rhi1b60,,1,831.92
heights1,3H,rhi2b50,,2,803.14
heights1,6A,rhi2b60,,2,899.00
heights1,5D,rhi3b60,,3,"1,140.47"
gdwnpl2,5B,gdwn1b,,1,"2,004.00"
gdwnpl2,7G,gdwn1b,,1,"2,004.00"
gdwnpl2,7H,gdwn0b,,0,"1,784.00"
heights1,7C,rhi2b60,,2,"1,042.21"
heights1,4H,rhi2b50,,2,799.63
heights1,3I,rhi1b60,,1,831.92
heights1,6C,rhi1b50,,1,665.12
heights1,4D,rhi3b50,,3,928.12
heights1,3G,rhi2b50,,2,799.64
heights1,3E,rhi2b50,,2,873.20
wbtpt,306-2B,1bedhvli,,1,748.00
420stock,4D,4201b60,,1,952.67
wb203k,268-3B,1bds,,1,932.00
irvstock,244-3L,is1b60,3/31/2023,1,"1,014.54"
heights1,7E,rhi1b50,,1,665.12
esper1,24-3B,esp2b,,2,"1,088.78"
73linden,5,73l1b80,,1,"1,223.11"
wb203k,233-3B,1bds,,1,820.00
wb203k,860-1A,3bdrms,,3,"1,826.92"
noll1,2G-N,no2b50,,2,831.00
rbha,763-1B,1bds,,1,567.32
gtsplaza,2C,gtspla1b,,1,814.00
heights1,3F,rhi2b60,,2,"1,003.89"
rbha,320-3A,2bd,,1,762.74
heights1,5E,rhi2b60,,2,"2,725.00"
heights1,4A,rhi2b60,,2,"1,023.97"
heights1,5A,rhi2b60,,2,"1,113.07"
heights1,2G,rhi2b60p,,2,"2,725.00"
heights1,2I,rhi1b60p,,1,"1,496.00"
heights1,4J,rhi1b60,,1,861.40
heights1,6G,rhi2b60,,2,"1,011.67"
heights1,2H,rhi2b60,,2,"1,059.67"
heights1,4G,rhi2b50,,2,799.64
troutev2,2E,trev1bed,,1,"1,005.00"
heights1,5G,rhi2b60,,2,958.24
heights1,4E,rhi2b60,,2,"1,006.51"
heights1,6F,rhi2b60,,2,899.00
heights1,4I,rhi1b60p,,1,"2,430.00"
heights1,5B,rhi2b60,,2,"1,048.14"
heights1,5F,rhi2b60,,2,899.00
heights1,6H,rhi2b60,,2,939.45
heights1,4F,rhi2b60,,2,977.03
heights1,1B,rhi2b60p,,2,"1,732.00"
knick1,6H,ks2b60dv,,2,"1,075.49"
heights1,6E,rhi2b60,,2,899.00
heights1,7D,rhi1b50,,1,639.54
heights1,1A,rhi2b60p,,2,"2,725.00"
heights1,1C,rhi2b60,,2,"1,049.56"
moffat,4A,mg1b,,1,971.00
moffat,4C,mg1b,,1,971.00
moffat,4L,mg1b,,1,971.00
moffat,4M,mg1b,,1,971.00
moffat,5A,mg1b,,1,971.00
moffat,5B,mg1b,,1,971.00
moffat,5H,mg1b,,1,971.00
moffat,4D,mg1b,,1,971.00
moffat,1D,mg1b,,1,971.00
renest,COMM1,commerci,,0,"20,000.00"
knick1,6G,ks2b60dv,,2,"1,176.40"
lindenct,3C,lin2b60,,2,"1,059.13"
rheing,533-5I,rg2b60,,2,973.27
moffat,5M,mg1b,,1,971.00
moffat,6B,mg1b,,1,971.00
noll1,6E-N,no3b60,,3,"1,263.00"
rheing,533-2J,rg2b50,,2,772.70
gdwnpl2,7A,gdwn0b,,0,"1,784.00"
gdwnpl2,6A,gdwn0b,,0,"1,784.00"
gtsplaza,2A,gtspla1b,,1,814.00
moffat,1B,mg1b,,1,971.00
moffat,6I,mg1b,,1,971.00
moffat,6K,mg1b,,1,971.00
moffat,6J,mg1b,,1,971.00
wbnrp,30-1B,1bdvlhlh,,1,746.64
knick1,3F-K,ks2b50,,2,790.59
moffat,6M,mg1b,,1,971.00
gtsgrd2,2E,gtsg1b,,1,961.00
gdwnpl2,5C,gdwn1b,,1,"2,004.00"
wbnrp,276-2A,3brmkt,,3,"2,011.35"
gtsplaza,2P,gtspla1b,,1,814.00
gtsplaza,3P,gtspla1b,,1,814.00
wb203k,678-1A,1bedmkt,,2,"1,126.73"
wb203k,669-2B,1beddup,,1,844.60
wb203k,1225-2A,2beddup,,2,"1,280.34"
noll1,1F-N,no2b60,,2,"1,009.00"
plazanc2,6A,plaza01,,1,757.00
gdwnpl2,2M,gdwn1b,,1,"2,004.00"
gtsplaza,3B,gtspla1b,,1,814.00
plazanc2,3E,plaza01,3/18/2026,1,757.00
heights2,1H,rhii2b60,,2,"1,053.10"
heights2,2F,h22bd50,,2,890.25
heights2,5B,rhii2b60,2/18/2026,2,"1,109.00"
heights2,2B,h22bd50,,2,922.70
heights2,3C,rhii3b60,,3,"1,259.62"
heights2,7C,rhii4b50,,4,"1,467.00"
heights2,3B,rhii2b60,,2,976.00
heights2,7H,rhii2b60,,2,"1,082.06"
heights2,6B,rhii2b60,,2,"1,109.00"
heights2,4C,rhii3b50,,3,"1,075.08"
heights2,3F,rhii2b60,,2,"1,084.90"
heights2,4F,rhii2b60,,2,"1,150.43"
heights2,3J,rhii1b60,,1,936.09
heights2,5F,rhii2b50,,2,955.15
heights2,5C,rhii3b60,,3,"1,090.00"
schaeff,4C,2b60,,2,900.00
irvstock,246-4BL,is1b60,9/11/2024,1,905.57
cfbn2,4C,cfbc1b,,1,"2,005.00"
heights2,4H,rhii2b60,,2,"1,053.10"
heights2,2H,rhii2b60,,2,"1,074.16"
troutev2,6E,trev1bed,,1,"1,005.00"
heights2,1I,h22bd50,,2,933.93
heights2,5A,rhii2bpb,,2,"2,725.00"
gtsplaza,3L,gtspla1b,,1,814.00
gdwnpl2,1G,gdwn0b,,0,"1,784.00"
gtsplaza,5P,gtspla1b,,1,814.00
jeffspi,4B,jspi3b60,,3,"1,149.26"
jeffspi,1B,jspi3b50,,3,"2,228.00"
melspi,348-4,msp3b50,,3,999.02
heights2,6I,rhii1b50,,1,666.00
melspi,348-3,mspi3bpb,,3,"3,400.00"
wbtpt,285-1A,3bedhvli,,3,"1,023.00"
wb203k,261-1A,1bds,,1,940.00
wb203k,84-3A,1bds,,1,"1,021.80"
melspi,348-2,mspi3bpb,,3,"2,228.00"
schaeff,4E,2b60,,2,859.44
schaeff,4D,2b60,,2,"2,725.00"
plazanc2,3D,plaza0b,,0,757.00
schaeff,3D,2b60,,2,"2,725.00"
heights2,3D,rhii1b60,,1,954.04
schaeff,3E,2b60,,2,"2,725.00"
schaeff,3C,2b60,,2,"2,725.00"
renest,3D,re1b50MI,,1,666.00
heights2,7I,rhii1b50,,1,666.00
heights2,7A,rhii2b60,,2,"1,127.88"
heights2,6H,rhii2b60,,2,"1,131.18"
heights2,1G,rhii2b60,,2,"1,084.90"
heights2,6F,rhii2b60,,2,976.00
heights2,2G,rhii2b60,,2,"1,112.89"
heights2,4D,rhii1b60,,1,931.00
heights2,2D,rhii1b60,,1,936.05
heights2,5I,rhii1b50,,1,771.12
heights2,1F,rhii2b60,,2,"1,117.92"
heights2,4A,rhii2bpb,,2,"2,725.00"
heights2,6G,rhii2b60,,2,"1,109.00"
heights2,4I,rhii1b60,,1,917.00
heights2,3A,rhii2bpb,,2,"1,732.00"
wb203k,184-2A,3beddup,,3,"1,425.82"
heights2,5H,rhii2b60,,2,"1,127.88"
heights2,6A,rhii2bpb,,2,"2,725.00"
420stock,1B,4201b60,,1,949.62
renest,4K,re2b60,,2,"1,086.12"
plazanc2,5L,plaza01,,1,757.00
251harma,2R,251h1b80,,1,860.61
heights2,2A,rhii2bpb,,2,"2,725.00"
heights2,6C,rhiisupe,,3,0.00
melspi,239-3,mspi3bpb,,3,"3,400.00"
melspi,239-2,mspi3bpb,,3,"3,400.00"
melspi,239-4,mspi3bpb,,3,"3,400.00"
cfbn2,5H,cfbc1b,,1,"2,005.00"
rheing,555-5G,rg2b60,,2,"1,011.28"
grovegar,304J-3L,gg2b60,,2,875.10
jeffspi,4A,jspi3b60,,3,"1,142.75"
420stock,1G,4201b60,,1,832.49
jeffspi,3B,jspi3b60,,3,"1,177.99"
jeffspi,2B,jspi3bpb,,3,"3,400.00"
jeffspi,2A,jspi3bpb,,3,"3,400.00"
wb203k,192-3A,2bd,,2,"1,426.00"
noll1,4H-N,no1b60,,1,909.00
himrodtc,1B-HOMLE,hs2b60h,,2,"1,119.14"
gtsplaza,5E,gtspla1b,,1,814.00
plazanc2,6D,plaza0b,,0,757.00
schaeff,3A,2b60,,2,"2,725.00"
schaeff,3F,1bed60%,,1,658.11
jeffspi,1A,jspi2b50,,2,807.74
schaeff,2B,1bed60%,4/23/2026,1,719.63
schaeff,5E,2b60,,2,756.75
gtsgrd2,4I,gtsg1b,,1,961.00
renest,2A,re3B50,,3,998.08
lindenct,3H,lin3b60,,3,"1,297.73"
moffat,5C,mg1b,,1,971.00
wb203k,84-1B,1bds,10/17/2025,1,"1,442.33"
schaeff,5B,1bed60%,,1,"1,354.84"
plazanc2,5H,plaza01,,1,757.00
schaeff,1C,2b60,,2,687.60
schaeff,SUPER-1B,2b60,,2,0.00
gdwnpl2,7P,gdwn1b,3/1/2023,1,"2,004.00"
gdwnpl2,6K,gdwn1b,,1,"2,004.00"
plazanc2,8B,plaza01,,1,757.00
schaeff,6F,1bed60%,,1,579.37
schaeff,2F,1bed60%,,1,849.70
schaeff,2E,2b60,,2,"2,725.00"
schaeff,6E,2b60,,2,702.00
rbha,245-3A,2beddup,,2,756.43
cfbn2,2A,cfbc0b,,0,"1,793.00"
himrodtc,2E,hs3b60,,3,"1,227.00"
wbtpt,306-3A,2bedhli,,2,"1,132.00"
wbtpt,233-3A,2bedhli,,2,"1,133.00"
wb203k,669-1A,3bdrms,,3,"1,906.32"
schaeff,2A,2b60,,2,791.15
wb203k,184-1A,1bds,,1,"1,144.00"
73linden,7,73l3b80,,3,"1,493.53"
wb203k,84-1A,1bds,,1,"1,012.89"
wbtpt,324-1B,1bedmkt,10/7/2025,1,"1,235.15"
wb203k,854-1A,3bdrms,,3,"1,441.36"
schaeff,2D,2b60,,2,669.19
knick1,3E-1,ks3b60,,3,"1,228.39"
gdwnpl2,2D,gdwn1b,,1,"2,004.00"
rbha,432-1B,1bds,,1,520.00
moffat,3D,mg1balp,,1,971.00
plazanc2,2M,plaza01,,1,757.00
gdwnpl2,2J,gdwn0b,,0,"1,784.00"
moffat,3J,mg1balp,,1,971.00
wb203k,234-2B,1bds,,1,574.96
wb203k,268-2B,1bds,,1,"1,026.01"
irvstock,246-3L,is1b60,,1,668.55
moffat,5F,mg1b,,1,971.00
gdwnpl2,3H,gdwn0b,,0,"1,784.00"
schaeff,2C,2b60,,2,650.00
himrodtc,3B,hs2b60,,2,"1,101.00"
rheing,533-6D,rg2b60,9/2/2025,2,843.19
rheing,533-5D,rg2b60,,2,991.20
esper1,24-2B,esp2b,,2,"1,549.15"
moffat,2G,mg1balp,1/16/2026,1,971.00
wb203k,234-3B,1bds,,1,"1,026.47"
gdwnpl2,1E,gdwn1b,,1,"2,004.00"
gdwnpl2,5E,gdwn1b,,1,"2,004.00"
moffat,5K,mg1b,,1,971.00
renest,1K,re1b60,,1,883.00
schaeff,6A,2b60,,2,"1,050.00"
cfbn2,4F,cfbc0b,,0,"1,793.00"
moffat,4G,mg1b,,1,971.00
wb203k,268-1B,1bds,,1,"1,533.64"
gtsplaza,5C,gtspla1b,,1,814.00
wb203k,192-2B,1bds,,1,"1,051.64"
moffat,3H,mg1balp,,1,971.00
wbnrp,320-2A,1bdvlhlh,,1,754.89
857hart,3B,857h2b60,,2,575.00
renest,1L,re2b50,,2,"1,531.00"
melrose,3A,ms1b50,,1,960.07
wb203k,421-2A,3bdrms,,3,"1,973.98"
moffat,1A,mgsuper,,2,0.00
gdwnpl2,6F,gdwn1b,,1,"2,004.00"
gdwnpl2,4C,gdwn1b,,1,"2,004.00"
gdwnpl2,3B,gdwn1b,,1,"2,004.00"
gtsgrd2,1C,gtsg1b,,1,961.00
gtsgrd2,5L,gtsg1b,,1,961.00
plazanc2,7D,plaza0b,,0,757.00
moffat,ALP,commerci,,0,0.00
wb203k,261-3A,1bds,,1,"1,396.57"
grovegar,308G-3L,gg2b60,,2,148.00
wb203k,1289-3A,2beddup,,3,"1,806.75"
gdwnpl2,6D,gdwn1b,,1,"2,004.00"
plazanc2,6E,plaza01,,1,919.00
plazanc2,4I,plaza01,,1,757.00
gdwnpl2,7M,gdwn1b,,1,"2,004.00"
rheing,533-6C,rg1b50HI,,1,648.35
857hart,1B,857h2b60,10/14/2023,2,909.00
rheing,533-3G,rg2b60,,2,"1,002.92"
heights1,4C,rhi1b60,,1,917.00
cfbn2,4G,cfbc1b,,1,"2,005.00"
plazanc2,3I,plaza01,,1,757.00
wb203k,233-3A,1bd,,1,895.00
wbnrp,149-3B,1bdmkt,,1,"1,109.91"
grovegar,316-4R,gg2b60,,2,"1,044.31"
rbha,763-3B,1bds,,1,621.71
troutev2,6P,trev1bed,,1,"1,005.00"
heights1,3J,rhi1b50,5/20/2026,1,754.74
moffat,4F,mg1b,,1,971.00
moffat,6H,mg1b,,1,971.00
schaeff,6B,1bed60%,10/24/2025,1,835.59
wb203k,233-1A,1bd,11/25/2025,1,"1,238.00"
menn,2F,mu3b30pb,,3,"3,400.00"
gdwnpl2,5J,gdwn0b,,0,"1,784.00"
heights1,4B,rhi2b60,,2,"1,109.00"
rbha,128-1A,3bdrms,,3,"1,099.65"
wb203k,261-1B,1bd,,1,"1,238.00"
gdwnpl2,7L,gdwn1b,,1,"2,004.00"
menn,1D,mu3b30pb,,3,"3,400.00"
moffat,2J,mg1balp,,1,971.00
menn,4B,mu2b60,,2,"1,050.10"
menn,1B,mu0b50,3/15/2023,0,694.00
menn,4E,mu2b60,,2,"1,050.10"
menn,2D,mu2b60,,2,"1,032.22"
menn,3E,mu2b60,,2,"1,032.22"
menn,2E,mu2b60,,2,"1,050.10"
menn,4D,mu2b60,,2,"1,050.10"
menn,3D,mu2b60,,2,"1,032.22"
menn,4A,mu1b60,,0,867.21
menn,3B,mu2b50,,2,875.11
menn,2C,mu2b30pb,,2,"2,725.00"
menn,4C,mu2b30pb,,2,"2,725.00"
menn,2B,mu2b30pb,9/3/2025,2,"1,732.00"
menn,3C,mu2b30pb,,2,"1,732.00"
rbha,763-2A,1bds,,1,541.32
cfbn2,4B,cfbc1b,,1,"2,005.00"
troutev2,6D,trev1bed,10/1/2025,1,"1,005.00"
menn,3A,mu1b60,,1,867.21
heights2,4B,rhii2b60,,2,"1,050.00"
rbha,181-2A,1bedroom,11/30/2020,1,621.71
rheing,533-2A,rg2b50,,2,661.35
himrodtc,4C,hs1b60,6/15/2025,1,866.06
wbnrp,30-COMM,commerci,,0,"1,157.63"
wbnrp,44-COMM,commerci,,0,0.00
rbha,238-1A,1bds,,1,621.71
menn,3F,mu3b30pb,,3,"3,400.00"
menn,4F,mu3b60,,3,"1,207.31"
schaeff,6C,2b60,,2,"2,725.00"
moffat,3A,mg0balp,,0,971.00
moffat,2A,mg0balp,10/22/2025,0,971.00
knickcom,803-COMM,kccomm,,0,"4,955.00"
rheing,533-5J,rg2b50,,2,880.00
heights2,61A-COMM,rhiicomm,,0,"1,208.33"
heights2,61B-COMM,rh2com2,,0,875.00
heights2,3E,h22bd50,,2,803.00
knickcom,4F,kc2b50,,2,857.96
knickcom,4C,kc1b60,,1,867.21
knickcom,4A,kc2b60,,2,"1,106.15"
knickcom,3E,kc2b50,,2,857.96
knickcom,3F,kc2b60,,2,"1,050.10"
knickcom,4D,kc2b60,,2,"1,076.35"
wb203k,255-2B,1bds,,1,937.87
plazanc2,7I,plaza01,,1,757.00
knickcom,4E,kc2b60,,2,"1,050.10"
knickcom,3A,kc2b50,,2,857.96
knickcom,5C,kc1b60,,1,867.21
knickcom,4B,kc3b60,,3,"1,207.31"
knickcom,5B,kc3b60,,3,"1,186.75"
plazanc2,6G,plaza01,,1,757.00
420stock,3E,4201b60,,1,691.83
gtsplaza,4H,gtspla1b,,1,814.00
lindenct,4D,lin2b60,,2,"1,025.00"
gdwnpl2,4J,gdwn0b,,0,"1,784.00"
knickcom,3B,kc3b60,,3,"1,186.75"
knickcom,2D,kc2b30pb,,2,"1,732.00"
knickcom,2E,kc2b30pb,,2,"2,725.00"
wbtpt,310-2B,1bedmkt,8/30/2020,1,"1,129.00"
heights2,3H,rhii2b60,,2,"1,139.49"
heights1,3B,rhi2b50,,2,922.42
renest,5D,re1b60MI,,1,848.00
knickcom,5A,kc2b60,,2,"1,032.22"
knickcom,2B,kc3b30pb,,3,"2,228.00"
knickcom,3D,kc2b60,,2,"1,042.44"
420stock,3H,4202b60,,2,696.05
420stock,4A,4202b60,,2,898.97
schaeff,6D,2b60,,2,"2,725.00"
heights2,7J,rhii1b50,,1,771.12
heights2,4E,rhii2b60,,2,976.00
gtsgrd2,1G,gtsg1b,,1,961.00
cfbn2,3J,cfbc1b,,1,"2,005.00"
knickcom,2A,kc2b30pb,,2,"2,725.00"
wb203k,84-2B,1bds,,1,"1,177.12"
noll1,5E-N,no3b50,,3,"1,054.00"
heights2,4G,rhii2b60,,2,"1,100.00"
gtsgrd2,4B,gtsg1b,,1,961.00
wb203k,1225-2B,2beddup,,1,"1,048.34"
heights2,6J,rhii1b50,,1,771.12
wb203k,49-2A,2beddup,,2,"1,574.76"
moffat,2B,mg1balp,,1,971.00
plazanc2,2H,plaza01,,1,757.00
plazanc2,8J,plaza0b,,0,757.00
plazanc2,8D,plaza0b,,0,757.00
420stock,2G,4201b60,,1,877.54
heights1,6B,rhi2b60p,,2,"2,725.00"
knick1,5G-K,ks2b60,,2,"1,109.00"
himrodtc,5D,hs2b60,,2,"1,139.49"
heights1,5J,rhi1b60p,,1,"2,430.00"
himrodtc,1C-HOMLE,hs1b60h,,1,917.00
wbnrp,149-3A,1bdvlhlh,,1,715.80
troutev2,2D,trev1bed,,1,"1,005.00"
plazanc2,7J,plaza0b,,0,757.00
420stock,4B,4201b60,,1,903.36
plazanc2,2E,plaza01,,1,757.00
plazanc2,7E,plaza01,,1,757.00
himrodtc,2C-HOMLE,hs1b60h,10/31/2023,1,96.00
wbtpt,324-2B,1bedhli,,1,931.00
noll1,1J-N,no1b60,,1,931.00
troutev2,6H,trev1bed,,1,"1,005.00"
heights2,5J,rhii1b60,,1,931.00
renest,4A,re3B50,,3,968.83
schaeff,4A,2b60,,2,"1,319.82"
lindenct,5F,lin3b60,,3,"1,130.33"
grovegar,299-1L,gg1b60,,1,931.00
noll1,3G-N,no2b60,,2,"1,123.00"
moffat,1E,mg1b,,1,971.00
cfbn2,3H,cfbc1b,,1,"2,005.00"
moffat,5G,mg1b,,1,971.00
stamm,26-3B,st2b50,,2,906.00
stamm,27-2B,st1b50,,1,761.93
stamm,279-1,st3b,,3,"1,039.00"
stamm,299-2,st1b60,,1,860.00
cfbn2,4E,cfbc1b,,1,"2,005.00"
stamm,195-1A,st2b,,2,906.00
stamm,195-3A,st2b50,,2,906.00
stamm,27-1,st3b50,,3,"1,089.13"
plazanc2,5G,plaza01,5/14/2025,1,757.00
plazanc2,3K,plaza01,,1,757.00
plazanc2,7A,plaza01,,1,757.00
plazanc2,6C,plaza0b,,0,757.00
plazanc2,7C,plaza0b,,0,919.00
stamm,1351-3A,st2b50,,2,906.00
stamm,195-2A,st2b50,,2,906.00
wbtpt,1274-1B,3bedmkt,,3,"1,474.91"
stamm,1351-2A,st2b50,,2,906.00
stamm,1116-3A,st3b50,,3,"1,039.00"
csk,2K,1brcsk,,1,"1,368.00"
stamm,1116-1B,st1b50,,1,792.69
stamm,1116-1A,st1b50,,1,747.00
csk,3B,1brcsk,,1,"1,368.00"
csk,3D,1brcsk,,1,"1,368.00"
csk,4A,1brcsk,,1,"1,368.00"
csk,4L,1brcsk,,1,"1,329.00"
csk,2G,1brcsk,,1,"1,368.00"
csk,3F,1brcsk,4/30/2026,1,"1,368.00"
csk,4C,1brcsk,,1,"1,368.00"
csk,2M,1brcsk,,1,"1,368.00"
cfbn2,3B,cfbc1b,,1,"2,005.00"
moffat,6C,mg1b,,1,971.00
stamm,26-1A,st2b60,,2,"1,041.00"
stamm,1351-1B,st2b50,,2,924.12
stamm,1344-1,st2b60,,2,"1,041.00"
csk,4E,0brcsk,,0,"1,329.00"
csk,2J,1brcsk,,1,"1,368.00"
noll1,2F-N,no2b30,,2,540.00
stamm,299-3,st2b50,,2,906.00
csk,3E,1brcsk,,1,"1,368.00"
csk,4G,1brcsk,,1,"1,368.00"
csk,3G,1brcsk,,1,"1,368.00"
csk,3P,1brcsk,,1,"1,368.00"
plazanc2,8L,plaza01,,1,757.00
stamm,27-3B,st2b60,,2,"1,061.82"
stamm,27-3A,st1b50,,1,747.00
stamm,64-3A,st4b50,,4,"1,167.00"
stamm,64-2A,st2b60,,2,"1,041.00"
stamm,1560-2B,st1b60,,1,860.00
stamm,1344-3,st3b50,,3,"1,086.27"
cfbn2,4A,cfbc0b,,0,"1,793.00"
stamm,1344-2,st3b50,,3,"1,039.00"
stamm,1351-2B,st2b50,,2,906.00
stamm,279-2,st3b50,,3,"1,039.00"
stamm,1351-3B,st2b50,,2,906.00
stamm,195-2B,st2b50,,2,906.00
stamm,1116-2A,st3b60,,3,"1,196.00"
stamm,1560-3A,st1b60,,1,860.00
stamm,64-1A,st3b50,,3,"1,039.00"
stamm,195-1B,st0b60,,0,678.00
stamm,1560-3B,st2b,,2,906.00
stamm,1560-1A,st2b,,2,906.00
csk,3N,1brcsk,,1,"1,368.00"
csk,4H,1brcsk,,1,"1,368.00"
csk,3L,1brcsk,,1,"1,368.00"
csk,2Q,1brcsk,,1,"1,368.00"
csk,4K,1brcsk,,1,"1,368.00"
csk,3J,1brcsk,,1,"1,368.00"
troutev2,6O,trev1bed,,1,"1,005.00"
stamm,299-1B,st2b50,,2,906.00
csk,2P,1brcsk,,1,"1,368.00"
csk,2H,1brcsk,,1,"1,368.00"
csk,2E,1brcsk,,1,"1,368.00"
csk,2N,1brcsk,,1,"1,368.00"
gtsplaza,6J,gtspla1b,,1,814.00
grovegar,302J-1L,1bed60%,,1,"1,071.68"
melspi,239-1,mspi2bpb,,2,"1,732.00"
csk,1E,1brcsk,2/27/2026,1,"1,368.00"
csk,4F,1brcsk,,1,"1,368.00"
csk,1G,1brcsk,,1,"1,368.00"
plazanc2,4L,plaza01,,1,757.00
csk,3H,1brcsk,,1,"1,368.00"
csk,1J,1brcsk,,1,"1,368.00"
csk,1F,1brcsk,,1,"1,368.00"
csk,3C,1brcsk,,1,"1,368.00"
csk,1H,1brcsk,,1,"1,368.00"
csk,4B,0brcsk,,0,"1,329.00"
moffat,5L,mg1b,,1,971.00
noll1,6F-N,no2b60,,2,"1,002.89"
wb203k,854-2A,2bd,,2,889.70
troutev2,6A,trev1bed,,1,"1,005.00"
wbnrp,276-1A,2bdvlhvl,,2,857.00
renest,2C,re1b50,,1,846.80
plazanc2,4F,plaza01,,1,757.00
gtsplaza,4E,gtspla1b,,1,814.00
wbtpt,324-3B,1bedhli,,1,"1,022.00"
gdwnpl2,5K,gdwn1b,,1,"2,004.00"
moffat,6F,mg1b,,1,971.00
wbnrp,32-1A,2bdlhl,,2,"1,093.85"
moffat,2D,mg1balp,,1,971.00
plazanc2,7K,plaza01,,1,757.00
troutev2,2C,trev1bed,,1,"1,005.00"
troutev2,6N,trev1bed,,1,"1,005.00"
grovegar,304J-1R,gg1b60,,1,883.00
heights2,3I,rhii1bpb,,1,"2,430.00"
wb203k,306-3B,2bd,,2,"1,708.22"
wbnrp,174-2B,1brlhl,,1,784.25
csk,1B,2bd,8/31/2024,2,"1,732.00"
gtsplaza,1H,supers,,2,"1,732.00"
troutev2,1M,Commerti,,0,"2,228.00"
gdwnpl2,1D,Commerti,,0,"1,732.00"
schaeff,1B,Commerti,,0,"1,732.00"
wbnrp,30-1A,Commerti,,0,0.00
plazanc2,5A,plaza01,,1,757.00
wb203k,184-3A,2bd,,2,"1,551.08"
wbtpt,310-3B,2bedhli,,2,321.75
cfbn2,1D,Commerti,,0,"1,732.00"
plazanc2,1A,Commerti,,0,0.00
gtsgrd2,1A,supers,12/31/2020,0,0.00
gdwnpl2,2A,gdwn0b,,0,"1,784.00"
rheing,533-1A,Commerti,,2,"1,732.00"
heights1,7A,Commerti,,2,"1,732.00"
heights2,5D,rhii1b60,,1,810.00
wb203k,1126-1A,1bds,,1,"1,425.00"
cfbn2,4D,cfbc1b,,1,"2,005.00"
melrose,2A,ms1b30,2/3/2025,1,357.41
stamm,1285-2A,st2b50,,2,906.00
wb203k,860-3,3bdrms,,3,720.00
stamm,1285-4A,st2b50,,2,906.00
irvstock,22-2L,is2b60,,2,981.93
heights1,5C,rhi1b60p,,1,"1,358.50"
stamm,1285-1A,st2b50,,2,956.69
gtsgrd2,5D,gtsg1b,,1,961.00
gdwnpl2,7B,gdwn1b,,1,"2,004.00"
stamm,1285-3A,st2b50,,2,906.00
stamm,1285-3B,st2b50,,2,"1,004.52"
gtsplaza,1D,gtspla1b,,1,814.00
csk,2C,1brcsk,,1,"1,368.00"
csk,3Q,1brcsk,,1,"1,368.00"
knickcom,2F,kc2b30pb,,2,"2,725.00"
moffat,3E,mg1balp,,1,971.00
gtsplaza,5G,gtspla1b,,1,814.00
plazanc2,4M,plaza01,,1,757.00
melrose,1B,ms2b50,,2,666.23
heights1,3C,rhi1b60p,9/29/2025,2,"1,496.00"
noll1,3C-N,no2b60,,2,"1,183.00"
moffat,3F,mg1balp,,1,971.00
noll1,3H-N,no1b60,,1,885.20
heights1,2F,rhi2b60,,2,"1,166.00"
heights1,87A-COMM,commspc,,0,0.00
stamm,279-299C,commspc,,0,"5,060.00"
wb203k,1225-COM,comm,,0,"1,500.00"
wb203k,184-COMM,commspc,,0,0.00
gdwnpl2,6P,gdwn1b,,1,"2,004.00"
gtsplaza,2G,gtspla1b,,1,814.00
lindenct,1D,lin1b50,,1,793.00
melrose,4C,ms3b60,,3,"1,359.00"
noll1,1B-N,no1b60,,1,947.15
plazanc2,4K,plaza01,,1,757.00
wbnrp,1475-COM,commerci,,0,"1,000.00"
wb203k,49-2B,2beddup,,2,"1,639.00"
gdwnpl2,5N,gdwn1b,5/15/2026,1,"2,004.00"
moffat,5J,mg1b,,1,971.00
knick1,4A-K-DV,ks2b60dv,,2,940.36
wb203k,1289-2B,1bedmkt,,2,"1,862.46"
schaeff,3B,1bed60%,,1,"2,430.00"
gdwnpl2,4P,gdwn1b,,1,"2,004.00"
heights2,5G,rhii2b60,,2,"1,166.00"
420stock,3F,4202b60,,2,"1,163.30"
cfbn2,5K,cfbc1b,,1,"2,005.00"
420stock,4G,4201b60,,1,932.87
gtsplaza,2D,gtspla1b,,1,814.00
moffat,4H,mg1b,,1,971.00
noll1,5J-N,no3b50,,3,"1,126.77"
heights2,6D,rhii1b60,,1,"1,017.00"
plazanc2,8E,plaza01,,1,757.00
cfbn2,3F,cfbc0b,,0,"1,793.00"
rbha,432-2B,2beddup,,0,756.95
gtsgrd2,5A,gtsg1b,,1,961.00
wb203k,261-2A,1bds,,1,"1,198.91"
troutev2,6B,trev1bed,,1,"1,005.00"
troutev2,4F,trev1bed,,1,"1,005.00"
troutev2,3P,trev1bed,,1,"1,005.00"
troutev2,2M,trev1bed,,1,"1,005.00"
gdwnpl2,7K,gdwn1b,,1,"2,004.00"
melrose,4E,ms2b60,,2,814.28
moffat,1G,mg1b,,1,971.00
melrose,4A,ms1b30,,1,426.00
csk,3M,1brcsk,,1,"1,368.00"
stamm,1351-1A,st1b50,,1,747.00
gtsgrd2,4F,gtsg1b,,1,961.00
gtsgrd2,5E,gtsg1b,,1,961.00
gdwnpl2,4A,gdwn0b,,0,"1,784.00"
cfbn2,3A,cfbc0b,,0,"1,793.00"
cfbn2,3D,cfbc1b,,1,"2,005.00"
moffat,3C,mg1balp,,1,971.00
plazanc2,4D,plaza0b,,0,757.00
plazanc2,3J,plaza0b,,0,757.00
wbnrp,1475-3A,3brltc,,3,"1,553.00"
moffat,4K,mg1b,,1,971.00
plazanc2,8K,plaza01,,1,757.00
wbtpt,835-3A,1bedmkt,2/2/2024,1,"1,247.44"
moffat,4I,mg1b,,1,971.00
plazanc2,3B,plaza01,,1,757.00
rbha,763-1A,1bds,8/31/2020,1,703.92
gdwnpl2,2R,gdwn0b,,0,"1,784.00"
lindenct,4C,lin2b50,,2,710.12
wbtpt,1274-1A,3bedhvli,,3,"1,272.40"
wb203k,306-3A,1bedmkt,,1,"1,177.98"
gtsplaza,2E,gtspla1b,,1,814.00
irvstock,244-1AR,is3b60,,3,"1,067.14"
gtsplaza,5R,gtspla1b,,1,814.00
wbtpt,310-3A,2bedmkt,,2,"1,013.08"
moffat,3L,mg1balp,,1,971.00
stamm,26-3A,st1b50,,1,906.71
lindenct,1E,lin1b60,,1,801.38
himrodtc,1A-HOMLE,hs1b50h,6/3/2023,1,740.52
gtsplaza,6H,gtspla1b,,1,814.00
melrose,4F,ms2b60,,2,"1,036.05"
gtsplaza,6A,gtspla1b,,1,814.00
640broad,640-1A,3br60640,7/16/2025,3,"1,204.38"
640broad,640-2A,2br40640,,2,677.48
640broad,640-2B,3br40640,,3,743.00
640broad,640-3A,2br60640,,2,"1,022.00"
640broad,640-3B,3br80640,,3,"1,649.00"
640broad,640-4A,3br80640,,3,"1,681.98"
640broad,640-4B,4br60640,,4,"1,317.00"
gtsgrd2,2D,gtsg1b,,1,961.00
gdwnpl2,3F,gdwn1b,,1,"2,004.00"
heights1,5I,rhi1b50,,1,801.88
menn,1A,mu0b50,,0,845.00
gtsplaza,1G,gtspla1b,,1,814.00
111lind,111-2B,2bed50%,,2,827.40
111lind,111-2C,2b60,,2,668.45
111lind,111-2D,2bed50%,,2,668.45
111lind,111-3A,2b60,,2,835.55
111lind,111-3B,2b60,,2,557.03
111lind,111-3C,2bed50%,,2,"1,448.28"
111lind,111-3D,2bed50%,,2,835.01
301harm,301-3L,2bed50%,,1,920.31
301harm,301-1L,1bed50%,12/4/2025,1,"1,359.00"
301harm,301-1R,1bed50%,,1,763.43
301harm,301-2L,1bed60%,,1,802.27
115lind,115-3A,supers,12/15/2019,3,0.00
csk,2L,1brcsk,,1,"1,368.00"
gdwnpl2,6H,gdwn0b,,0,"1,784.00"
plazanc2,2C,plaza0b,,0,757.00
73linden,8,73l1b80,,1,"1,212.78"
cfbn2,2N,cfbc1b,,1,"2,005.00"
160bleek,160-3R,2b60,,2,543.44
160bleek,160-1R,1bed50%,,1,"2,599.00"
230moffa,230-1L,1bed50%,,1,658.63
230moffa,230-2L,1bed50%,,1,534.75
230moffa,230-2R,1bed50%,,1,516.44
111lind,111-1A,1bed60%,,1,849.57
111lind,111-4A,2bed50%,,2,"1,002.65"
gdwnpl2,5R,gdwn0b,,0,"1,784.00"
gtsplaza,5N,gtspla1b,,1,814.00
cfbn2,5B,cfbc1b,,1,"2,005.00"
gtsplaza,4D,gtspla1b,,1,814.00
gdwnpl2,2K,gdwn1b,,1,"2,004.00"
csk,2B,1brcsk,,1,"1,368.00"
cfbn2,2P,cfbc0b,,0,"1,793.00"
renest,3F,re3b60,,3,"1,348.54"
gtsplaza,4A,gtspla1b,,1,814.00
104casa,104-1A,.104g3b.,6/26/2019,3,"1,124.89"
104casa,104-1B,.104g3b.,6/26/2019,3,"1,130.48"
104casa,104-2B,.104g2b.,6/26/2019,2,"1,185.73"
104casa,104-2C,.104g2b.,6/26/2019,2,944.48
104casa,104-2E,.104g3b.,6/26/2019,3,"1,419.99"
104casa,104-3C,.104g2b.,6/26/2019,2,"1,006.64"
104casa,104-3D,.104g2b.,6/26/2019,2,922.58
104casa,104-3E,.104g3b.,6/26/2019,3,"2,324.00"
104casa,104-4A,.104g2b.,6/26/2019,2,"1,098.80"
104casa,104-4B,.104g2b.,6/26/2019,2,874.70
104casa,104-4C,.104g2b.,6/26/2019,2,"1,089.36"
104casa,104-4E,.104g3b.,6/26/2019,3,"1,472.24"
104casa,104-4F,.104g2b.,6/26/2019,2,"1,421.81"
104casa,110-1B,.104g3b.,6/26/2019,3,"1,351.86"
104casa,110-1C,.104g2b.,6/26/2019,2,"1,497.72"
104casa,110-1D,.104g3b.,6/26/2019,3,"1,246.09"
104casa,110-1E,.104g2b.,6/26/2019,2,"1,013.81"
104casa,110-2A,.104g2b.,6/26/2019,2,500.55
104casa,110-2B,.104g2b.,6/26/2019,2,858.34
104casa,110-2E,.104g3b.,6/26/2019,3,"1,357.84"
104casa,110-3C,.104g2b.,6/26/2019,2,777.11
104casa,110-3F,.104g2b.,6/26/2019,2,914.23
104casa,110-4A,.104g2b.,6/26/2019,2,793.61
104casa,110-4C,.104g2b.,6/26/2019,2,"1,127.47"
104casa,110-4D,.104g2b.,6/26/2019,2,"1,684.36"
104casa,104-3A,.104g2b.,6/26/2019,2,"1,056.14"
104casa,104-3F,.104g2b.,6/26/2019,2,"1,087.87"
104casa,104-3B,.104g2b.,6/26/2019,2,"1,132.33"
104casa,110-1A,.104g3b.,6/26/2019,3,"1,757.69"
104casa,104-1C,.104g2b.,6/26/2019,2,"1,064.16"
104casa,110-2C,.104g2b.,6/26/2019,2,971.94
104casa,104-2A,ut000378,6/26/2019,2,0.00
104casa,104-2F,.104g2b.,6/26/2019,2,"1,831.00"
104casa,104-4D,.104g2b.,6/26/2019,2,"1,114.98"
104casa,110-2F,.104g2b.,6/26/2019,2,"1,015.55"
104casa,110-4F,.104g2b.,6/26/2019,2,0.00
104casa,104-1D,.104g3b.,8/2/2023,3,"1,950.00"
104casa,110-2D,.104g2b.,6/26/2019,2,"1,271.70"
104casa,110-4B,.104g2b.,6/26/2019,2,"1,299.65"
104casa,104-2D,.104g2b.,6/26/2019,2,"1,253.00"
104casa,110-3A,.104g2b.,6/26/2019,2,"1,011.19"
104casa,110-4E,.104g3b.,6/26/2019,3,"1,563.91"
104casa,110-3D,.104g2b.,6/26/2019,2,"1,185.96"
104casa,104-1E,.104g2b.,6/26/2019,2,955.02
75casa,11,.75l1b.,6/26/2019,1,766.66
75casa,12,.75l2b.,6/26/2019,2,394.90
75casa,4,.75l3b.,6/26/2019,3,459.80
75casa,5,.75l1b.,6/26/2019,1,705.09
75casa,7,.75l3b.,6/26/2019,3,418.00
75casa,8,.75l1b.,6/26/2019,1,608.34
75casa,9,.75l2b.,6/26/2019,2,525.00
75casa,10,.75l3b.,6/26/2019,3,482.00
75casa,3,.75l2b.,6/26/2019,2,"1,831.00"
93casa,1B,2bedmkt,6/26/2019,2,611.80
93casa,2A,2bd,6/26/2019,2,"1,732.00"
93casa,2B,2bedmkt,6/26/2019,2,843.92
93casa,2C,1bds,6/26/2019,1,"1,599.00"
93casa,2D,1bds,6/26/2019,1,698.53
93casa,3A,2bedmkt,6/26/2019,2,"1,260.97"
93casa,3B,2bedmkt,6/26/2019,2,"1,243.94"
93casa,3D,1bds,6/26/2019,1,991.71
93casa,4B,2bedmkt,6/26/2019,2,"1,258.99"
93casa,3C,1bds,6/26/2019,1,969.68
harmanca,160-1B,.hp2b60.,6/26/2019,2,765.62
harmanca,160-2A,.hp2b60.,6/26/2019,2,445.85
harmanca,160-2C,.hp2b60.,6/26/2019,2,387.91
harmanca,160-2D,ut000382,6/26/2019,2,"1,831.00"
harmanca,160-3A,ut000382,6/26/2019,2,763.36
harmanca,160-3B,.hp2b60.,6/26/2019,2,832.70
harmanca,160-3C,ut000382,6/26/2019,2,"1,831.00"
harmanca,160-4A,.hp2b60.,6/26/2019,2,819.45
harmanca,160-4B,ut000382,6/26/2019,2,827.19
harmanca,160-4C,.hp2b60.,6/26/2019,2,410.98
harmanca,173-1B,ut000382,6/26/2019,2,747.73
harmanca,173-2A,ut000382,6/26/2019,2,"1,831.00"
harmanca,173-2B,.hp2b60.,6/26/2019,2,345.96
harmanca,173-2C,.hp2b60.,6/26/2019,2,681.59
harmanca,173-2D,.hp2b60.,6/26/2019,2,642.72
harmanca,173-3B,ut000382,6/26/2019,2,839.64
harmanca,173-3D,ut000382,6/26/2019,2,858.77
harmanca,173-4A,ut000382,6/26/2019,2,831.75
harmanca,173-4B,.hp2b60.,6/26/2019,2,380.82
harmanca,173-4C,.hp2b60.,6/26/2019,2,568.27
harmanca,173-4D,.hp2b60.,6/26/2019,2,720.81
harmanca,181-1B,.hp2b60.,6/26/2019,2,"1,375.54"
harmanca,181-2A,.hp2b60.,6/26/2019,2,"1,831.00"
harmanca,181-2C,ut000382,,2,945.63
harmanca,181-3A,.hp2b60.,6/26/2019,2,331.05
harmanca,181-3B,.hp2b60.,6/26/2019,2,"1,831.00"
harmanca,181-3C,ut000382,6/26/2019,2,468.72
harmanca,181-3D,.hp2b60.,6/26/2019,2,"1,831.00"
harmanca,181-4A,.hp2b60.,6/26/2019,2,696.41
harmanca,181-4B,ut000382,6/26/2019,2,626.97
harmanca,181-4C,ut000382,6/26/2019,2,"1,831.00"
harmanca,181-2D,.hp2b60.,6/26/2019,2,"1,193.19"
harmanca,160-1A,ut000382,6/26/2019,2,802.06
harmanca,181-2B,ut000382,6/26/2019,2,690.08
harmanca,173-3A,.hp2b60.,6/26/2019,2,"1,141.26"
harmanca,160-4D,.hp2b60.,6/26/2019,2,"1,068.00"
harmanca,173-3C,.hp2b60.,6/30/2023,2,"1,831.00"
harmanca,181-1A,ut000382,6/26/2019,2,"1,054.22"
harmanca,173-1A,ut000385,6/26/2019,0,"2,228.00"
120casa,116-01,ut000386,,1,708.48
120casa,116-02,ut000386,,1,946.05
120casa,116-03,ut000387,6/26/2019,2,"1,007.53"
120casa,116-04,ut000387,6/26/2019,2,"1,003.18"
120casa,116-05,ut000388,6/26/2019,2,"1,732.00"
120casa,116-06,ut000387,6/26/2019,2,"1,831.00"
120casa,116-07,ut000387,6/26/2019,2,894.94
120casa,116-08,ut000387,6/26/2019,2,551.17
120casa,116-11,ut000387,6/26/2019,2,738.29
120casa,116-12,ut000387,6/26/2019,2,"1,104.37"
120casa,116-12A,ut000387,6/26/2019,2,377.00
120casa,116-14,ut000387,6/26/2019,2,855.21
120casa,116-15,ut000387,6/26/2019,2,683.04
120casa,120-01,ut000386,6/26/2019,1,943.62
120casa,120-02,ut000386,6/26/2019,1,780.46
120casa,120-03,ut000387,6/26/2019,2,819.17
120casa,120-05,ut000387,6/26/2019,2,945.30
120casa,120-06,ut000387,6/26/2019,2,911.25
120casa,120-08,ut000387,6/26/2019,2,825.94
120casa,120-09,ut000387,6/26/2019,2,844.12
120casa,120-10,ut000387,6/26/2019,2,950.00
120casa,120-11,ut000387,6/26/2019,2,981.14
120casa,120-15,ut000387,6/26/2019,2,811.65
120casa,120-16,ut000387,6/26/2019,2,656.78
120casa,116-09,ut000387,6/26/2019,2,"1,287.23"
knick1,6B,ks2b60,,2,"1,472.18"
schaeff,5C,2b60,,2,"2,725.00"
menn,1F,mu0b60,,0,873.01
plazanc2,2A,plaza01,,1,757.00
moffat,3I,mg1balp,,1,971.00
plazanc2,3L,plaza01,,1,757.00
gtsgrd2,5K,gtsg1b,,1,961.00
rbha,135-1A,3bdrms,,3,"1,273.37"
120casa,120-07,ut000387,12/7/2024,2,897.48
111lind,111-4C,2bed50%,,2,539.77
troutev2,5P,trev1bed,,1,"1,005.00"
gtsgrd2,1E,gtsg1b,,1,961.00
renest,6I,2b60,,2,997.31
heights2,5E,rhii2b50,,2,873.13
cfbn2,3K,cfbc1b,,1,"2,005.00"
gtsplaza,4L,gtspla1b,,1,814.00
wbnrp,32-2B,2bdmkt,12/30/2024,2,"1,196.34"
wb203k,268-1A,1bds,,1,"1,376.61"
wb203k,306-2A,1bds,4/25/2025,1,"1,057.27"
knickcom,2C,kc1b30pb,,1,"2,725.00"
moffat,2M,mg0balp,,0,971.00
menn,1C,mu1b30pb,,1,"2,450.00"
120casa,120-04,ut000387,11/14/2025,2,"1,039.02"
gtsplaza,1E,gtspla1b,,1,814.00
420stock,2I,4202b60,,2,933.04
plazanc2,4E,plaza01,,1,757.00
cfbn2,5J,cfbc1b,,1,"2,005.00"
cfbn2,3C,cfbc1b,,1,"2,005.00"
plazanc2,1D,plaza0b,,0,757.00
plazanc2,7G,plaza01,,1,757.00
gtsgrd2,4G,gtsg1b,,1,961.00
plazanc2,7M,plaza01,,1,757.00
gdwnpl2,6L,gdwn1b,,1,"2,004.00"
moffat,2H,mg1balp,,1,971.00
gtsplaza,6D,gtspla1b,,1,814.00
plazanc2,1C,plaza0b,,0,757.00
cfbn2,2D,cfbc1b,,1,"2,005.00"
gtsplaza,2F,gtspla1b,,1,814.00
rbha,434-3A,2bedmkt,,2,714.95
heights1,2J,rhi1b60p,,1,"2,430.00"
csk,2D,1brcsk,,1,"1,368.00"
moffat,3G,mg1balp,,1,971.00
gtsgrd2,3K,gtsg1b,,1,961.00
gtsgrd2,3D,gtsg1b,,1,961.00
gtsgrd2,2F,gtsg1b,,1,961.00
gtsgrd2,2C,gtsg1b,,1,961.00
troutev2,5H,trev1bed,,1,"1,005.00"
rbha,135-3A,2bd,5/1/2025,2,902.20
rbha,245-2B,2beddup,,2,756.43
gdwnpl2,2L,gdwn1b,,1,"2,004.00"
gdwnpl2,4B,gdwn1b,,1,"2,004.00"
230moffa,230-3L,1bed60%,,1,"1,431.68"
rbha,128-2B,1bds,,1,0.00
rheing,533-4A,rg2b60,,2,"1,046.60"
gtsgrd2,3G,gtsg1b,,1,961.00
troutev2,1C,trev1bed,,1,"1,005.00"
moffat,2L,mg1balp,,1,971.00
gtsgrd2,2H,gtsg1b,,1,961.00
moffat,3M,mg0balp,,0,971.00
gtsgrd2,5G,gtsg1b,,1,961.00
gdwnpl2,5A,gdwn0b,4/15/2026,0,"1,784.00"
plazanc2,6J,plaza0b,,0,757.00
plazanc2,8F,plaza0b,,0,757.00
plazanc2,3C,plaza0b,,0,757.00
plazanc2,5J,plaza0b,,0,757.00
gdwnpl2,2P,gdwn1b,,1,"2,004.00"
troutev2,2F,trev1bed,,1,"1,005.00"
troutev2,6J,trev1bed,,1,"1,005.00"
csk,3A,0brcsk,,0,"1,329.00"
moffat,2K,mg1balp,,1,971.00
gdwnpl2,4Q,gdwn1b,,1,"2,004.00"
troutev2,2A,trev1bed,,1,"1,005.00"
moffat,2E,mg1balp,,1,971.00
cfbn2,4L,cfbc1b,,1,"2,005.00"
gdwnpl2,4F,gdwn1b,,1,"2,004.00"
troutev2,3L,trev1bed,,1,"1,005.00"
plazanc2,6I,plaza01,,1,757.00
moffat,4E,mg1b,,1,971.00
gdwnpl2,3K,gdwn1b,,1,"2,004.00"
plazanc2,8G,plaza01,,1,757.00
plazanc2,3F,plaza01,,1,757.00
plazanc2,4G,plaza01,,1,757.00
plazanc2,5E,plaza01,,1,757.00
gtsgrd2,6H,gtsg1b,,1,961.00
troutev2,3A,trev1bed,,1,"1,005.00"
troutev2,5L,trev1bed,,1,"1,005.00"
plazanc2,4J,plaza0b,,0,757.00
plazanc2,4C,plaza0b,,0,757.00
gtsgrd2,6F,gtsg1b,,1,961.00
knickcom,5D,kc2b50,,2,835.00
gtsplaza,3E,gtspla1b,,1,814.00
gtsplaza,2S,gtspla1b,,1,814.00
gtsplaza,3D,gtspla1b,,1,814.00
troutev2,4P,trev1bed,,1,"1,005.00"
troutev2,2H,trev1bed,,1,"1,005.00"
troutev2,5A,trev1bed,,1,"1,005.00"
troutev2,3B,trev1bed,,1,"1,005.00"
troutev2,4G,trev1bed,,1,"1,005.00"
420stock,4C,4202b60,,2,"1,001.81"
gtsplaza,1F,gtspla1b,,1,814.00
420stock,4H,4202b60,,2,870.18
moffat,5I,mg1b,,1,971.00
moffat,6L,mg1b,,1,971.00
moffat,1F,mg1b,,1,971.00
gtsgrd2,4C,gtsg1b,,1,961.00
atleast,905,N1b50,8/20/2021,1,0.00
atleast,604,N3b60MIH,,3,0.00
atleast,107,N1b50,8/20/2021,1,848.00
atleast,303,N1b30MIH,8/20/2021,1,0.00
atleast,907,N1b60,,1,"1,121.40"
atleast,301,N2b30MIH,,2,584.85
atleast,704,N3b50,,3,0.00
atleast,306,N0b60,8/20/2021,0,845.00
atleast,501,N2b30MIH,8/20/2021,2,0.00
atleast,804,N3b60MIH,,3,0.00
atleast,902,N2b50,8/20/2021,2,0.00
atleast,304,N3b40MIH,8/20/2021,3,0.00
atleast,407,N1b60,8/20/2021,1,"1,121.40"
atleast,408,N0b50,8/20/2021,0,0.00
atleast,502,N2b50,,2,0.00
atleast,705,N1b60,8/20/2021,1,"1,121.40"
atleast,707,N1b60,,1,"1,121.40"
atleast,801,N2b60,,2,0.00
moffat,2C,mg1balp,,1,971.00
atleast,605,N1b60,8/20/2021,1,"1,121.40"
atleast,807,N1b60,8/20/2021,1,"1,121.40"
plazanc2,6H,plaza01,,1,757.00
plazanc2,7L,plaza01,,1,757.00
atleast,805,N1b30FH,,1,0.00
atleast,908,N0b50,8/20/2021,0,667.00
atleast,608,N0b40,8/20/2021,0,0.00
troutev2,1G,trev1bed,,1,"1,005.00"
wb203k,669-2A,2bd,10/31/2025,2,"1,867.27"
wbtpt,869-1B,1bedhli,,1,970.00
heights1,2A,rhi2b60p,,2,"2,725.00"
woodlawn,104,WD-104,,1,0.00
woodlawn,113,WD-113,,0,0.00
woodlawn,106,WD-106,,0,0.00
atleast,903,N1b40MIH,,1,712.46
gtsplaza,2N,gtspla1b,,1,814.00
gtsplaza,6F,gtspla1b,,1,814.00
gtsgrd2,3C,gtsg1b,,1,961.00
gtsgrd2,5H,gtsg1b,,1,961.00
atleast,702,N2b30PBV,,2,"2,725.00"
atleast,601,N2b40,,2,0.00
atleast,204,N3b30MIH,,3,0.00
atleast,403,N1b30MIH,,1,0.00
gtsgrd2,4H,gtsg1b,,1,961.00
gtsgrd2,5I,gtsg1b,,1,961.00
troutev2,1E,trev1bed,,1,"1,005.00"
woodlawn,211,WD-211,,0,0.00
woodlawn,212,WD-212,,0,0.00
atleast,803,N1b60,,1,"1,121.40"
atleast,506,N0b60MIH,,0,0.00
atleast,203,N1b40MIH,,1,0.00
atleast,706,N0b60MIH,,0,935.55
atleast,906,N0b60MIH,12/1/2024,0,0.00
atleast,507,N1b60,,1,"1,121.40"
atleast,802,N2b30PBV,,2,"2,725.00"
atleast,307,N1b60,,1,"1,121.40"
plazanc2,2K,plaza01,,1,757.00
sun203k,3B,sun2b,9/25/2025,2,"2,000.00"
woodlawn,115,WD-115,,0,0.00
woodlawn,109,WD-109,,0,0.00
plazanc2,8C,plaza0b,,0,757.00
120casa,120-14,ut000387,,2,814.71
plazanc2,2L,plaza01,,1,757.00
wb203k,1126-3A,1bds,,1,"1,205.05"
atleast,106,N0b60MIH,,0,845.00
plazanc2,5C,plaza0b,,0,757.00
atleast,603,N1b60,,1,"1,121.40"
atleast,405,N1b60,,1,"1,121.40"
woodlawn,102,WD-102,,0,0.00
sun203k,1B,sun2b,,0,"1,689.45"
sun203k,1A,sun2b,,2,"1,609.00"
sun203k,2A,sun2b,,2,"1,689.45"
atleast,108,N0b60,11/20/2025,0,845.00
atleast,703,N1b60,,1,"1,121.40"
atleast,308,N0b30PBV,,0,"2,360.00"
atleast,302,N2b60,,2,0.00
woodlawn,217,WD-217,,0,0.00
plazanc2,7H,plaza01,,1,757.00
atleast,105,N1b60,,1,"1,121.40"
atleast,201,N2b60,,2,0.00
gtsplaza,6E,gtspla1b,,1,814.00
gtsplaza,6R,gtspla1b,,1,814.00
atleast,305,N1b30FH,,1,0.00
atleast,401,N2b40MIH,,2,0.00
gtsplaza,1A,gtspla1b,,1,814.00
atleast,708,N0b60,,0,0.00
atleast,503,N1b40MIH,,1,0.00
plazanc2,3H,plaza01,,1,757.00
woodlawn,401,WD-401,,0,0.00
gdwnpl2,4N,gdwn1b,,1,"2,004.00"
gdwnpl2,3D,gdwn1b,,1,"2,004.00"
gtsplaza,3J,gtspla1b,,1,814.00
atleast,505,N1b30PBV,,1,"2,430.00"
woodlawn,218,WD-218,,0,0.00
woodlawn,305,WD-305,,1,0.00
woodlawn,120,WD-120,6/17/2026,1,0.00
woodlawn,205,WD-205,,1,0.00
woodlawn,301,WD-301,,0,0.00
woodlawn,307,WD-307,,0,0.00
woodlawn,221,WD-221,,0,0.00
woodlawn,315,WD-315,,0,0.00
woodlawn,223,WD-223,,1,0.00
woodlawn,407,WD-407,,1,0.00
woodlawn,309,WD-309,,0,0.00
woodlawn,219,WD-219,,0,0.00
woodlawn,319,WD-319,,0,0.00
woodlawn,121,WD-121,,1,0.00
atleast,607,N1b30PBV,8/8/2025,1,"2,430.00"
atleast,404,N3b60MIH,,3,"1,484.00"
woodlawn,222,WD-222,,1,0.00
atleast,508,N0b30FH,,0,0.00
woodlawn,206,WD-206,,1,0.00
woodlawn,322,WD-322,,1,"1,801.00"
woodlawn,116,WD-116,10/8/2024,0,"1,760.00"
atleast,904,N3b50,,3,0.00
woodlawn,411,WD-411,,1,0.00
atleast,402,N2b30PBV,,2,0.00
woodlawn,213,WD-213,,0,0.00
woodlawn,306,WD-306,,1,0.00
atleast,901,N2b60MIH,,2,0.00
woodlawn,207,WD-207,,0,0.00
woodlawn,323,WD-323,,1,0.00
plazanc2,6B,plaza01,,1,757.00
atleast,602,N2b60,,2,0.00
woodlawn,406,WD-406,,1,0.00
woodlawn,103,WD-103,,0,0.00
gtsgrd2,3B,gtsg1b,,1,961.00
woodlawn,320,WD-320,,0,0.00
woodlawn,409,WD-409,11/1/2024,1,0.00
woodlawn,201,WD-201,,0,0.00
woodlawn,403,WD-403,,0,0.00
woodlawn,108,WD-108,7/10/2024,0,"1,808.40"
woodlawn,208,WD-208,,0,0.00
woodlawn,413,WD-413,,1,0.00
woodlawn,210,WD-210,,0,0.00
atleast,103,N0b60MIH,2/28/2026,0,0.00
atleast,806,N0b60MIH,,0,0.00
woodlawn,410,WD-410,,1,0.00
woodlawn,112,WD-112,,0,0.00
woodlawn,214,WD-214,,0,0.00
woodlawn,311,WD-311,,0,0.00
woodlawn,313,WD-313,,0,0.00
woodlawn,204,WD-204,,0,0.00
woodlawn,405,WD-405,,1,0.00
woodlawn,408,WD-408,,1,0.00
plazanc2,8M,plaza0b,,0,757.00
gtsgrd2,5B,gtsg1b,,1,961.00
atleast,606,N0b60MIH,,0,0.00
woodlawn,110,WD-110,,0,0.00
woodlawn,107,WD-107,5/29/2025,0,0.00
atleast,406,N0b60,,0,0.00
troutev2,3G,trev1bed,,1,"1,005.00"
troutev2,4E,trev1bed,,1,"1,005.00"
himrodtc,6B,hs2b50,,2,"1,037.00"
woodlawn,321,WD-321,5/28/2025,0,0.00
troutev2,2P,trev1bed,,1,"1,005.00"
woodlawn,118,WD-118,,0,0.00
atleast,202,Nsuper,,2,"1,732.00"
troutev2,5B,trev1bed,,1,"1,005.00"
woodlawn,412,WD-412,4/1/2024,2,0.00
woodlawn,220,WD-220,,0,0.00
251harma,3R,251h1b80,11/19/2024,1,788.52
857hart,2B,857h2b60,11/14/2024,2,"1,280.30"
857hart,2A,857h2b60,11/12/2024,2,"1,085.00"
857hart,3A,857h2b60,12/15/2024,2,"1,085.00"
plazanc2,7B,plaza01,,1,757.00
230moffa,230-1R,1bed60%,,1,550.98
plazanc2,5K,plaza01,,1,757.00
woodlawn,101,WD-101,6/23/2025,0,0.00
gtsplaza,4K,gtspla1b,,1,814.00
gtsplaza,3C,gtspla1b,,1,814.00
woodlawn,404,WD-404,,0,"1,760.00"
troutev2,5M,trev1bed,,1,"1,005.00"
cfbn2,2L,cfbc1b,,1,"2,005.00"
woodlawn,304,WD-304,,0,0.00
woodlawn,216,WD-216,,0,0.00
woodlawn,215,WD-215,,0,0.00
woodlawn,312,WD-312,,0,0.00
woodlawn,202,WD-202,,0,0.00
woodlawn,119,WD-119,5/16/2025,0,0.00
woodlawn,316,WD-316,,0,0.00
woodlawn,209,WD-209,,0,0.00
woodlawn,111,WD-111,6/15/2023,0,0.00
plazanc2,5F,plaza01,,1,757.00
plazanc2,8I,plaza01,,1,757.00
csk,4J,1brcsk,,1,"1,368.00"
woodlawn,114,WD-114,,0,0.00
woodlawn,308,WD-308,7/8/2024,0,0.00
cfbn2,5G,cfbc1b,,1,"2,005.00"
troutev2,2B,trev1bed,,1,"1,005.00"
gtsplaza,4R,gtspla1b,,1,814.00
troutev2,6F,trev1bed,,1,"1,005.00"
cfbn2,3E,cfbc1b,,1,"2,005.00"
troutev2,2K,trev1bed,,1,"1,005.00"
troutev2,2L,trev1bed,,1,"1,005.00"
troutev2,3C,trev1bed,,1,"1,005.00"
woodlawn,317,WD-317,5/9/2025,0,0.00
woodlawn,117,WD-117,,0,"1,760.00"
cfbn2,4K,cfbc1b,,1,"2,005.00"
111lind,111-4D,2b60,,2,"3,166.00"
csk,1D,1brcsk,,1,"1,368.00"
gtsgrd2,6E,gtsg1b,,1,961.00
gtsgrd2,2J,gtsg1b,,1,961.00
120casa,120-12,ut000387,,2,950.00
120casa,116-10,ut000387,2/14/2025,2,"1,100.45"
120casa,116-16,ut000387,3/7/2024,2,"1,248.98"
120casa,120-12A,ut000387,,2,354.05
104casa,110-3E,.104g3b.,,3,"1,533.00"
93casa,1A,2bedmkt,,2,"1,831.00"
93casa,4C,1bds,,1,885.40
93casa,4D,1bds,,1,790.76
75casa,6,.75l2b.,,2,771.55
75casa,1,.75l2b.,,2,394.00
75casa,2,.75l1b.,,1,689.55
woodlawn,302,WD-302,,0,"1,760.00"
renest,B1,supers,,2,"1,732.00"
woodlawn,318,WD-318,,0,0.00
cfbn2,4J,cfbc1b,,1,"2,005.00"
knickcom,5E,kc2b60,,2,"1,045.12"
esper1,24-3F,esp2b,,2,"1,219.11"
heights2,4J,rhii1b60,,1,"1,011.65"
schaeff,4B,1bed60%,,1,"2,430.00"
knick1,5D-K,ks2b60,,2,"1,096.82"
renest,4E,re1b50,,1,600.89
noll1,5C-N,no2b60,,2,"1,130.20"
heights2,3G,h22bd50,,2,927.96
esper1,24-2F,esp2b,,2,"1,297.08"
noll1,5H-N,no1b50,,1,895.84
gtsgrd2,6A,gtsg1b,,1,961.00
gtsgrd2,6B,gtsg1b,,1,961.00
gtsplaza,5B,gtspla1b,,1,814.00
woodlawn,310,WD-310,5/19/2025,0,"1,760.00"
noll1,1L-N,no1b30,,1,418.84
93casa,4A,2bedmkt,,2,"1,717.82"
sun203k,2B,sun2b,,2,"2,167.00"
troutev2,5F,trev1bed,,1,"1,005.00"
gtsplaza,3N,gtspla1b,,1,814.00
troutev2,4H,trev1bed,,1,"1,005.00"
woodlawn,314,WD-314,,0,0.00
jeffspi,3A,jspi3b60,,3,"1,350.79"
stamm,26-2B,st1b50,,1,780.99
rheing,555-5E,rg2b60,,2,"1,038.87"
harmanca,160-2B,ut000382,,2,"1,831.00"
104casa,110-3B,.104g2b.,,2,897.75
wb203k,187-1A,1bds,,1,"1,038.58"
troutev2,1B,trev1bed,,1,"1,005.00"
knick1,3H-K,ks2b60,,2,"1,079.38"
rheing,555-4A,rg1b50,,1,744.99
rheing,555-2F,rg2b50HI,,2,807.79
wbtpt,1274-3B,2bedmkt,,2,"1,488.13"
gtsplaza,3A,gtspla1b,,1,814.00
schaeff,5A,2b60,,2,"2,725.00"
sumner,4B,SH1B50,,1,"3,186.00"
sumner,5P,SH1B50,,1,"3,186.00"
sumner,9U,SH1B50,,1,"3,186.00"
sumner,2L,SH1B50,,1,"3,186.00"
sumner,7B,SH1B50,3/11/2026,1,"3,186.00"
heights1,2B,rhi2b60,,2,"1,054.90"
melrose,6G,ms2b30,,2,471.10
heights1,2C,rhi1b60p,,1,"2,430.00"
sumner,6B,SH1B50,,1,"3,186.00"
esper1,161-3B,esp1b60,,1,"1,031.80"
sumner,3R,SH0B50,7/8/2026,0,"3,101.00"
sumner,8A,SH1B50,,1,"3,186.00"
hillsid,9J,HL0B50H,,0,"2,759.90"
hillsid,9H,HL0B50H,,0,"2,759.90"
harmanca,160-3D,.hp2b60.,,2,891.27
grovegar,304G-1L,gg1b60,,1,973.36
sumner,2C,SH0B50,,0,"3,101.00"
sumner,9G,SH1B50,,1,"3,186.00"
gtsgrd2,3H,gtsg1b,,1,961.00
sumner,4Z,SH1B50,,1,"3,186.00"
schaeff,5F,1bed60%,,1,998.97
sumner,2F,SH0B50,,0,"3,101.00"
sumner,10P,SH1B50,,1,"3,186.00"
grovegar,304G-1R,gg1b60,,1,"1,317.34"
sumner,6Z,SH1B50,,1,"3,186.00"
sumner,5Z,SH1B50,,1,"3,186.00"
sumner,2H,SH0B50,,0,"3,101.00"
sumner,7Z,SH1B50,,1,"3,186.00"
heights1,3D,rhi3b60,,3,"1,225.15"
sumner,2N,SH0B50,,0,"3,101.00"
sumner,7L,SH1B50,,1,"3,186.00"
sumner,9W,SH0B50H,,0,"3,101.00"
heights1,6J,rhi1b60,,1,984.24
sumner,9Q,SH0B50H,,0,"3,101.00"
hillsid,6D,HL0B50H,,0,"2,759.90"
sumner,2P,SH0B50,,0,"3,101.00"
csk,1A,1brcsk,,1,"1,368.00"
csk,1K,1brcsk,,1,"1,368.00"
wbnrp,149-1B,3brltc,,3,"1,270.92"
heights1,5H,rhi2b60,,2,"1,170.35"
hillsid,9Q,HL1B50H,,1,"2,821.00"
hillsid,6C,HL0B50H,,0,"2,759.90"
sumner,9F,SH0B50H,,0,"3,101.00"
sumner,2M,SH1B50H,,1,"3,186.00"
hillsid,3W,HL1B50,,1,"2,821.00"
hillsid,3T,HL1B50,,1,"2,821.00"
sumner,2B,SH1B50H,8/14/2025,1,"3,186.00"
sumner,9P,SH1B50N,,1,"3,186.00"
sumner,4M,SH1B50H,,1,"3,186.00"
hillsid,8W,HL1B50H,,1,"2,821.00"
hillsid,9C,HL0B50H,,0,"2,759.90"
sumner,7N,SH1B50N,,1,"3,186.00"
schaeff,5D,2b60,,2,831.81
heights2,2I,rhii1bpb,,1,"2,430.00"
hillsid,9B,HL0B50H,,0,"2,759.90"
hillsid,8T,HL1B50H,,1,"2,821.00"
hillsid,6B,HL0B50H,,0,"2,759.90"
hillsid,6A,HL1B50H,3/16/2026,0,"2,821.00"
heights2,2C,rhii3bpb,,3,"3,400.00"
hillsid,4R,HL1B50,,1,"2,821.00"
hillsid,4T,HL1B50,,1,"2,821.00"
hillsid,7R,HL1B50H,,1,"2,821.00"
sumner,6P,SH1B50H,,1,"3,186.00"
hillsid,3Q,HL1B50,,1,"2,821.00"
hillsid,6T,HL1B50,,1,"2,821.00"
cfbn2,2J,cfbc1b,,1,"2,005.00"
esper1,161-3A,esp1b60,,1,"1,049.68"
schaeff,1A,1bed60%,,1,961.00
wb203k,97-3A,1bd,,1,"1,112.95"
hillsid,8B,HL0B50H,,0,"2,759.90"
hillsid,8U,HL1B50H,,1,"2,821.00"
sumner,5N,SH1B50H,,1,"3,186.00"
sumner,5M,SH1B50H,,1,"3,186.00"
hillsid,5C,HL0B50H,,0,"2,759.90"
sumner,6H,SH0B50H,4/14/2026,0,"3,101.00"
hillsid,6S,HL1B50N,,1,"2,821.00"
hillsid,4W,HL1B50N,,1,"2,821.00"
hillsid,7T,HL1B50N,,1,"2,821.00"
sumner,8Z,SH1B50H,,1,"3,186.00"
hillsid,3R,HL1B50,,1,"2,821.00"
wb203k,184-2B,1bds,,1,"1,423.27"
hillsid,5A,HL0B50H,,0,"2,759.90"
sumner,2S,SH0B50,,0,"3,101.00"
hillsid,2B,HL0B50H,,0,"2,759.90"
hillsid,9U,HL1B50N,,1,"2,821.00"
hillsid,7S,HL1B50N,,1,"2,821.00"
sumner,2G,SH0B50H,,0,"3,101.00"
wb203k,306-1A,1bds,,1,948.16
hillsid,9P,HL0B50,9/2/2025,0,"2,759.90"
hillsid,9O,HL0B50,,0,"2,759.90"
hillsid,7W,HL1B50,,1,"2,821.00"
hillsid,5S,HL1B50,,1,"2,821.00"
hillsid,5R,HL1B50H,,1,"2,821.00"
hillsid,7B,HL0B50,,0,"2,759.90"
hillsid,3S,HL1B50,,1,"2,821.00"
hillsid,2R,HL1B50,,1,"2,821.00"
hillsid,6R,HL1B50,,1,"2,821.00"
hillsid,2Q,HL1B50N,,1,"2,821.00"
hillsid,4Q,HL1B50N,,1,"2,821.00"
hillsid,5W,HL1B50N,,1,"2,821.00"
hillsid,5U,HL1B50N,,1,"2,821.00"
sumner,5E,SH0B50H,,0,"3,101.00"
hillsid,4S,HL1B50N,,1,"2,821.00"
hillsid,8R,HL1B50N,,1,"2,821.00"
hillsid,3F,HL0B50H,5/20/2024,0,"2,759.90"
hillsid,9R,HL1B50N,,1,"2,821.00"
hillsid,9K,HL0B50H,,0,"2,759.90"
hillsid,7U,HL1B50N,,1,"2,821.00"
renest,5B,re1b50,,1,590.10
heights2,2J,rhii1b60,,1,917.00
gtsgrd2,3I,gtsg1b,,1,961.00
sumner,4P,SH1B50H,,1,"3,186.00"
hillsid,9A,HL0B50H,,0,"2,759.90"
hillsid,8A,HL0B50H,,0,"2,759.90"
hillsid,7C,HL0B50,2/9/2026,0,"2,759.90"
hillsid,5B,HL0B50H,,0,"2,759.90"
hillsid,6Q,HL1B50H,,1,"2,821.00"
sumner,7P,SH1B50H,,1,"3,186.00"
sumner,8E,SH0B50H,,0,"3,101.00"
sumner,3D,SH0B50H,,0,"3,101.00"
hillsid,3E,HL0B50H,,0,"2,759.90"
hillsid,9S,HL1B50H,,1,"2,821.00"
gdwnpl2,7E,gdwn1b,,1,"2,004.00"
gdwnpl2,4E,gdwn1b,,1,"2,004.00"
gdwnpl2,4G,gdwn1b,,1,"2,004.00"
csk,2A,0brcsk,,0,"1,329.00"
renest,2E,1bed60%,,1,"1,454.00"
sumner,7M,SH1B50H,,1,"3,186.00"
gdwnpl2,2G,gdwn1b,,1,"2,004.00"
sumner,4T,SH0B50H,,0,"3,101.00"
hillsid,4U,HL1B50H,,1,"2,821.00"
hillsid,3U,HL1B50H,,1,"2,821.00"
sumner,3S,SH0B50H,,0,"3,101.00"
gdwnpl2,5L,gdwn1b,,1,"2,004.00"
sumner,6M,SH1B50,,1,"3,186.00"
sumner,10U,SH1B50N,,1,"3,186.00"
sumner,4N,SH1B50N,,1,"3,186.00"
gdwnpl2,6E,gdwn1b,,1,"2,004.00"
gdwnpl2,2N,gdwn1b,,1,"2,004.00"
sumner,8P,SH1B50H,,1,"3,186.00"
gdwnpl2,6M,gdwn1b,,1,"2,004.00"
stamm,1560-2A,st1b50,,1,788.79
gdwnpl2,2F,gdwn1b,,1,"2,004.00"
sumner,8M,SH1B50H,,1,"3,186.00"
sumner,3J,SH0B50H,,0,"3,101.00"
sumner,3F,SH0B50H,,0,"3,101.00"
hillsid,5T,HL1B50H,,1,"2,821.00"
gdwnpl2,3P,gdwn1b,,1,"2,004.00"
gdwnpl2,2C,gdwn1b,,1,"2,004.00"
gdwnpl2,4M,gdwn1b,,1,"2,004.00"
rheing,555-3G,rg2b50,,2,881.34
troutev2,4K,trev1bed,,1,"1,005.00"
hillsid,6H,HL0B50,,0,"2,759.90"
sumner,3B,SH1B50N,,1,"3,186.00"
sumner,8B,SH1B50N,,1,"3,186.00"
himrodtc,2A-PBV,hs1b50pb,,1,"2,430.00"
sumner,5J,SH0B50H,,0,"3,101.00"
sumner,5R,SH0B50H,,0,"3,101.00"
gdwnpl2,5P,gdwn1b,,1,"2,004.00"
hillsid,8P,HL0B50N,,0,"2,759.90"
hillsid,7L,HL0B50N,,0,"2,759.90"
hillsid,8O,HL0B50N,,0,"2,759.90"
moffat,1C,mg1b,,1,971.00
moffat,5E,mg1b,,1,971.00
moffat,6A,mg1b,,1,971.00
moffat,4J,mg1b,,1,971.00
sumner,10V,SH1B50H,3/11/2026,1,"3,186.00"
moffat,5D,mg1b,,1,971.00
hillsid,8S,HL1B50N,,1,"2,821.00"
hillsid,9L,HL0B50,,0,"2,759.90"
hillsid,4C,HL0B50,,0,"2,759.90"
hillsid,4F,HL0B50,,0,"2,759.90"
hillsid,4B,HL0B50,,0,"2,759.90"
gdwnpl2,3N,gdwn1b,,1,"2,004.00"
cfbn2,5C,cfbc1b,,1,"2,005.00"
gdwnpl2,5G,gdwn1b,,1,"2,004.00"
sumner,7Y,SH1B50H,,1,"3,186.00"
gdwnpl2,4L,gdwn1b,,1,"2,004.00"
gdwnpl2,7F,gdwn1b,,1,"2,004.00"
sumner,10J,SH1B50H,,1,"3,186.00"
moffat,6E,mg1b,,1,971.00
hillsid,2G,HL0B50N,,0,"2,759.90"
cfbn2,5P,cfbc0b,,0,"1,793.00"
cfbn2,4N,cfbc1b,,1,"2,005.00"
cfbn2,2E,cfbc1b,,1,"2,005.00"
cfbn2,3P,cfbc0b,,0,"1,793.00"
cfbn2,1E,cfbc0b,,0,"1,793.00"
moffat,3B,mg1balp,,1,971.00
hillsid,6F,HL0B50H,,0,"2,759.90"
hillsid,4A,HL0B50,,0,"2,759.90"
hillsid,5M,HL0B50,,0,"2,759.90"
sumner,6L,SH1B50H,,1,"3,186.00"
hillsid,3O,HL0B50,,0,"2,759.90"
hillsid,6E,HL0B50H,,0,"2,759.90"
hillsid,8H,HL0B50H,,0,"2,759.90"
hillsid,4J,HL0B50H,4/22/2026,0,"2,759.90"
hillsid,8Q,HL1B50N,,1,"2,821.00"
sumner,10G,SH1B50N,,1,"3,186.00"
gdwnpl2,6C,gdwn1b,,1,"2,004.00"
hillsid,5D,HL0B50,9/8/2025,0,"2,759.90"
gdwnpl2,3Q,gdwn1b,,1,"2,004.00"
sumner,4A,SH1B50H,,1,"3,186.00"
gtsgrd2,2B,gtsg1b,,1,961.00
hillsid,4H,HL0B50H,,0,"2,759.90"
hillsid,9W,HL1B50,,1,"2,821.00"
hillsid,8G,HL0B50H,,0,"2,759.90"
sumner,6S,SH0B50H,,0,"3,101.00"
sumner,4R,SH0B50,,0,"3,101.00"
hillsid,5O,HL0B50,,0,"2,759.90"
sumner,4X,SH0B50,,0,"3,101.00"
sumner,4E,SH0B50,,0,"3,101.00"
sumner,4U,SH0B50N,,0,"3,101.00"
sumner,4W,SH0B50N,,0,"3,101.00"
sumner,9R,SH1B50N,,1,"3,186.00"
sumner,2U,SH0B50,,0,"3,101.00"
sumner,2T,SH0B50,,0,"3,101.00"
sumner,3H,SH0B50,,0,"3,101.00"
hillsid,7P,HL0B50N,,0,"2,759.90"
sumner,5D,SH0B50,,0,"3,101.00"
sumner,3M,SH1B50H,,1,"3,186.00"
hillsid,4G,HL0B50H,,0,"2,759.90"
sumner,3C,SH0B50,,0,"3,101.00"
plazanc2,5I,plaza01,,1,757.00
sumner,4L,SH0B50,,0,"3,101.00"
sumner,10N,SH1B50,,1,"3,186.00"
hillsid,3G,HL0B50H,,0,"2,759.90"
sumner,4S,SH0B50N,,0,"3,101.00"
sumner,8H,SH0B50,,0,"3,101.00"
sumner,9N,SH1B50H,,1,"3,186.00"
sumner,7A,SH1B50H,,1,"3,186.00"
sumner,5W,SH0B50,,0,"3,101.00"
hillsid,3D,HL0B50H,,0,"2,759.90"
hillsid,4M,HL0B50H,,0,"2,759.90"
sumner,6Y,SH1B50H,,1,"3,186.00"
hillsid,2J,HL0B50H,,0,"2,759.90"
sumner,9Z,SH0B50,,0,"3,101.00"
sumner,6N,SH1B50,,1,"3,186.00"
sumner,3Z,SH1B50H,,1,"3,186.00"
sumner,3X,SH0B50,,0,"3,101.00"
hillsid,5E,HL0B50H,7/12/2024,0,"2,759.90"
sumner,10E,SH1B50H,,1,"3,186.00"
sumner,7C,SH0B50H,12/18/2025,0,"3,101.00"
sumner,10Q,SH0B50H,,0,"3,101.00"
sumner,4H,SH0B50H,,0,"3,101.00"
sumner,10M,SH0B50H,,0,"3,101.00"
sumner,6C,SH0B50H,,0,"3,101.00"
knickcom,3C,kc1b50,,1,727.55
sumner,5X,SH0B50,,0,"3,101.00"
sumner,3N,SH1B50N,,1,"3,186.00"
sumner,4D,SH0B50H,,0,"3,101.00"
sumner,7F,SH0B50H,,0,"3,101.00"
sumner,3V,SH0B50H,,0,"3,101.00"
hillsid,2C,HL0B50H,,0,"2,759.90"
sumner,4C,SH0B50,,0,"3,101.00"
hillsid,5Q,HL1B50,,1,"2,821.00"
sumner,2R,SH0B50,,0,"3,101.00"
sumner,10Z,SH0B50,,0,"3,101.00"
sumner,7J,SH0B50,,0,"3,101.00"
sumner,8S,SH0B50H,,0,"3,101.00"
sumner,4V,SH0B50,6/30/2025,0,"3,101.00"
sumner,6E,SH0B50,,0,"3,101.00"
plazanc2,6M,plaza01,,1,757.00
sumner,4K,SH0B50,,0,"3,101.00"
sumner,8N,SH1B50N,,1,"3,186.00"
hillsid,3P,HL0B50,,0,"2,759.90"
hillsid,7D,HL0B50,,0,"2,759.90"
hillsid,6G,HL0B50,,0,"2,759.90"
hillsid,2H,HL0B50,,0,"2,759.90"
sumner,7D,SH0B50,,0,"3,101.00"
gtsgrd2,2G,gtsg1b,,1,961.00
hillsid,8K,HL0B50N,,0,"2,759.90"
hillsid,7E,HL0B50,,0,"2,759.90"
hillsid,7J,HL0B50,,0,"2,759.90"
hillsid,7G,HL0B50,,0,"2,759.90"
sumner,2D,SH0B50N,,0,"3,101.00"
sumner,6F,SH0B50,,0,"3,101.00"
sumner,3Q,SH0B50,,0,"3,101.00"
sumner,8T,SH0B50,,0,"3,101.00"
hillsid,4E,HL0B50H,,0,"2,759.90"
hillsid,5F,HL0B50H,,0,"2,759.90"
sumner,3P,SH1B50H,,1,"3,186.00"
sumner,3L,SH0B50,,0,"3,101.00"
sumner,4J,SH0B50,,0,"3,101.00"
rheing,555-6G,rg2b50,,2,859.85
hillsid,8N,HL0B50H,3/16/2026,0,"2,759.90"
hillsid,2M,HL0B50,,0,"2,759.90"
hillsid,5L,HL0B50,,0,"2,759.90"
sumner,7Q,SH0B50,,0,"3,101.00"
sumner,6J,SH0B50,,0,"3,101.00"
hillsid,2A,HL0B50,,0,"2,759.90"
sumner,9B,SH1B50H,,1,"3,186.00"
sumner,5A,SH1B50H,,1,"3,186.00"
sumner,10A,SH1B50H,,1,"3,186.00"
hillsid,3V,HL0B50,,0,"2,759.90"
sumner,8J,SH0B50H,,0,"3,101.00"
hillsid,9T,HL1B50H,,1,"2,821.00"
sumner,8G,SH0B50,,0,"3,101.00"
sumner,8L,SH0B50,,0,"3,101.00"
hillsid,4N,HL0B50,,0,"2,759.90"
hillsid,2L,HL0B50,,0,"2,759.90"
hillsid,6M,HL0B50N,,0,"2,759.90"
hillsid,7H,HL0B50,,0,"2,759.90"
hillsid,9M,HL0B50,,0,"2,759.90"
hillsid,2K,HL0B50,,0,"2,759.90"
hillsid,4D,HL0B50,,0,"2,759.90"
hillsid,6V,HL0B50N,,0,"2,759.90"
cfbn2,5L,cfbc1b,,1,"2,005.00"
857hart,1A,857h2b60,,1,"1,426.61"
grovegar,316-3L,gg2b60,2/28/2025,2,857.14
sumner,8D,SH0B50,,0,"3,101.00"
hillsid,6P,HL0B50N,,0,"2,759.90"
sumner,3U,SH0B50,,0,"3,101.00"
hillsid,4K,HL0B50N,,0,"2,759.90"
csk,2F,1brcsk,,1,"1,368.00"
hillsid,6K,HL0B50N,,0,"2,759.90"
hillsid,7A,HL0B50N,,0,"2,759.90"
sumner,4G,SH0B50,12/6/2024,0,"3,101.00"
sumner,9A,SH1B50,,1,"3,186.00"
sumner,7R,SH0B50,,0,"3,101.00"
troutev2,3E,trev1bed,,1,"1,005.00"
sumner,3Y,SH0B50,,0,"3,101.00"
wb203k,1248-2FL,3bdrms,,3,"1,911.01"
sumner,5S,SH0B50,,0,"3,101.00"
sumner,6V,SH0B50,,0,"3,101.00"
sumner,5H,SH0B50,,0,"3,101.00"
sumner,6U,SH0B50H,,0,"3,101.00"
hillsid,6W,HL1B50H,8/11/2025,1,"2,821.00"
sumner,8Q,SH0B50,,0,"3,101.00"
sumner,8F,SH0B50,,0,"3,101.00"
hillsid,7F,HL0B50N,,0,"2,759.90"
cfbn2,3N,cfbc1b,,1,"2,005.00"
heights1,3A,rhi2b60,,2,"1,370.94"
sumner,7U,SH0B50,,0,"3,101.00"
sumner,9L,SH0B50,,0,"3,101.00"
hillsid,2N,HL0B50N,,0,"2,759.90"
gdwnpl2,6B,gdwn1b,,1,"2,004.00"
hillsid,2O,HL0B50N,,0,"2,759.90"
sumner,6A,SH1B50H,,1,"3,186.00"
hillsid,4L,HL0B50,,0,"2,759.90"
hillsid,6O,HL0B50N,,0,"2,759.90"
moffat,4B,mg1b,,1,971.00
sumner,8U,SH0B50,,0,"3,101.00"
hillsid,7Q,HL1B50H,4/15/2025,1,"2,821.00"
hillsid,9V,HL0B50,,0,"2,759.90"
hillsid,6L,HL0B50N,2/20/2026,0,"2,759.90"
hillsid,6J,HL0B50,,0,"2,759.90"
hillsid,3N,HL0B50,,0,"2,759.90"
hillsid,7K,HL0B50N,,0,"2,759.90"
hillsid,8M,HL0B50N,,0,"2,759.90"
hillsid,7M,HL0B50N,,0,"2,759.90"
sumner,7G,SH0B50,,0,"3,101.00"
hillsid,3A,HL0B50,,0,"2,759.90"
hillsid,9N,HL0B50,,0,"2,759.90"
hillsid,2F,HL0B50H,,0,"2,759.90"
sumner,2Q,SH0B50N,,0,"3,101.00"
hillsid,8J,HL0B50N,,0,"2,759.90"
gdwnpl2,4R,gdwn0b,,0,"1,784.00"
hillsid,2D,HL0B50H,,0,"2,759.90"
hillsid,4V,HL0B50N,,0,"2,759.90"
sumner,3K,SH0B50,,0,"3,101.00"
hillsid,7N,HL0B50N,,0,"2,759.90"
sumner,5K,SH0B50,,0,"3,101.00"
hillsid,7V,HL0B50N,,0,"2,759.90"
sumner,7T,SH0B50,,0,"3,101.00"
sumner,8V,SH0B50,6/4/2026,0,"3,101.00"
gtsgrd2,1F,gtsg1b,,1,961.00
renest,3M,re2b50,,2,909.84
hillsid,2P,HL0B50N,,0,"2,759.90"
gdwnpl2,3R,gdwn0b,,0,"1,784.00"
gdwnpl2,4D,gdwn1b,,1,"2,004.00"
sumner,6R,SH0B50,,0,"3,101.00"
hillsid,5V,HL0B50N,,0,"2,759.90"
cfbn2,1B,cfbc0b,,0,"1,793.00"
hillsid,7O,HL0B50N,,0,"2,759.90"
sumner,9T,SH0B50,,0,"3,101.00"
sumner,6Q,SH0B50,,0,"3,101.00"
hillsid,3C,HL0B50,,0,"2,759.90"
hillsid,6N,HL0B50N,,0,"2,759.90"
esper1,24-1,esp1b60,,1,"1,082.43"
sumner,9Y,SH0B50,,0,"3,101.00"
hillsid,5G,HL0B50N,,0,"2,759.90"
hillsid,3J,HL0B50N,,0,"2,759.90"
gdwnpl2,3J,gdwn0b,6/29/2026,0,"1,784.00"
sumner,8R,SH0B50N,10/23/2025,0,"3,101.00"
hillsid,4O,HL0B50N,,0,"2,759.90"
sumner,6G,SH0B50N,,0,"3,101.00"
troutev2,4M,trev1bed,,1,"1,005.00"
sumner,5G,SH0B50N,,0,"3,101.00"
sumner,5V,SH0B50,,0,"3,101.00"
hillsid,4P,HL0B50N,,0,"2,759.90"
hillsid,2E,HL0B50N,,0,"2,759.90"
rheing,533-5A,rg2b50,,2,859.23
hillsid,8V,HL0B50N,,0,"2,759.90"
hillsid,5P,HL0B50N,,0,"2,759.90"
hillsid,8L,HL0B50N,,0,"2,759.90"
hillsid,5K,HL0B50N,,0,"2,759.90"
sumner,3T,SH0B50N,,0,"3,101.00"
sumner,7E,SH0B50N,,0,"3,101.00"
hillsid,5J,HL0B50N,,0,"2,759.90"
sumner,10L,SH0B50,,0,"3,101.00"
sumner,6W,SH0B50N,,0,"3,101.00"
hillsid,3L,HL0B50N,,0,"2,759.90"
wbnrp,149-1A,2bdmkt,,2,"1,833.92"
melspi,348-1,msp2b50,,2,787.91
sumner,7H,SH0B50,10/1/2025,0,"3,101.00"
sumner,5L,SH0B50N,,0,"3,101.00"
sumner,7S,SH0B50H,,0,"3,101.00"
sumner,5C,SH0B50N,,0,"3,101.00"
hillsid,3H,HL0B50N,,0,"2,759.90"
sumner,3W,SH0B50N,,0,"3,101.00"
sumner,5Q,SH0B50N,,0,"3,101.00"
sumner,5Y,SH0B50N,,0,"3,101.00"
sumner,8C,SH0B50,,0,"3,101.00"
sumner,4Y,SH0B50N,,0,"3,101.00"
sumner,5F,SH0B50,,0,"3,101.00"
sumner,5B,SH1B50,,1,"3,186.00"
hillsid,5H,HL0B50N,,0,"2,759.90"
sumner,3A,SH1B50H,,1,"3,186.00"
sumner,9C,SH0B50,,0,"3,101.00"
sumner,4F,SH0B50,,0,"3,101.00"
hillsid,3M,HL0B50,,0,"2,759.90"
sumner,6T,SH0B50,,0,"3,101.00"
hillsid,3B,HL0B50,,0,"2,759.90"
sumner,8W,SH0B50,,0,"3,101.00"
sumner,8Y,SH0B50,,0,"3,101.00"
sumner,6D,SH0B50,,0,"3,101.00"
sumner,10S,SH0B50,,0,"3,101.00"
hillsid,3K,HL0B50N,,0,"2,759.90"
sumner,5U,SH0B50,,0,"3,101.00"
plazanc2,6F,plaza01,,1,757.00
sumner,10B,SH1B50,,1,"3,186.00"
sumner,7W,SH0B50,,0,"3,101.00"
sumner,9D,SH0B50,,0,"3,101.00"
sumner,2E,SH0B50N,,0,"3,101.00"
sumner,10Y,SH0B50,,0,"3,101.00"
sumner,3G,SH0B50N,,0,"3,101.00"
sumner,9J,SH0B50,,0,"3,101.00"
gtsgrd2,5J,gtsg1b,,1,961.00
sumner,7V,SH0B50N,,0,"3,101.00"
sumner,3E,SH0B50N,,0,"3,101.00"
grovegar,312G-1L,gg0b60,11/5/2025,0,"1,048.64"
heights2,2E,rhii2b60,,2,"1,137.18"
moffat,6D,mg1b,,1,971.00
plazanc2,6L,plaza01,,1,757.00
irvstock,244-4L,is1b60,,1,805.35
sumner,9M,SH0B50,,0,"3,101.00"
woodlawn,203,WD-203,,0,"1,760.00"
sumner,10C,SH0B50,,0,"3,101.00"
irvstock,244-2R,is2b60,,2,685.59
sumner,4Q,SH0B50N,,0,"3,101.00"
rheing,533-4I,rg2b60,,2,"1,080.39"
sumner,5T,SH0B50N,,0,"3,101.00"
irvstock,244-2L,is1b60,,1,860.02
schaeff,4F,1bed60%,,1,704.93
bethany,104,BethStud,,0,"3,054.00"
menn,2A,mu1b50,,1,740.14
stamm,27-2A,st1b60,,1,953.53
melrose,5E,ms2b60,,2,"1,116.49"
heights1,2E,rhi2b60,,2,"1,060.06"
plazanc2,3G,plaza01,,1,757.00
troutev2,4A,trev1bed,,1,"1,005.00"
hillsid,6U,HL1B50,,1,"2,821.00"
sun203k,3A,sun2b,,1,"3,092.00"
rheing,533-3C,rg1b50HI,,1,650.80
atleast,808,N0b60,,0,872.46
melrose,3C,ms3b60,,3,"1,233.11"
73linden,12,73l2b80,,2,985.09
sumner,2J,SH0B50,,0,"3,101.00"
wb203k,1278-2A,1bds,,1,785.85
woodlawn,402,WD-402,,0,"2,355.00"
bethany,319,BethStud,,0,"3,054.00"
bethany,115,BethStud,,0,"3,054.00"
bethany,205,BethStud,,0,"3,054.00"
bethany,203,Beth1BR,,1,"3,112.00"
bethany,117,BethStud,,0,"3,054.00"
bethany,210,BethStud,,0,"3,054.00"
bethany,318,BethStud,,0,"3,054.00"
bethany,107,BethStud,,0,"3,054.00"
bethany,402,BethStud,,0,"3,054.00"
bethany,102,Beth1BR,5/29/2026,1,"3,112.00"
heights2,6E,rhii2b60,,2,"1,116.27"
bethany,303,BethStud,3/30/2026,0,"3,054.00"
bethany,312,Beth1BR,,1,"3,112.00"
bethany,217,BethStud,,0,"3,054.00"
bethany,116,BethStud,,0,"3,054.00"
bethany,317,Beth1BR,,1,"3,112.00"
bethany,302,Beth1BR,,1,"3,112.00"
bethany,209,BethStud,,0,"3,054.00"
bethany,202,BethStud,,0,"3,054.00"
bethany,401,Beth1BR,,1,"3,112.00"
wbnrp,317-2A,1brlhl,,1,316.09
menn,1E,musuper,,2,"1,732.00"
csk,1C,1brcsk,,1,"1,368.00"
moffat,6G,mg1b,,1,971.00
moffat,3K,mg1balp,,1,971.00
bethany,103,BethStud,,0,"3,054.00"
bethany,213,Beth1BR,4/30/2026,1,"3,112.00"
bethany,206,BethStud,,0,"3,054.00"
bethany,215,BethStud,,0,"3,054.00"
knickcom,5F,kcsuper,,2,"1,732.00"
hillsid,9D,HL2BSUP,,2,"2,759.90"
wbtpt,869-2A,1bedhli,,1,959.44
atleast,104,N3b30PBV,,3,"2,422.00"
atleast,701,N2b60MIH,,2,"1,362.00"
woodlawn,105,WD-105,,1,"1,801.00"
bethany,101,BethStud,,0,"3,054.00"
bethany,207,BethStud,,0,"3,054.00"
bethany,316,BethStud,,0,"3,054.00"
bethany,306,BethStud,,0,"3,054.00"
bethany,219,BethStud,,0,"3,054.00"
bethany,108,BethStud,,0,"3,054.00"
bethany,304,BethStud,,0,"3,054.00"
harmanca,181-4D,.hp2b60.,,2,768.32
gdwnpl2,2Q,gdwn1b,,1,"2,004.00"
gdwnpl2,6Q,gdwn1b,,1,"2,004.00"
gdwnpl2,2H,gdwn0b,,0,"1,784.00"
gdwnpl2,5M,gdwn1b,,1,"2,004.00"
gdwnpl2,3M,gdwn1b,,1,"2,004.00"
plazanc2,4A,plaza01,,1,757.00
326rock,1301,326R2@60,,2,"1,992.00"
bethany,313,BethStud,,0,"3,054.00"
bethany,218,Beth1BR,,1,"3,112.00"
bethany,113,BethStud,,0,"3,054.00"
bethany,310,BethStud,,0,"3,054.00"
326rock,707,326R2@50,,2,"1,642.00"
326rock,809,326R2@60,,2,"1,992.00"
326rock,502,326R1@60,,1,"1,660.00"
326rock,908,326R0@50,,0,"1,095.00"
326rock,1306,326R2@50,,2,"1,642.00"
326rock,808,326R0@50,,0,"1,095.00"
326rock,1008,326R0@50,,0,"1,095.00"
326rock,113,326R1@50,,1,"1,368.00"
gdwnpl2,5D,gdwn1b,,1,"2,004.00"
gdwnpl2,2E,gdwn1b,,1,"2,004.00"
326rock,1003,326R3@60,,3,"2,301.00"
326rock,501,326R2@60,,2,"1,992.00"
326rock,1002,326R1@60,,1,"2,762.00"
326rock,226,326R1@60,,1,"1,660.00"
326rock,1303,326R3@60,,3,"2,301.00"
326rock,402,326R1@50,,1,"1,368.00"
326rock,903,326R3@50,,3,"1,897.00"
bethany,110,BethStud,,0,"3,054.00"
326rock,427,326RHPS1,,1,"1,663.00"
326rock,227,326RHPS1,,1,"1,663.00"
326rock,407,326RHPS2,,2,"1,918.00"
326rock,323,326RHPS1,,1,"1,663.00"
326rock,325,326RHPS1,,1,"1,663.00"
326rock,907,326RHPS2,,2,"1,918.00"
326rock,1001,326RHPS2,,2,"1,918.00"
326rock,327,326RHPS1,,1,"1,663.00"
326rock,312,326RHPS1,,1,"1,663.00"
326rock,201,326RHPS2,,2,"1,918.00"
326rock,425,326RHPS1,,1,"1,663.00"
326rock,409,326RHPS2,,2,"1,918.00"
gdwnpl2,3L,gdwn1b,,1,"2,004.00"
326rock,701,326RHPS2,,2,"1,918.00"
326rock,1101,326RHPS2,,2,"1,918.00"
326rock,418,326RHPS1,,1,"1,663.00"
326rock,507,326RHPS2,,2,"1,918.00"
bethany,214,BethStud,,0,"3,054.00"
326rock,207,326RHPS2,,2,"1,918.00"
326rock,225,326RHPS1,,1,"1,663.00"
bethany,311,BethStud,,0,"3,054.00"
bethany,220,BethStud,,0,"3,054.00"
bethany,212,BethStud,1/7/2026,0,"3,054.00"
bethany,307,Beth1BR,,1,"3,112.00"
326rock,807,326RHPS2,,2,"1,918.00"
326rock,417,326RHPS1,,1,"1,663.00"
326rock,211,326RHPS2,,2,"1,918.00"
326rock,423,326RHPS1,,1,"1,663.00"
326rock,1103,326RHPS3,,3,"2,623.00"
326rock,803,326RHPS3,,3,"2,623.00"
326rock,1007,326R2@60,,2,"1,992.00"
gtsplaza,3M,gtspla1b,,1,814.00
326rock,603,326R3@50,,3,"1,897.00"
326rock,326,326R1@60,,1,"1,660.00"
135mena,135-03,3bed60%,,3,"2,264.00"
135mena,135-2L,2b60,,2,"1,969.00"
135mena,135-1R,1bed60%,,1,"1,651.00"
326rock,429,326R1@60,,1,"1,660.00"
gdwnpl2,5Q,gdwn1b,,1,"2,004.00"
gtsplaza,5K,gtspla1b,,1,814.00
gtsgrd2,2A,gtsg1b,,1,961.00
sumner,2A,SHSUPER,1/22/2026,2,0.00
atleast,504,N3b30PBV,,3,"3,400.00"
stamm,26-2A,st1b50,,1,851.01
bethany,301,BethStud,,0,"3,054.00"
bethany,315,BethStud,,0,"3,054.00"
bethany,112,BethStud,,0,"3,054.00"
bethany,208,Beth1BR,,1,"3,112.00"
326rock,1203,326R3@50,,3,"1,897.00"
326rock,228,326R1@50,,1,"1,368.00"
gdwnpl2,7Q,gdwn1b,,1,"2,004.00"
bethany,114,BethStud,,0,"3,054.00"
gtsgrd2,3F,gtsg1b,,1,961.00
bethany,106,BethStud,,0,"3,054.00"
326rock,1403,326R3@60,,3,"2,301.00"
326rock,420,326R1@50,,1,"1,368.00"
326rock,612,326RHPS0,,0,"1,584.00"
326rock,301,326RHPS2,,2,"1,918.00"
326rock,411,326RHPS2,,2,"1,918.00"
326rock,601,326RHPS2,,2,"1,918.00"
326rock,511,326R2@60,,2,"1,992.00"
326rock,509,326R2@50,,2,"1,642.00"
326rock,220,326R1@50,,1,"1,368.00"
326rock,1406,326R2@50,,2,"1,642.00"
lindenct,5D,lin2b50,,2,893.37
326rock,1402,326R1@60,,1,"1,660.00"
326rock,302,326R1@50,,1,"1,368.00"
326rock,223,326RHPS1,,1,"1,663.00"
grovegar,299-3L,gg2b60,,2,957.61
gtsplaza,2L,gtspla1b,,1,814.00
bethany,111,Beth1BR,,1,"3,112.00"
bethany,204,BethStud,,0,"3,054.00"
bethany,216,BethStud,,0,"3,054.00"
bethany,314,BethStud,,0,"3,054.00"
bethany,201,BethStud,,0,"3,054.00"
326rock,1107,326RHPS0,,0,"1,584.00"
326rock,333,326RHPS0,,0,"1,584.00"
326rock,431,326RHPS0,,0,"1,584.00"
326rock,110,326RHPS2,,1,"2,104.00"
326rock,309,326RHPS2,,2,"1,918.00"
326rock,209,326RHPS2,,2,"1,918.00"
326rock,324,326RHPS1,,1,"1,663.00"
326rock,116,326RHPS0,,0,"1,584.00"
326rock,217,326RHPS1,,1,"1,663.00"
326rock,307,326RHPS2,,2,"1,918.00"
326rock,1307,326RHPS0,,0,"1,584.00"
326rock,430,326RHPS0,,0,"1,584.00"
326rock,408,326RHPS0,,0,"1,584.00"
326rock,708,326RHPS0,,0,"1,584.00"
326rock,610,326RHPS0,,0,"1,584.00"
326rock,712,326RHPS0,5/22/2026,0,"1,584.00"
326rock,235,326RHPS0,,0,"1,584.00"
326rock,105,326RHPS1,,1,"1,663.00"
326rock,111,326RHPS2,,2,"1,918.00"
326rock,330,326RHPS0,,0,"1,584.00"
326rock,104,326RHPS0,,0,"1,584.00"
326rock,115,326RHPS0,,0,"1,584.00"
326rock,234,326RHPS0,,0,"1,584.00"
bethany,305,BethStud,,0,"3,054.00"
grovegar,316-2L,gg2b60,,2,"1,165.46"
326rock,204,326RHPS0,,0,"1,584.00"
326rock,510,326RHPS0,,0,"1,584.00"
326rock,229,326R1@60,,1,"1,660.00"
326rock,117,326RHPS0,,0,"1,584.00"
326rock,331,326RHPS0,,0,"1,584.00"
326rock,335,326RHPS0,4/14/2026,0,"1,584.00"
326rock,419,326RHPS0,,0,"1,584.00"
326rock,106,326R1@50,,1,"1,368.00"
326rock,332,326RHPS0,,0,"1,584.00"
326rock,508,326RHPS0,,0,"1,584.00"
326rock,108,326RHPS0,,0,"1,584.00"
326rock,233,326RHPS0,,0,"1,584.00"
326rock,101,326RHPS0,,0,"1,584.00"
326rock,424,326RHPS1,,1,"1,663.00"
326rock,316,326RHPS0,,0,"1,584.00"
326rock,422,326RHPS0,,0,"1,584.00"
326rock,607,326R2@50,,2,"1,642.00"
326rock,311,326RHPS2,,2,"1,918.00"
326rock,336,326RHPS0,,0,"1,584.00"
326rock,303,326RHPS0,,0,"1,584.00"
troutev2,4N,trev1bed,,1,"1,005.00"
326rock,319,326RHPS0,,0,"1,584.00"
326rock,109,326RHPS0,,0,"1,584.00"
326rock,1012,326RHPS0,,0,"1,584.00"
326rock,1108,326R1@60,,1,"1,660.00"
hillsid,5N,HL0B50,,0,"2,759.90"
326rock,114,326RHPS1,,1,"1,663.00"
326rock,318,326RHPS1,,1,"1,663.00"
326rock,230,326RHPS0,,0,"1,584.00"
326rock,405,326RHPS0,,0,"1,584.00"
bethany,105,BethStud,,0,"3,054.00"
326rock,1309,326R1@50,,1,"1,368.00"
326rock,606,326R1@50,,1,"1,368.00"
326rock,215,326RHPS0,,0,"1,584.00"
bethany,211,BethStud,,0,"3,054.00"
326rock,812,326RHPS0,,0,"1,584.00"
atleast,205,N1b30PBV,,1,"1,705.00"
alliance,63-4C,BA0@80%,,0,"1,721.00"
alliance,63-3C,BA0@50%,,0,"1,022.00"
326rock,310,326RHPS0,,0,"1,584.00"
326rock,415,326RHPS0,,0,"1,584.00"
326rock,710,326RHPS0,,0,"1,584.00"
115lind,115-3C,2b60,,2,"1,114.06"
326rock,322,326RHPS0,,0,"1,584.00"
326rock,236,326RHPS0,,0,"1,584.00"
bethany,309,BethStud,,0,"3,054.00"
bethany,308,BethStud,,0,"3,054.00"
326rock,1207,326RHPS0,,0,"1,584.00"
326rock,401,326RHPS2,,2,"1,918.00"
alliance,63-2C,BA0@70%,,0,"1,488.00"
alliance,63-2D,BA1@80%,,1,"2,159.00"
alliance,63-4B,BA1@70%,,1,"1,868.00"
alliance,63-4D,BA1@40%,,1,994.00
alliance,272-1,BA2@70%,,2,"2,233.00"
bethany,109,Beth3Br,,3,0.00
326rock,306,326R1@60,,1,"1,660.00"
326rock,119,326RHPS0,,0,"1,584.00"
326rock,609,326R2@60,,2,"1,992.00"
326rock,421,326RHPS0,,0,"1,584.00"
326rock,210,326RHPS0,,0,"1,584.00"
326rock,103,326RHPS0,,0,"1,584.00"
326rock,801,326R2@50,,2,"1,642.00"
alliance,272-4,BA2@80%,,2,"2,583.00"
326rock,112,326R1@50,,1,"1,368.00"
326rock,909,326R2@60,,2,"1,992.00"
73linden,11,73l1b80,,1,805.59
73linden,2,73l1b80,,1,849.97
326rock,910,326RHPS0,,0,"1,584.00"
326rock,218,326RHPS1,,1,"1,663.00"
alliance,63-4A,BA2@70%,,2,"2,233.00"
111lind,111-4B,pbv2b40,,2,"2,899.00"
326rock,1409,326R1@50,,1,"1,368.00"
326rock,328,326R1@50,,1,"1,368.00"
326rock,1401,326R2@60,,2,"1,992.00"
326rock,608,326RHPS0,,0,"1,584.00"
326rock,305,326RHPS0,,0,"1,584.00"
326rock,232,326RHPS0,,0,"1,584.00"
326rock,433,326RHPS0,,0,"1,584.00"
plazanc2,2G,plaza01,,1,757.00
326rock,102,326RHPS0,,0,"1,584.00"
326rock,107,326RHPS0,,0,"1,584.00"
326rock,413,326RHPS0,,0,"1,584.00"
326rock,703,326R3@50,,3,"1,897.00"
326rock,317,326R1@50,,1,"1,368.00"
326rock,1302,326R1@50,,1,"1,368.00"
326rock,304,326RHPS0,,0,"1,584.00"
326rock,213,326RHPS0,,0,"1,584.00"
326rock,414,326RHPS0,,0,"1,584.00"
326rock,434,326RHPS0,,0,"1,584.00"
326rock,231,326RHPS0,,0,"1,584.00"
326rock,313,326RHPS0,,0,"1,584.00"
326rock,432,326RHPS0,,0,"1,584.00"
326rock,403,326RHPS0,,0,"1,584.00"
alliance,332-1,BA1@50%,,1,"1,285.00"
326rock,315,326RHPS0,,0,"1,584.00"
326rock,321,326RHPS0,,0,"1,584.00"
326rock,1106,326R2@50,,2,"1,642.00"
326rock,404,326RHPS0,,0,"1,584.00"
135mena,135-2R,0b60,,0,"1,547.00"
326rock,1102,326R1@50,,1,"1,368.00"
326rock,1208,326R1@60,,1,"1,660.00"
sumner,63-COM,commspc,,0,"12,305.58"
326rock,426,326R1@50,,1,"1,368.00"
plazanc2,6K,plaza01,,1,757.00
woodlawn,303,WD-303,,0,0.00
326rock,1308,326R1@60,,1,"1,660.00"
326rock,1006,326R1@50,,1,"1,368.00"
326rock,512,326R1@60,,1,"1,660.00"
326rock,435,326RHPS0,,0,"1,584.00"
326rock,416,326RHPS0,,0,"1,584.00"
326rock,222,326RHPS0,,0,"1,584.00"
326rock,216,326RHPS0,,0,"1,584.00"
326rock,329,326R1@60,,1,"1,660.00"
gtsplaza,3S,gtspla1b,,1,814.00
gtsgrd2,4L,gtsg1b,,1,961.00
326rock,410,326RHPS0,,0,"1,584.00"
326rock,308,326RHPS0,,0,"1,584.00"
326rock,1011,326R1@50,,1,"1,368.00"
326rock,219,326RHPS0,,0,"1,584.00"
326rock,314,326RHPS0,,0,"1,584.00"
326rock,208,326RHPS0,,0,"1,584.00"
326rock,436,326RHPS0,,0,"1,584.00"
326rock,901,326R2@50,,2,"1,642.00"
326rock,1009,326R2@50,,2,"1,642.00"
326rock,602,326R1@60,,1,"1,660.00"
326rock,711,326R1@60,,1,"1,660.00"
326rock,412,326R1@60,,1,"1,660.00"
alliance,332-4,BA2@70%,,2,"2,233.00"
326rock,503,326R3@60,,3,"2,301.00"
115lind,115-1D,PBV0b40,,0,"2,776.00"
326rock,206,326R1@50,,1,"1,368.00"
326rock,1010,326RHPS0,,0,"1,584.00"
326rock,1206,326R2@50,,2,"1,642.00"
326rock,709,326R2@60,,2,"1,992.00"
326rock,428,326R1@50,,1,"1,368.00"
326rock,1201,326R2@60,,2,"1,992.00"
326rock,118,326RHPS0,,0,"1,584.00"
326rock,802,326R1@60,,1,"1,660.00"
326rock,205,326RHPS0,,0,"1,584.00"
326rock,611,326R1@50,,1,"1,368.00"
326rock,506,326R1@50,,1,"1,368.00"
326rock,811,326R1@50,,1,"1,368.00"
326rock,810,326RHPS0,,0,"1,584.00"
326rock,212,326R1@50,,1,"1,368.00"
gdwnpl2,6R,gdwn0b,,0,"1,784.00"
326rock,911,326R1@50,,1,"1,368.00"
gdwnpl2,3C,gdwn1b,,1,"2,004.00"
326rock,902,326R1@60,,1,"1,660.00"
326rock,214,326RHPS0,,0,"1,584.00"
301harm,301-3R,2b60,,2,"1,969.00"
alliance,332-3,BA2@80%,,2,"2,583.00"
230moffa,230-3R,1bed60%,4/1/2018,1,"1,651.00"
115lind,115-1B,1bed50%,,1,"1,359.00"
326rock,224,326RHPS1,,1,"1,663.00"
cfbn2,2K,cfbc1b,,1,"2,005.00"
115lind,115-1C,PBV0b40,,0,"2,776.00"
115lind,115-1E,PBV0b40,,0,"2,776.00"
115lind,115-4D,pbv2b40,,2,"2,899.00"
160bleek,160-2R,1bed60%,,1,"2,569.00"
115lind,115-3B,PBV0b40,,0,"2,539.00"
326rock,334,326RHPS0,,0,"1,584.00"
326rock,912,326RHPS0,,0,"1,584.00"
326rock,320,326R1@50,,1,"1,368.00"
326rock,1408,326R1@60,,1,"1,660.00"
326rock,906,326R1@50,,1,"1,368.00"
115lind,115-4C,pbv2b40,,2,"2,899.00"
326rock,806,326R1@50,,1,"1,368.00"
alliance,63-4E,BA2@50%,,2,"1,534.00"
326rock,203,326RHPS0,,0,"1,584.00"
csk,3K,1brcsk,,1,"1,368.00"
gtsgrd2,3E,gtsg1b,,1,961.00
326rock,706,326R1@50,,1,"1,368.00"
moffat,2F,mg1balp,,1,971.00
115lind,115-2B,PBV0b40,,0,"2,776.00"
gdwnpl2,5H,gdwn0b,,0,"1,784.00"
gdwnpl2,4H,gdwn0b,,0,"1,784.00"
gdwnpl2,7C,gdwn1b,,1,"2,004.00"
326rock,1109,326R1@50,,1,"1,368.00"
alliance,272-3,BA2@40%,,2,"1,185.00"
326rock,1209,326R1@50,,1,"1,368.00"
111lind,111-2A,2bed50%,,2,501.32
326rock,1202,326R1@50,,1,"1,368.00"
115lind,115-1A,1bed50%,,1,"2,599.00"
115lind,115-2A,3bed60%,,3,"1,100.00"
115lind,115-2C,2b60,,2,484.50
115lind,115-2D,2bed50%,,2,484.50
115lind,115-3D,2b60,,2,486.00
115lind,115-4A,3bed50%,,3,484.50
326rock,702,326R1@60,,1,"1,660.00"
326rock,406,326R1@50,,1,"1,368.00"
115lind,115-4B,0b60,,0,"1,547.00"
326rock,1407,326RHPS0,,0,"1,584.00"
cfbn2,2C,cfbc1b,,1,"2,005.00"
alliance,272-2,BA2@50%,,2,"1,534.00"
301harm,301-2R,1bed50%,,1,"1,359.00"
gtsgrd2,2L,gtsg1b,,1,961.00
alliance,63-3E,BA2@80%,,2,"2,583.00"
160bleek,160-1L,1bed50%,,1,"2,635.00"
160bleek,160-3L,2b60,,2,"1,969.00"
alliance,332-2,BA2@40%,,2,"1,185.00"
alliance,63-3A,BA2@80%,3/28/2025,2,"2,583.00"
gdwnpl2,7J,gdwn0b,,0,"1,784.00"
baisley,1224,BPP2@60,,2,"1,493.00"
111lind,111-1B,1bed50%,,1,"1,114.06"
111lind,111-1D,1bed60%,,1,"1,336.87"
111lind,111-1C,2bed50%,,2,919.01
alliance,63-1D,BA1@70%,,1,"1,868.00"
baisley,428,BPP1@50,,1,980.00
baisley,928,BPP1@60,,1,"1,244.00"
baisley,528,BPP1@60,,1,"1,244.00"
troutev2,5C,trev1bed,,1,"1,005.00"
326rock,221,326RHPS0,,0,"1,584.00"
baisley,1009,BPPHMLS0,,0,"2,335.00"
baisley,915,BPPHMLS0,,0,"2,335.00"
baisley,1015,BPPHMLS0,,0,"2,335.00"
baisley,1021,BPPHMLS0,,0,"2,335.00"
baisley,1109,BPPHMLS0,,0,"2,335.00"
baisley,705,BPPHMLS0,,0,"2,335.00"
baisley,1121,BPPHMLS0,,0,"2,335.00"
baisley,709,BPPHMLS0,,0,"2,335.00"
baisley,907,BPPHMLS0,,0,"2,335.00"
baisley,1006,BPPHMLS0,,0,"2,335.00"
baisley,1226,BPPHMLS0,,0,"2,335.00"
baisley,1219,BPPHMLS0,,0,"2,335.00"
baisley,1112,BPPHMLS0,,0,"2,335.00"
baisley,1102,BPPHMLS1,,1,"2,387.00"
baisley,1118,BPPHMLS0,,0,"2,335.00"
baisley,1209,BPPHMLS0,,0,"2,335.00"
baisley,1126,BPPHMLS0,,0,"2,335.00"
baisley,1229,BPPHMLS0,,0,"2,335.00"
baisley,1206,BPPHMLS0,,0,"2,335.00"
baisley,1228,BPPHMLS1,,1,"1,244.00"
baisley,722,BPPHMLS0,,0,"2,335.00"
baisley,1022,BPPHMLS0,,0,"2,335.00"
baisley,1105,BPPHMLS0,,0,"2,335.00"
baisley,729,BPPHMLS0,,0,"2,335.00"
baisley,817,BPPHMLS0,,0,"2,335.00"
baisley,818,BPPHMLS0,,0,"2,335.00"
baisley,725,BPPHMLS1,,1,"2,387.00"
gtsplaza,5H,gtspla1b,,1,814.00
160bleek,160-2L,1bed50%,,1,"1,359.00"
baisley,715,BPPHMLS0,,0,"2,335.00"
baisley,1028,BPP1@60,,1,"2,387.00"
baisley,204,BPPHMLS0,,0,"2,335.00"
baisley,305,BPPHMLS0,,0,"2,335.00"
baisley,207,BPPHMLS0,,0,"2,335.00"
baisley,726,BPPHMLS0,,0,"2,335.00"
baisley,309,BPPHMLS0,,0,"2,335.00"
baisley,826,BPPHMLS0,,0,"2,335.00"
baisley,721,BPPHMLS0,,0,"2,335.00"
baisley,919,BPPHMLS0,,0,"2,335.00"
baisley,1220,BPP0@50,,0,784.00
gtsgrd2,4E,gtsg1b,5/15/2026,1,961.00
baisley,1025,BPP1@60,,1,"1,244.00"
gtsgrd2,5C,gtsg1b,,1,961.00
baisley,925,BPPHMLS1,,1,"2,387.00"
baisley,813,BPPHMLS0,,0,"2,335.00"
moffat,2I,mg1balp,,1,971.00
baisley,328,BPP1@60,,1,"1,244.00"
baisley,611,BPPHMLS0,,0,"2,335.00"
baisley,706,BPPHMLS0,,0,"2,335.00"
baisley,228,BPP1@60,,1,"1,244.00"
troutev2,2O,trev1bed,,1,"1,005.00"
gtsplaza,2K,gtspla1b,,1,814.00
baisley,903,BPP0@60,,0,996.00
baisley,712,BPPHMLS0,,0,"2,335.00"
baisley,313,BPPHMLS0,,0,"2,335.00"
baisley,1111,BPPHMLS0,,0,"2,335.00"
baisley,812,BPPHMLS0,,0,"2,335.00"
baisley,1212,BPPHMLS0,,0,"2,335.00"
baisley,819,BPPHMLS0,,0,"2,335.00"
baisley,811,BPPHMLS0,,0,"2,335.00"
baisley,912,BPPHMLS0,,0,"2,335.00"
baisley,507,BPPHMLS0,,0,"2,335.00"
baisley,606,BPPHMLS0,,0,"2,335.00"
baisley,609,BPPHMLS0,,0,"2,335.00"
baisley,329,BPPHMLS0,,0,"2,335.00"
baisley,319,BPPHMLS0,,0,"2,335.00"
csk,4D,1brcsk,,1,"1,368.00"
baisley,215,BPPHMLS0,,0,"2,335.00"
baisley,911,BPPHMLS0,,0,"2,335.00"
baisley,1101,BPPHMLS0,,0,"2,335.00"
baisley,521,BPPHMLS0,,0,"2,335.00"
baisley,1002,BPPHMLS1,,1,"2,387.00"
baisley,625,BPPHMLS1,,1,"2,387.00"
baisley,829,BPPHMLS0,,0,"2,335.00"
baisley,1010,BPP0@50,,0,784.00
baisley,225,BPPHMLS0,,0,"2,335.00"
baisley,617,BPPHMLS0,,0,"2,335.00"
baisley,511,BPPHMLS0,,0,"2,335.00"
baisley,626,BPPHMLS0,,0,"2,335.00"
baisley,905,BPPHMLS0,,0,"2,335.00"
baisley,227,BPPHMLS0,,0,"2,335.00"
baisley,315,BPPHMLS0,,0,"2,335.00"
baisley,702,BPPHMLS1,,1,"2,387.00"
baisley,517,BPPHMLS0,,0,"2,335.00"
baisley,1117,BPPHMLS0,,0,"2,335.00"
baisley,401,BPPHMLS0,,0,"2,335.00"
baisley,316,BPPHMLS0,,0,"2,335.00"
baisley,806,BPPHMLS0,,0,"2,335.00"
baisley,1115,BPPHMLS0,,0,"2,335.00"
baisley,902,BPPHMLS1,,1,"2,387.00"
baisley,217,BPPHMLS0,,0,"2,335.00"
baisley,501,BPPHMLS0,,0,"2,335.00"
baisley,906,BPPHMLS0,,0,"2,335.00"
baisley,218,BPPHMLS0,,0,"2,335.00"
baisley,1122,BPPHMLS0,,0,"2,335.00"
baisley,619,BPPHMLS0,,0,"2,335.00"
baisley,913,BPPHMLS0,,0,"2,335.00"
baisley,506,BPPHMLS0,,0,"2,335.00"
baisley,802,BPPHMLS1,,1,"2,387.00"
baisley,701,BPPHMLS0,,0,"2,335.00"
baisley,322,BPPHMLS0,,0,"2,335.00"
baisley,1003,BPP0@50,,0,784.00
baisley,1223,BPP0@60,,0,996.00
baisley,807,BPP0@60,,0,996.00
baisley,1027,BPP0@60,,0,996.00
baisley,308,BPP0@50,,0,784.00
baisley,916,BPP0@50,,0,784.00
alliance,63-1E,BAPBV230,,2,"2,587.00"
baisley,1125,BPPHMLS1,,1,"2,387.00"
baisley,513,BPPHMLS0,,0,"2,335.00"
baisley,1017,BPPHMLS0,,0,"2,335.00"
baisley,602,BPPHMLS1,,1,"2,387.00"
baisley,324,BPPHMLS2,,2,"2,696.00"
baisley,1202,BPP1@50,,1,980.00
baisley,1128,BPP1@60,,1,"1,244.00"
baisley,1214,BPP0@50,,0,784.00
baisley,1225,BPP1@60,,1,"1,244.00"
baisley,608,BPP0@50,,0,784.00
baisley,704,BPP0@60,,0,996.00
baisley,504,BPP0@60,,0,996.00
baisley,502,BPPHMLS1,,1,"2,387.00"
baisley,1204,BPP0@50,,0,784.00
baisley,326,BPPHMLS0,,0,"2,335.00"
alliance,63-1C,BAPBV040,,0,"2,261.00"
gdwnpl2,3A,gdwn0b,,0,"1,784.00"
baisley,728,BPP1@50,,1,980.00
alliance,63-1A,BAPBV130,,1,"2,794.00"
alliance,63-3D,BAPBV130,,1,"2,304.00"
alliance,63-1B,BAPBV040,,0,"2,670.00"
baisley,824,BPP2@60,,2,"1,493.00"
baisley,822,BPP0@50,,0,784.00
baisley,1024,BPP2@50,,2,"1,175.00"
baisley,622,BPP0@60,,0,996.00
baisley,603,BPP0@60,,0,996.00
1601dek,302,1dekal80,,1,"2,211.00"
1601dek,206,0dekal40,,0,788.00
1601dek,311,1dekal80,,1,"2,211.00"
1601dek,319,0dekal40,,0,788.00
1601dek,415,2dekaM40,,2,"1,178.00"
1601dek,914,1deka120,,1,"2,910.00"
baisley,505,BPPHMLS0,,0,"2,335.00"
baisley,516,BPP0@50,,0,784.00
baisley,820,BPP0@60,,0,996.00
baisley,727,BPP0@50,,0,784.00
baisley,910,BPP0@60,,0,996.00
baisley,323,BPP0@50,,0,784.00
baisley,927,BPP0@50,,0,784.00
baisley,503,BPP0@50,,0,784.00
baisley,1127,BPP0@60,,0,996.00
baisley,914,BPP0@60,,0,996.00
baisley,423,BPP0@60,,0,996.00
baisley,1110,BPP0@60,,0,996.00
baisley,1120,BPP0@60,,0,996.00
baisley,720,BPP0@60,,0,996.00
baisley,1116,BPP0@60,,0,996.00
baisley,509,BPPHMLS0,,0,"2,335.00"
baisley,815,BPPHMLS0,,0,"2,335.00"
baisley,515,BPPHMLS0,,0,"2,335.00"
baisley,1019,BPPHMLS0,,0,"2,335.00"
baisley,1001,BPPHMLS0,,0,"2,335.00"
baisley,612,BPPHMLS0,,0,"2,335.00"
baisley,823,BPP0@50,,0,784.00
baisley,404,BPP0@60,,0,996.00
baisley,1227,BPP0@60,,0,996.00
baisley,1004,BPP0@60,,0,996.00
baisley,325,BPPHMLS1,,1,"2,387.00"
baisley,1123,BPP0@50,,0,784.00
1601dek,202,1dekal80,,1,"2,211.00"
baisley,201,BPPHMLS0,,0,"2,335.00"
baisley,808,BPP0@60,,0,996.00
baisley,814,BPP0@60,,0,996.00
baisley,1007,BPP0@60,,0,996.00
baisley,909,BPPHMLS0,,0,"2,335.00"
baisley,1210,BPP0@60,,0,996.00
baisley,904,BPP0@60,,0,996.00
baisley,1216,BPP0@60,,0,996.00
wb203k,306-1B,1bds,,1,"1,706.47"
himrodtc,4B,hs2b60,,2,"1,317.82"
baisley,414,BPP0@60,,0,996.00
baisley,312,BPPHMLS0,,0,"2,335.00"
baisley,524,BPPHMLS2,,2,"2,696.00"
cfbn2,1A,cfbc0b,,0,"1,778.00"
baisley,418,BPPHMLS0,,0,"2,335.00"
baisley,1011,BPPHMLS0,,0,"2,335.00"
baisley,1026,BPPHMLS0,,0,"2,335.00"
wb203k,854-3A,2beddup,,2,"1,477.38"
cfbn2,2M,cfbc1b,,1,"2,005.00"
cfbn2,3M,cfbc1b,,1,"2,005.00"